supermarket_id;supplier_id;delivery_date;amount;name;opening_date;supplier_name;supplier_type;department_id;department_info
9;71;2029-01-06;843,59;SuperNorte;2022-10-26;Lacteos do Vale;dairy;23,0;congelados
327;294;2026-07-06;6448,32;SuperNorte;2023-06-01;Congelados Norte;frozen goods;94,0;padaria
481;261;2026-03-08;4000,0;FreshMart Gaia;2023-11-19;Lacteos do Vale;dairy;166,0;padaria
171;375;2035-09-29;515,43;SuperNorte;2025-12-02;Higiene Plus;cleaning products;13,0;padaria
7;825;2028-02-07;723,44;FreshMart Gaia;2023-07-14;Higiene Plus;cleaning products;;bebidas
221;185;2030-06-01;1482,53;Nova Compra;2022-05-20;Higiene Plus;cleaning products;;congelados
201;806;2031-12-14;991,73;SuperNorte;2024-04-10;Padaria Industrial;bakery supplies;;peixaria
180;224;2025-04-19;3574,18;BomPreco;2023-10-07;Congelados Norte;frozen goods;;laticinios
53;418;2026-01-21;2973,9;Nova Compra;2022-04-27;Peixe Fresco Iberico;seafood;;mercearia
380;496;2025-12-18;1156,68;Mercado Central;2022-09-25;Padaria Industrial;bakery supplies;;bebidas
338;253;2024-08-25;5590,88;Mercado Central;2023-02-16;Bebidas Lusas;beverages;;fruta e legumes
171;219;2030-07-12;3000,0;SuperNorte;2025-12-02;SnackHouse Distribuicao;snacks;13,0;padaria
117;451;2025-09-20;3871,91;SuperNorte;2025-08-17;Lacteos do Vale;dairy;;peixaria
225;701;2030-03-03;1198,47;SuperNorte;2025-06-18;Lacteos do Vale;dairy;97,0;higiene
405;593;2030-11-23;3729,99;SuperNorte;2023-01-07;Bebidas Lusas;beverages;22,0;padaria
124;689;2024-01-24;2153,75;Atlantico Market;2022-03-28;SnackHouse Distribuicao;snacks;;mercearia
196;464;2026-11-14;3154,71;Atlantico Market;2025-12-17;Congelados Norte;frozen goods;4,0;padaria
196;464;2031-06-14;6108,13;Atlantico Market;2025-12-17;Congelados Norte;frozen goods;159,0;bebidas
72;374;2026-11-05;5901,08;BomPreco;2021-04-11;Congelados Norte;frozen goods;;laticinios
436;917;2029-11-16;9423,54;Atlantico Market;2023-12-11;Carnes Selectas;meat;189,0;laticinios
269;456;2031-01-09;1434,78;Nova Compra;2023-10-19;Padaria Industrial;bakery supplies;;padaria
154;613;2032-06-13;4263,42;Atlantico Market;2025-10-16;Bebidas Lusas;beverages;184,0;padaria
70;121;2024-09-30;1613,49;Atlantico Market;2021-12-25;Lacteos do Vale;dairy;;fruta e legumes
114;44;2025-04-19;2403,03;BomPreco;2025-03-11;Congelados Norte;frozen goods;;peixaria
496;23;2025-11-03;4138,42;Atlantico Market;2025-03-17;Bebidas Lusas;beverages;;bebidas
496;447;2027-11-25;4502,68;Atlantico Market;2025-03-17;Carnes Selectas;meat;;bebidas
28;81;2023-04-16;1872,42;Atlantico Market;2023-02-26;Lacteos do Vale;dairy;;laticinios
121;297;2026-11-22;8945,98;FreshMart Gaia;2022-03-07;Carnes Selectas;meat;;mercearia
204;401;2022-11-06;3980,8;BomPreco;2021-04-02;Lacteos do Vale;dairy;;congelados
416;594;2024-07-26;2466,25;Mercado Central;2021-10-24;Congelados Norte;frozen goods;;peixaria
444;175;2029-01-18;1250,77;BomPreco;2025-11-27;Higiene Plus;cleaning products;164,0;peixaria
277;828;2028-01-28;5348,73;FreshMart Gaia;2026-02-03;Peixe Fresco Iberico;seafood;;congelados
201;247;2025-06-15;6222,1;SuperNorte;2024-04-10;Carnes Selectas;meat;;bebidas
73;249;2027-05-10;595,09;FreshMart Gaia;2025-01-05;SnackHouse Distribuicao;snacks;61,0;higiene
255;553;2027-05-27;1943,28;SuperNorte;2024-01-22;Bebidas Lusas;beverages;129,0;mercearia
103;20;2025-10-16;1754,73;FreshMart Gaia;2022-12-24;Casa Verde Horticolas;produce;;fruta e legumes
420;442;2024-05-15;2635,14;BomPreco;2021-05-15;Frutaria Atlantica;produce;;mercearia
18;782;2027-12-20;1913,75;BomPreco;2025-02-11;Frutaria Atlantica;produce;;congelados
267;126;2027-03-30;1352,8;SuperNorte;2025-12-26;Padaria Industrial;bakery supplies;;talho
28;309;2025-07-17;1803,2;Atlantico Market;2023-02-26;SnackHouse Distribuicao;snacks;;bebidas
458;189;2029-01-08;2930,3;Mercado Central;2024-04-06;SnackHouse Distribuicao;snacks;169,0;higiene
279;463;2022-12-09;7000,0;SuperNorte;2022-10-07;Bebidas Lusas;beverages;;fruta e legumes
216;574;2029-08-04;3053,86;BomPreco;2025-09-23;Congelados Norte;frozen goods;;higiene
248;236;2025-06-07;1488,31;Mercado Central;2025-02-23;Padaria Industrial;bakery supplies;8,0;fruta e legumes
61;326;2022-06-22;1256,91;FreshMart Gaia;2021-12-07;Padaria Industrial;bakery supplies;;higiene
414;458;2033-01-08;12000,0;BomPreco;2025-05-11;Peixe Fresco Iberico;seafood;;laticinios
160;261;2030-02-06;1501,47;Atlantico Market;2024-12-25;Lacteos do Vale;dairy;;fruta e legumes
163;202;2024-12-28;1755,33;FreshMart Gaia;2021-05-29;Frutaria Atlantica;produce;;peixaria
117;322;2030-07-07;1162,6;SuperNorte;2025-08-17;Frutaria Atlantica;produce;;higiene
199;152;2026-02-16;1194,07;FreshMart Gaia;2022-06-22;Frutaria Atlantica;produce;;higiene
168;982;2031-09-04;2200,51;BomPreco;2024-01-25;Frutaria Atlantica;produce;;mercearia
371;420;2027-10-05;2029,28;Nova Compra;2022-09-12;Casa Verde Horticolas;produce;;talho
367;183;2025-05-13;4784,63;FreshMart Gaia;2022-02-26;Bebidas Lusas;beverages;;congelados
405;266;2029-01-06;1263,5;SuperNorte;2023-01-07;Padaria Industrial;bakery supplies;22,0;padaria
498;640;2029-04-23;1663,87;BomPreco;2023-08-24;Casa Verde Horticolas;produce;;talho
220;662;2032-01-01;1658,71;Atlantico Market;2024-11-09;Frutaria Atlantica;produce;;padaria
39;612;2024-07-11;1195,22;SuperNorte;2022-08-08;Frutaria Atlantica;produce;;talho
249;153;2024-09-09;2735,29;SuperNorte;2023-09-28;Bebidas Lusas;beverages;27,0;laticinios
112;785;2025-09-07;1340,3;Atlantico Market;2022-05-22;Higiene Plus;cleaning products;40,0;padaria
361;378;2024-11-18;7102,63;FreshMart Gaia;2023-03-12;Peixe Fresco Iberico;seafood;;mercearia
54;778;2025-05-13;8950,03;BomPreco;2021-08-12;Peixe Fresco Iberico;seafood;;bebidas
93;998;2026-01-23;8548,79;SuperNorte;2023-02-02;Peixe Fresco Iberico;seafood;102,0;mercearia
498;245;2025-02-08;2500,0;BomPreco;2023-08-24;Higiene Plus;cleaning products;;fruta e legumes
238;851;2032-06-09;1387,85;Atlantico Market;2023-01-21;Lacteos do Vale;dairy;;peixaria
201;454;2027-12-21;3872,7;SuperNorte;2024-04-10;Congelados Norte;frozen goods;;congelados
222;798;2023-05-07;4364,11;BomPreco;2021-07-06;Peixe Fresco Iberico;seafood;;peixaria
357;926;2022-03-19;1776,74;SuperNorte;2021-05-17;Padaria Industrial;bakery supplies;;mercearia
376;344;2029-06-12;3429,8;Atlantico Market;2025-07-22;Congelados Norte;frozen goods;;congelados
77;482;2031-02-14;3111,01;Nova Compra;2023-01-26;Frutaria Atlantica;produce;;laticinios
265;16;2027-10-09;1800,0;FreshMart Gaia;2022-10-08;Padaria Industrial;bakery supplies;72,0;laticinios
265;16;2026-09-25;1204,48;FreshMart Gaia;2022-10-08;Padaria Industrial;bakery supplies;114,0;bebidas
55;986;2033-12-29;1140,97;FreshMart Gaia;2025-06-03;Padaria Industrial;bakery supplies;;laticinios
12;975;2025-09-04;1399,12;BomPreco;2024-07-15;Higiene Plus;cleaning products;;talho
107;357;2028-04-06;4681,89;Nova Compra;2025-07-14;Carnes Selectas;meat;141,0;bebidas
107;357;2030-12-17;4435,21;Nova Compra;2025-07-14;Carnes Selectas;meat;158,0;congelados
393;247;2031-08-06;5053,4;SuperNorte;2025-10-05;Carnes Selectas;meat;;congelados
454;50;2025-01-12;3500,0;Atlantico Market;2022-02-05;Casa Verde Horticolas;produce;;mercearia
45;566;2025-06-05;625,73;SuperNorte;2021-03-03;Padaria Industrial;bakery supplies;145,0;talho
17;39;2025-10-02;1809,14;Nova Compra;2021-06-10;SnackHouse Distribuicao;snacks;;bebidas
2;190;2025-04-04;2547,91;Mercado Central;2022-09-10;Casa Verde Horticolas;produce;167,0;congelados
234;912;2027-10-19;1627,78;BomPreco;2022-02-27;Frutaria Atlantica;produce;;higiene
350;518;2033-02-06;7838,44;Mercado Central;2025-07-14;Peixe Fresco Iberico;seafood;;fruta e legumes
53;55;2023-09-12;698,64;Nova Compra;2022-04-27;Higiene Plus;cleaning products;;bebidas
2;843;2024-03-02;6807,5;Mercado Central;2022-09-10;Bebidas Lusas;beverages;167,0;congelados
265;752;2025-07-12;3077,76;FreshMart Gaia;2022-10-08;Frutaria Atlantica;produce;72,0;laticinios
265;752;2024-12-07;1769,85;FreshMart Gaia;2022-10-08;Frutaria Atlantica;produce;114,0;bebidas
34;659;2025-04-14;1110,54;Atlantico Market;2021-09-25;SnackHouse Distribuicao;snacks;;bebidas
79;296;2029-07-05;1428,76;FreshMart Gaia;2023-10-18;Padaria Industrial;bakery supplies;2,0;peixaria
79;296;2028-10-31;596,51;FreshMart Gaia;2023-10-18;Padaria Industrial;bakery supplies;67,0;padaria
82;637;2023-05-19;3436,03;Atlantico Market;2023-01-31;Carnes Selectas;meat;54,0;laticinios
392;866;2032-11-07;976,16;Mercado Central;2023-08-21;Padaria Industrial;bakery supplies;;talho
71;933;2025-03-02;7000,0;Nova Compra;2024-03-23;Bebidas Lusas;beverages;136,0;talho
113;67;2023-05-17;7204,18;Nova Compra;2021-11-05;Carnes Selectas;meat;188,0;fruta e legumes
432;994;2026-03-06;3213,84;BomPreco;2025-09-23;Congelados Norte;frozen goods;;mercearia
99;306;2032-12-04;469,1;SuperNorte;2025-09-02;Padaria Industrial;bakery supplies;;fruta e legumes
225;652;2032-08-03;1884,89;SuperNorte;2025-06-18;Frutaria Atlantica;produce;97,0;higiene
322;109;2032-05-27;1847,65;Atlantico Market;2026-01-04;SnackHouse Distribuicao;snacks;34,0;higiene
285;436;2027-05-19;967,78;SuperNorte;2023-05-21;Padaria Industrial;bakery supplies;;mercearia
216;426;2032-08-18;1800,0;BomPreco;2025-09-23;Padaria Industrial;bakery supplies;;congelados
438;969;2028-10-20;1554,9;BomPreco;2022-04-17;SnackHouse Distribuicao;snacks;116,0;fruta e legumes
196;428;2028-11-30;2327,62;Atlantico Market;2025-12-17;Peixe Fresco Iberico;seafood;4,0;padaria
196;428;2030-01-21;5411,84;Atlantico Market;2025-12-17;Peixe Fresco Iberico;seafood;159,0;bebidas
207;166;2024-06-25;1227,02;SuperNorte;2022-08-16;Padaria Industrial;bakery supplies;;higiene
315;366;2028-08-11;1190,18;SuperNorte;2025-10-02;Padaria Industrial;bakery supplies;;congelados
263;634;2030-09-09;3971,36;Nova Compra;2022-05-13;Congelados Norte;frozen goods;47,0;peixaria
192;934;2031-12-24;3686,28;BomPreco;2023-05-20;Congelados Norte;frozen goods;80,0;fruta e legumes
302;193;2024-06-29;1524,89;Mercado Central;2023-08-01;Bebidas Lusas;beverages;;fruta e legumes
403;329;2025-12-06;1714,93;FreshMart Gaia;2021-04-09;SnackHouse Distribuicao;snacks;;mercearia
1;313;2027-06-04;3219,98;FreshMart Gaia;2023-11-13;Bebidas Lusas;beverages;;bebidas
412;635;2033-01-08;1538,21;Atlantico Market;2024-08-06;Higiene Plus;cleaning products;36,0;laticinios
469;771;2028-02-03;2681,96;FreshMart Gaia;2023-05-24;Lacteos do Vale;dairy;126,0;laticinios
187;447;2032-07-25;9439,28;FreshMart Gaia;2023-07-04;Carnes Selectas;meat;;talho
284;637;2024-06-29;3512,73;Mercado Central;2023-04-30;Carnes Selectas;meat;153,0;laticinios
30;55;2029-09-20;768,1;BomPreco;2025-01-06;Higiene Plus;cleaning products;29,0;peixaria
30;55;2026-10-25;1062,02;BomPreco;2025-01-06;Higiene Plus;cleaning products;199,0;talho
40;952;2028-11-03;1328,66;Atlantico Market;2022-08-09;Frutaria Atlantica;produce;111,0;mercearia
73;3;2033-12-31;2586,54;FreshMart Gaia;2025-01-05;Bebidas Lusas;beverages;61,0;higiene
235;127;2025-05-22;10000,0;FreshMart Gaia;2022-03-04;Carnes Selectas;meat;;padaria
52;559;2026-02-22;1763,96;Atlantico Market;2025-01-08;SnackHouse Distribuicao;snacks;;mercearia
50;828;2030-07-11;12000,0;Mercado Central;2025-02-27;Peixe Fresco Iberico;seafood;;fruta e legumes
390;155;2023-06-03;1373,1;BomPreco;2021-05-05;Higiene Plus;cleaning products;;padaria
490;659;2028-11-01;973,78;Atlantico Market;2023-10-13;SnackHouse Distribuicao;snacks;;fruta e legumes
403;258;2022-02-04;4518,24;FreshMart Gaia;2021-04-09;Peixe Fresco Iberico;seafood;;mercearia
416;323;2024-04-03;5946,25;Mercado Central;2021-10-24;Bebidas Lusas;beverages;;higiene
441;744;2027-01-17;2581,53;SuperNorte;2021-08-16;Congelados Norte;frozen goods;179,0;fruta e legumes
205;246;2029-05-13;1285,37;FreshMart Gaia;2026-01-02;Padaria Industrial;bakery supplies;;padaria
95;410;2022-11-21;1575,62;Nova Compra;2021-11-19;Casa Verde Horticolas;produce;;higiene
470;468;2024-08-23;4277,55;Mercado Central;2022-09-27;Peixe Fresco Iberico;seafood;84,0;mercearia
101;240;2031-02-24;3452,57;Nova Compra;2023-02-01;Casa Verde Horticolas;produce;;padaria
244;893;2032-06-02;2877,44;Atlantico Market;2023-01-21;Bebidas Lusas;beverages;133,0;higiene
244;893;2026-04-03;2584,03;Atlantico Market;2023-01-21;Bebidas Lusas;beverages;168,0;bebidas
34;680;2028-04-01;1785,47;Atlantico Market;2021-09-25;Casa Verde Horticolas;produce;;laticinios
118;488;2025-03-01;5171,15;Atlantico Market;2022-07-18;Peixe Fresco Iberico;seafood;;padaria
328;453;2025-10-25;7000,0;Atlantico Market;2024-05-28;Bebidas Lusas;beverages;;mercearia
28;853;2023-04-01;6043,1;Atlantico Market;2023-02-26;Bebidas Lusas;beverages;;congelados
286;861;2026-07-08;1648,15;Atlantico Market;2026-01-18;Lacteos do Vale;dairy;;congelados
252;101;2024-05-17;1735,97;BomPreco;2022-11-20;Lacteos do Vale;dairy;;padaria
370;357;2028-02-09;2176,35;Atlantico Market;2023-01-22;Carnes Selectas;meat;7,0;higiene
351;258;2022-11-18;6914,59;SuperNorte;2021-03-14;Peixe Fresco Iberico;seafood;;mercearia
118;300;2024-01-26;1321,82;Atlantico Market;2022-07-18;Casa Verde Horticolas;produce;;mercearia
336;425;2025-06-15;1430,55;BomPreco;2021-05-18;Higiene Plus;cleaning products;10,0;talho
280;581;2025-09-04;887,49;Atlantico Market;2025-05-05;Lacteos do Vale;dairy;115,0;higiene
476;84;2026-06-24;4248,54;Mercado Central;2023-03-11;Congelados Norte;frozen goods;;higiene
376;723;2026-01-16;7000,0;Atlantico Market;2025-07-22;Bebidas Lusas;beverages;;talho
217;255;2026-02-04;1408,91;FreshMart Gaia;2021-10-15;Higiene Plus;cleaning products;171,0;laticinios
136;894;2023-09-12;3034,38;Atlantico Market;2021-09-27;Congelados Norte;frozen goods;;fruta e legumes
481;292;2028-02-20;1833,04;FreshMart Gaia;2023-11-19;Frutaria Atlantica;produce;166,0;padaria
293;816;2028-07-01;971,5;Nova Compra;2024-07-22;Padaria Industrial;bakery supplies;;congelados
28;902;2028-02-27;3500,0;Atlantico Market;2023-02-26;Frutaria Atlantica;produce;;mercearia
338;742;2023-10-29;1592,66;Mercado Central;2023-02-16;Frutaria Atlantica;produce;;mercearia
322;73;2028-12-21;2182,07;Atlantico Market;2026-01-04;Bebidas Lusas;beverages;34,0;higiene
485;644;2029-11-18;4341,72;Nova Compra;2023-06-26;Congelados Norte;frozen goods;;padaria
236;908;2027-03-20;7097,85;Mercado Central;2024-07-03;Peixe Fresco Iberico;seafood;;laticinios
378;849;2021-09-17;2125,08;BomPreco;2021-04-27;SnackHouse Distribuicao;snacks;137,0;peixaria
247;475;2025-07-26;1931,98;FreshMart Gaia;2021-04-17;Higiene Plus;cleaning products;173,0;peixaria
10;488;2030-03-21;12000,0;Atlantico Market;2024-07-05;Peixe Fresco Iberico;seafood;;fruta e legumes
473;261;2025-03-10;1644,47;Nova Compra;2021-08-09;Lacteos do Vale;dairy;69,0;bebidas
322;912;2035-05-02;1358,31;Atlantico Market;2026-01-04;Frutaria Atlantica;produce;34,0;higiene
178;192;2030-05-14;803,18;Atlantico Market;2023-12-25;Frutaria Atlantica;produce;;padaria
409;570;2031-03-01;2491,61;FreshMart Gaia;2025-03-31;Casa Verde Horticolas;produce;;congelados
463;969;2028-01-24;1106,81;FreshMart Gaia;2025-03-11;SnackHouse Distribuicao;snacks;108,0;laticinios
215;435;2030-11-23;2053,91;Nova Compra;2022-05-12;Higiene Plus;cleaning products;;congelados
315;308;2035-01-27;5209,93;SuperNorte;2025-10-02;Peixe Fresco Iberico;seafood;;mercearia
196;174;2031-11-29;8000,0;Atlantico Market;2025-12-17;Congelados Norte;frozen goods;4,0;padaria
196;174;2026-05-17;2255,87;Atlantico Market;2025-12-17;Congelados Norte;frozen goods;159,0;bebidas
207;589;2026-01-18;2614,55;SuperNorte;2022-08-16;SnackHouse Distribuicao;snacks;;bebidas
95;923;2022-08-25;5632,11;Nova Compra;2021-11-19;Bebidas Lusas;beverages;;padaria
157;988;2025-06-16;8238,03;FreshMart Gaia;2024-10-04;Peixe Fresco Iberico;seafood;;congelados
281;840;2024-09-15;1118,98;Nova Compra;2024-07-19;Casa Verde Horticolas;produce;;peixaria
469;40;2025-01-30;2349,5;FreshMart Gaia;2023-05-24;Casa Verde Horticolas;produce;126,0;laticinios
167;478;2028-06-02;6881,91;Nova Compra;2024-08-25;Peixe Fresco Iberico;seafood;;talho
423;303;2031-03-03;1645,66;SuperNorte;2022-05-09;Bebidas Lusas;beverages;14,0;congelados
423;303;2031-04-24;7000,0;SuperNorte;2022-05-09;Bebidas Lusas;beverages;55,0;talho
458;700;2024-06-08;1583,54;Mercado Central;2024-04-06;Casa Verde Horticolas;produce;169,0;higiene
58;32;2027-04-28;3500,0;Atlantico Market;2023-08-09;Frutaria Atlantica;produce;;peixaria
407;105;2033-05-18;1333,77;Nova Compra;2024-05-16;Higiene Plus;cleaning products;;bebidas
463;47;2028-03-19;8401,8;FreshMart Gaia;2025-03-11;Carnes Selectas;meat;108,0;laticinios
376;299;2029-11-12;1120,74;Atlantico Market;2025-07-22;SnackHouse Distribuicao;snacks;;mercearia
309;877;2025-02-22;5947,05;SuperNorte;2024-03-19;Carnes Selectas;meat;;padaria
355;132;2031-10-01;1973,8;FreshMart Gaia;2025-09-12;Frutaria Atlantica;produce;60,0;bebidas
71;593;2033-09-19;3241,82;Nova Compra;2024-03-23;Bebidas Lusas;beverages;136,0;talho
247;294;2030-04-23;2908,0;FreshMart Gaia;2021-04-17;Congelados Norte;frozen goods;173,0;peixaria
290;176;2024-07-02;251,56;Mercado Central;2022-12-23;Padaria Industrial;bakery supplies;;higiene
210;488;2032-03-24;4442,47;BomPreco;2023-03-24;Peixe Fresco Iberico;seafood;;bebidas
37;886;2029-02-20;1370,57;FreshMart Gaia;2022-12-13;Padaria Industrial;bakery supplies;15,0;bebidas
486;356;2031-03-05;533,74;BomPreco;2022-02-26;Padaria Industrial;bakery supplies;;higiene
417;409;2026-01-12;966,68;SuperNorte;2023-07-19;SnackHouse Distribuicao;snacks;;mercearia
234;12;2023-03-21;969,96;BomPreco;2022-02-27;Frutaria Atlantica;produce;;higiene
443;583;2034-02-07;4119,6;Nova Compra;2025-05-20;Bebidas Lusas;beverages;;padaria
27;625;2025-02-17;919,82;SuperNorte;2022-08-07;Higiene Plus;cleaning products;42,0;bebidas
60;540;2025-07-20;3203,81;BomPreco;2021-08-03;Casa Verde Horticolas;produce;;mercearia
435;426;2027-05-17;1391,77;SuperNorte;2024-08-06;Padaria Industrial;bakery supplies;;congelados
466;554;2026-06-01;4705,21;Atlantico Market;2022-02-26;Congelados Norte;frozen goods;99,0;laticinios
439;958;2027-10-03;7452,72;FreshMart Gaia;2026-01-08;Peixe Fresco Iberico;seafood;;mercearia
416;124;2022-06-29;3050,45;Mercado Central;2021-10-24;Congelados Norte;frozen goods;;laticinios
33;362;2026-09-25;1312,55;SuperNorte;2024-06-15;Frutaria Atlantica;produce;;congelados
36;750;2024-04-19;2547,59;BomPreco;2021-03-31;Casa Verde Horticolas;produce;;peixaria
459;172;2029-03-30;2790,48;SuperNorte;2023-06-20;Frutaria Atlantica;produce;;talho
297;385;2024-12-20;1886,03;SuperNorte;2022-11-01;Higiene Plus;cleaning products;;congelados
491;261;2025-12-23;1739,69;Nova Compra;2024-07-19;Lacteos do Vale;dairy;;fruta e legumes
427;71;2025-07-02;1802,86;FreshMart Gaia;2023-12-18;Lacteos do Vale;dairy;;fruta e legumes
439;970;2026-06-29;1216,4;FreshMart Gaia;2026-01-08;Casa Verde Horticolas;produce;;laticinios
363;974;2035-04-03;6075,89;SuperNorte;2025-10-30;Congelados Norte;frozen goods;;padaria
211;613;2024-05-28;1551,31;FreshMart Gaia;2024-02-14;Bebidas Lusas;beverages;103,0;padaria
199;427;2023-12-05;2002,69;FreshMart Gaia;2022-06-22;Carnes Selectas;meat;;padaria
127;305;2025-07-02;557,81;FreshMart Gaia;2022-10-25;Higiene Plus;cleaning products;;bebidas
84;670;2023-05-23;705,38;BomPreco;2022-05-29;Casa Verde Horticolas;produce;;peixaria
109;109;2025-01-04;3000,0;FreshMart Gaia;2021-02-19;SnackHouse Distribuicao;snacks;;mercearia
423;150;2022-07-08;2635,96;SuperNorte;2022-05-09;Casa Verde Horticolas;produce;14,0;congelados
423;150;2022-07-08;1078,77;SuperNorte;2022-05-09;Casa Verde Horticolas;produce;55,0;talho
189;893;2024-09-26;3575,43;SuperNorte;2024-04-27;Bebidas Lusas;beverages;;padaria
259;385;2029-08-26;2500,0;FreshMart Gaia;2025-05-28;Higiene Plus;cleaning products;39,0;mercearia
259;385;2028-08-08;1722,1;FreshMart Gaia;2025-05-28;Higiene Plus;cleaning products;96,0;bebidas
464;556;2027-12-15;1800,0;Mercado Central;2022-08-25;Padaria Industrial;bakery supplies;;higiene
172;117;2029-05-08;5129,35;Atlantico Market;2025-06-28;Carnes Selectas;meat;;padaria
456;538;2029-05-24;4840,32;BomPreco;2025-06-07;Peixe Fresco Iberico;seafood;;congelados
363;721;2035-09-13;1321,77;SuperNorte;2025-10-30;Lacteos do Vale;dairy;;congelados
6;678;2033-05-28;6569,53;BomPreco;2026-02-05;Peixe Fresco Iberico;seafood;;talho
17;823;2023-05-04;5714,37;Nova Compra;2021-06-10;Bebidas Lusas;beverages;;congelados
409;29;2030-08-21;1725,27;FreshMart Gaia;2025-03-31;SnackHouse Distribuicao;snacks;;peixaria
267;722;2028-02-17;1574,59;SuperNorte;2025-12-26;Frutaria Atlantica;produce;;padaria
384;628;2033-08-18;11441,38;BomPreco;2024-10-07;Peixe Fresco Iberico;seafood;;bebidas
116;144;2029-06-26;5455,46;Mercado Central;2022-10-19;Congelados Norte;frozen goods;;higiene
282;398;2025-10-19;6176,52;BomPreco;2022-10-01;Peixe Fresco Iberico;seafood;31,0;padaria
282;398;2025-10-19;4603,59;BomPreco;2022-10-01;Peixe Fresco Iberico;seafood;142,0;higiene
105;201;2023-04-18;1917,4;SuperNorte;2022-01-11;Lacteos do Vale;dairy;;fruta e legumes
62;723;2025-04-08;4638,97;Mercado Central;2023-12-03;Bebidas Lusas;beverages;186,0;bebidas
208;635;2025-10-04;967,83;Atlantico Market;2024-12-15;Higiene Plus;cleaning products;176,0;congelados
481;449;2029-07-21;947,08;FreshMart Gaia;2023-11-19;SnackHouse Distribuicao;snacks;166,0;padaria
486;191;2022-09-02;1732,21;BomPreco;2022-02-26;Lacteos do Vale;dairy;;fruta e legumes
66;850;2024-03-06;1809,48;BomPreco;2022-09-19;Casa Verde Horticolas;produce;;peixaria
309;621;2033-02-02;3970,72;SuperNorte;2024-03-19;Lacteos do Vale;dairy;;laticinios
465;918;2025-04-16;3856,6;SuperNorte;2024-12-20;Peixe Fresco Iberico;seafood;;peixaria
88;1;2024-02-23;2380,96;Atlantico Market;2021-03-26;Lacteos do Vale;dairy;62,0;fruta e legumes
427;635;2030-11-28;1213,55;FreshMart Gaia;2023-12-18;Higiene Plus;cleaning products;;peixaria
12;776;2025-10-17;902,51;BomPreco;2024-07-15;Padaria Industrial;bakery supplies;;padaria
395;698;2027-05-06;12000,0;Nova Compra;2023-10-24;Peixe Fresco Iberico;seafood;;talho
65;710;2028-10-31;1918,86;Nova Compra;2024-07-21;Casa Verde Horticolas;produce;;peixaria
107;115;2029-12-24;911,52;Nova Compra;2025-07-14;Higiene Plus;cleaning products;141,0;bebidas
107;115;2034-07-03;2051,13;Nova Compra;2025-07-14;Higiene Plus;cleaning products;158,0;congelados
118;613;2023-10-15;5411,98;Atlantico Market;2022-07-18;Bebidas Lusas;beverages;;talho
61;393;2025-04-16;2389,85;FreshMart Gaia;2021-12-07;Bebidas Lusas;beverages;;higiene
65;876;2029-01-01;584,6;Nova Compra;2024-07-21;Padaria Industrial;bakery supplies;;peixaria
378;351;2024-12-11;2586,23;BomPreco;2021-04-27;Lacteos do Vale;dairy;137,0;peixaria
29;503;2025-11-16;3694,78;Nova Compra;2025-01-17;Bebidas Lusas;beverages;;fruta e legumes
328;803;2033-05-11;3034,34;Atlantico Market;2024-05-28;Bebidas Lusas;beverages;;higiene
143;45;2034-08-08;2211,76;Nova Compra;2025-12-20;Higiene Plus;cleaning products;128,0;peixaria
493;951;2034-08-07;1646,98;FreshMart Gaia;2025-06-26;Lacteos do Vale;dairy;;peixaria
264;659;2033-05-31;1994,67;BomPreco;2024-03-30;SnackHouse Distribuicao;snacks;;fruta e legumes
288;706;2032-06-05;1696,54;BomPreco;2025-10-31;Padaria Industrial;bakery supplies;;peixaria
207;14;2030-09-28;3691,4;SuperNorte;2022-08-16;Congelados Norte;frozen goods;;congelados
32;704;2033-04-08;1888,0;Mercado Central;2023-07-31;Congelados Norte;frozen goods;;higiene
248;11;2028-02-17;1793,35;Mercado Central;2025-02-23;Lacteos do Vale;dairy;8,0;fruta e legumes
307;67;2025-04-27;5880,12;FreshMart Gaia;2022-08-19;Carnes Selectas;meat;197,0;fruta e legumes
182;550;2031-01-01;2905,3;Mercado Central;2021-08-07;Casa Verde Horticolas;produce;85,0;padaria
169;332;2025-11-15;1463,25;FreshMart Gaia;2025-07-10;Frutaria Atlantica;produce;;mercearia
204;652;2021-05-07;3500,0;BomPreco;2021-04-02;Frutaria Atlantica;produce;;peixaria
78;798;2023-02-02;3623,11;BomPreco;2022-12-29;Peixe Fresco Iberico;seafood;46,0;talho
187;483;2025-06-07;4037,48;FreshMart Gaia;2023-07-04;Bebidas Lusas;beverages;;laticinios
394;103;2023-10-05;3367,37;Atlantico Market;2023-07-15;Bebidas Lusas;beverages;;mercearia
171;723;2034-08-07;6875,38;SuperNorte;2025-12-02;Bebidas Lusas;beverages;13,0;padaria
432;821;2026-03-12;1107,75;BomPreco;2025-09-23;Lacteos do Vale;dairy;;bebidas
220;263;2026-04-16;4541,65;Atlantico Market;2024-11-09;Bebidas Lusas;beverages;;bebidas
333;407;2025-09-22;4837,97;SuperNorte;2021-06-28;Carnes Selectas;meat;;fruta e legumes
93;510;2023-12-27;3500,0;SuperNorte;2023-02-02;Casa Verde Horticolas;produce;102,0;mercearia
308;808;2027-05-13;4476,99;Mercado Central;2022-07-13;Peixe Fresco Iberico;seafood;;congelados
496;196;2033-09-03;1205,5;Atlantico Market;2025-03-17;Padaria Industrial;bakery supplies;;mercearia
137;967;2024-11-10;3703,26;Nova Compra;2021-03-16;Carnes Selectas;meat;150,0;bebidas
279;664;2026-01-20;4679,74;SuperNorte;2022-10-07;Congelados Norte;frozen goods;;mercearia
143;921;2029-08-01;1820,76;Nova Compra;2025-12-20;Lacteos do Vale;dairy;128,0;peixaria
1;945;2026-02-12;1156,16;FreshMart Gaia;2023-11-13;Higiene Plus;cleaning products;;fruta e legumes
413;844;2030-12-19;1758,16;Nova Compra;2025-04-04;Congelados Norte;frozen goods;79,0;higiene
413;844;2034-11-19;5181,93;Nova Compra;2025-04-04;Congelados Norte;frozen goods;81,0;laticinios
220;145;2029-04-24;844,89;Atlantico Market;2024-11-09;Higiene Plus;cleaning products;;padaria
239;638;2025-12-21;3932,58;Nova Compra;2022-04-05;Peixe Fresco Iberico;seafood;120,0;mercearia
295;602;2032-12-27;918,8;FreshMart Gaia;2024-02-12;Frutaria Atlantica;produce;;fruta e legumes
19;957;2025-01-10;3357,43;FreshMart Gaia;2023-01-09;Carnes Selectas;meat;160,0;higiene
422;38;2021-12-28;8141,86;Mercado Central;2021-05-10;Peixe Fresco Iberico;seafood;;fruta e legumes
81;799;2028-04-15;2021,43;SuperNorte;2024-04-22;SnackHouse Distribuicao;snacks;130,0;padaria
361;791;2032-10-22;2898,34;FreshMart Gaia;2023-03-12;Lacteos do Vale;dairy;;bebidas
113;170;2029-11-05;1165,38;Nova Compra;2021-11-05;Casa Verde Horticolas;produce;188,0;fruta e legumes
424;907;2031-01-01;5947,97;Atlantico Market;2025-08-18;Carnes Selectas;meat;;laticinios
456;651;2025-07-26;1629,94;BomPreco;2025-06-07;Lacteos do Vale;dairy;;fruta e legumes
309;486;2025-08-30;1536,69;SuperNorte;2024-03-19;Padaria Industrial;bakery supplies;;higiene
47;375;2027-07-07;1665,56;Nova Compra;2025-02-04;Higiene Plus;cleaning products;86,0;congelados
5;50;2034-11-17;1376,79;Nova Compra;2026-02-01;Casa Verde Horticolas;produce;;fruta e legumes
479;558;2028-07-31;10381,87;Nova Compra;2025-03-24;Peixe Fresco Iberico;seafood;18,0;laticinios
460;82;2025-06-27;2324,47;Atlantico Market;2024-04-23;Frutaria Atlantica;produce;;higiene
373;799;2023-03-12;883,93;FreshMart Gaia;2022-06-04;SnackHouse Distribuicao;snacks;;peixaria
334;738;2029-03-23;3063,68;Atlantico Market;2024-10-12;Peixe Fresco Iberico;seafood;127,0;talho
19;869;2025-06-12;899,71;FreshMart Gaia;2023-01-09;SnackHouse Distribuicao;snacks;160,0;higiene
132;668;2024-01-03;12000,0;BomPreco;2022-11-23;Peixe Fresco Iberico;seafood;76,0;padaria
139;856;2025-06-27;633,21;FreshMart Gaia;2023-09-26;Padaria Industrial;bakery supplies;148,0;padaria
181;182;2022-06-16;3500,0;FreshMart Gaia;2021-08-25;Frutaria Atlantica;produce;113,0;congelados
92;92;2031-09-26;1144,41;Mercado Central;2024-11-30;Frutaria Atlantica;produce;37,0;talho
310;231;2025-04-24;1267,73;Atlantico Market;2022-09-29;Lacteos do Vale;dairy;;mercearia
179;772;2033-04-29;2748,8;Nova Compra;2024-10-24;Frutaria Atlantica;produce;;peixaria
215;496;2030-09-09;1516,62;Nova Compra;2022-05-12;Padaria Industrial;bakery supplies;;fruta e legumes
233;729;2030-08-18;2118,9;Nova Compra;2023-12-13;SnackHouse Distribuicao;snacks;;congelados
473;301;2023-02-01;2914,56;Nova Compra;2021-08-09;Lacteos do Vale;dairy;69,0;bebidas
339;471;2029-07-01;1498,91;SuperNorte;2022-10-13;Lacteos do Vale;dairy;155,0;peixaria
419;847;2031-04-04;7855,79;Nova Compra;2026-02-16;Carnes Selectas;meat;74,0;peixaria
4;998;2028-04-03;7241,3;Atlantico Market;2024-06-23;Peixe Fresco Iberico;seafood;;laticinios
433;433;2030-01-16;3181,59;FreshMart Gaia;2024-07-23;Bebidas Lusas;beverages;28,0;talho
99;783;2026-07-06;3913,12;SuperNorte;2025-09-02;Bebidas Lusas;beverages;;congelados
37;516;2023-11-21;1611,7;FreshMart Gaia;2022-12-13;Padaria Industrial;bakery supplies;15,0;bebidas
218;270;2034-07-18;2206,74;Mercado Central;2025-07-13;Casa Verde Horticolas;produce;;laticinios
82;228;2026-01-06;2461,55;Atlantico Market;2023-01-31;Peixe Fresco Iberico;seafood;54,0;laticinios
415;537;2025-07-01;8064,34;FreshMart Gaia;2024-03-20;Carnes Selectas;meat;;bebidas
472;513;2024-05-20;5410,51;Atlantico Market;2022-12-04;Bebidas Lusas;beverages;154,0;talho
230;899;2029-12-29;1391,24;Mercado Central;2025-02-06;SnackHouse Distribuicao;snacks;;mercearia
384;590;2025-10-18;1949,79;BomPreco;2024-10-07;Casa Verde Horticolas;produce;;laticinios
436;719;2024-03-28;1735,87;Atlantico Market;2023-12-11;SnackHouse Distribuicao;snacks;189,0;laticinios
140;697;2032-07-19;2215,86;Mercado Central;2022-07-22;Carnes Selectas;meat;;congelados
215;520;2024-08-14;1544,09;Nova Compra;2022-05-12;Casa Verde Horticolas;produce;;laticinios
53;48;2024-08-02;5520,47;Nova Compra;2022-04-27;Peixe Fresco Iberico;seafood;;higiene
15;60;2025-01-28;1722,47;SuperNorte;2024-07-30;Casa Verde Horticolas;produce;;laticinios
471;601;2030-03-24;1696,96;SuperNorte;2024-09-26;Lacteos do Vale;dairy;119,0;peixaria
59;676;2026-05-25;1347,54;Nova Compra;2024-05-26;Padaria Industrial;bakery supplies;;bebidas
131;799;2023-11-07;1146,45;Nova Compra;2022-05-27;SnackHouse Distribuicao;snacks;152,0;fruta e legumes
231;726;2027-03-27;1506,12;SuperNorte;2025-05-07;Padaria Industrial;bakery supplies;;higiene
110;369;2024-09-12;2176,81;Mercado Central;2024-05-11;SnackHouse Distribuicao;snacks;;peixaria
301;95;2022-04-20;2500,0;FreshMart Gaia;2021-11-05;Higiene Plus;cleaning products;20,0;peixaria
301;95;2022-04-20;2500,0;FreshMart Gaia;2021-11-05;Higiene Plus;cleaning products;147,0;mercearia
292;134;2028-02-20;8000,0;Atlantico Market;2023-07-16;Congelados Norte;frozen goods;17,0;fruta e legumes
401;539;2032-06-26;967,78;Nova Compra;2025-07-23;SnackHouse Distribuicao;snacks;;mercearia
53;345;2024-10-19;1605,34;Nova Compra;2022-04-27;Higiene Plus;cleaning products;;talho
246;312;2026-01-18;1339,35;BomPreco;2021-03-04;Frutaria Atlantica;produce;161,0;fruta e legumes
246;312;2026-01-18;3500,0;BomPreco;2021-03-04;Frutaria Atlantica;produce;191,0;peixaria
29;719;2032-06-20;2175,17;Nova Compra;2025-01-17;SnackHouse Distribuicao;snacks;;peixaria
484;887;2033-07-28;10000,0;Atlantico Market;2024-03-22;Carnes Selectas;meat;;talho
278;129;2025-10-09;2007,1;Mercado Central;2021-03-28;SnackHouse Distribuicao;snacks;;higiene
269;237;2032-11-05;1649,46;Nova Compra;2023-10-19;Carnes Selectas;meat;;bebidas
407;265;2026-04-22;966,43;Nova Compra;2024-05-16;Higiene Plus;cleaning products;;bebidas
19;85;2023-09-17;1009,99;FreshMart Gaia;2023-01-09;Higiene Plus;cleaning products;160,0;higiene
306;9;2030-09-22;1384,33;BomPreco;2025-04-13;SnackHouse Distribuicao;snacks;;fruta e legumes
348;106;2024-11-02;1175,63;BomPreco;2024-01-26;Padaria Industrial;bakery supplies;;talho
54;378;2025-05-20;8144,98;BomPreco;2021-08-12;Peixe Fresco Iberico;seafood;;talho
192;619;2025-07-26;505,84;BomPreco;2023-05-20;SnackHouse Distribuicao;snacks;80,0;fruta e legumes
46;124;2023-08-28;3865,15;Atlantico Market;2023-02-06;Congelados Norte;frozen goods;;peixaria
281;460;2026-09-27;1486,67;Nova Compra;2024-07-19;Casa Verde Horticolas;produce;;bebidas
31;989;2030-12-11;3000,0;FreshMart Gaia;2023-08-26;SnackHouse Distribuicao;snacks;;bebidas
313;528;2025-08-29;8485,1;FreshMart Gaia;2023-03-30;Peixe Fresco Iberico;seafood;109,0;talho
376;205;2031-02-04;1266,26;Atlantico Market;2025-07-22;Higiene Plus;cleaning products;;congelados
48;962;2023-05-06;2045,91;BomPreco;2022-10-06;Frutaria Atlantica;produce;;fruta e legumes
157;496;2026-11-06;468,06;FreshMart Gaia;2024-10-04;Padaria Industrial;bakery supplies;;congelados
109;195;2022-03-03;1851,62;FreshMart Gaia;2021-02-19;Higiene Plus;cleaning products;;peixaria
360;739;2023-11-02;1380,97;BomPreco;2023-03-19;SnackHouse Distribuicao;snacks;200,0;peixaria
244;482;2032-02-05;1286,42;Atlantico Market;2023-01-21;Frutaria Atlantica;produce;133,0;higiene
244;482;2026-07-19;3342,07;Atlantico Market;2023-01-21;Frutaria Atlantica;produce;168,0;bebidas
406;133;2025-01-31;4241,29;Atlantico Market;2022-12-02;Bebidas Lusas;beverages;93,0;mercearia
59;768;2031-09-29;4818,0;Nova Compra;2024-05-26;Peixe Fresco Iberico;seafood;;bebidas
230;723;2025-04-18;2857,02;Mercado Central;2025-02-06;Bebidas Lusas;beverages;;padaria
355;120;2030-02-01;2181,13;FreshMart Gaia;2025-09-12;Casa Verde Horticolas;produce;60,0;bebidas
186;379;2023-05-29;1878,46;BomPreco;2021-08-09;SnackHouse Distribuicao;snacks;;padaria
199;842;2029-05-03;1874,66;FreshMart Gaia;2022-06-22;Frutaria Atlantica;produce;;padaria
166;89;2034-02-01;960,08;Atlantico Market;2024-12-15;SnackHouse Distribuicao;snacks;192,0;mercearia
30;88;2025-06-05;4042,42;BomPreco;2025-01-06;Peixe Fresco Iberico;seafood;29,0;peixaria
30;88;2027-12-29;4641,61;BomPreco;2025-01-06;Peixe Fresco Iberico;seafood;199,0;talho
79;659;2024-03-25;1510,6;FreshMart Gaia;2023-10-18;SnackHouse Distribuicao;snacks;2,0;peixaria
79;659;2033-04-28;1619,61;FreshMart Gaia;2023-10-18;SnackHouse Distribuicao;snacks;67,0;padaria
369;354;2028-07-17;4001,34;SuperNorte;2024-02-08;Congelados Norte;frozen goods;;mercearia
81;980;2025-03-09;1757,29;SuperNorte;2024-04-22;Casa Verde Horticolas;produce;130,0;padaria
353;450;2024-08-16;3500,0;Nova Compra;2021-02-20;Casa Verde Horticolas;produce;;mercearia
56;620;2031-02-05;2711,08;Mercado Central;2023-09-26;Casa Verde Horticolas;produce;78,0;bebidas
56;620;2032-08-05;3157,82;Mercado Central;2023-09-26;Casa Verde Horticolas;produce;134,0;fruta e legumes
455;783;2025-03-05;4621,29;Nova Compra;2024-05-14;Bebidas Lusas;beverages;;mercearia
7;975;2031-08-22;1420,54;FreshMart Gaia;2023-07-14;Higiene Plus;cleaning products;;laticinios
90;224;2024-10-11;5171,16;BomPreco;2023-09-21;Congelados Norte;frozen goods;9,0;laticinios
244;252;2024-03-24;2047,88;Atlantico Market;2023-01-21;Frutaria Atlantica;produce;133,0;higiene
244;252;2024-03-24;2661,2;Atlantico Market;2023-01-21;Frutaria Atlantica;produce;168,0;bebidas
151;795;2032-11-03;886,6;FreshMart Gaia;2024-04-02;Higiene Plus;cleaning products;;fruta e legumes
77;4;2024-05-17;5958,1;Nova Compra;2023-01-26;Congelados Norte;frozen goods;;padaria
284;841;2025-03-28;2317,86;Mercado Central;2023-04-30;Lacteos do Vale;dairy;153,0;laticinios
166;501;2031-02-07;953,4;Atlantico Market;2024-12-15;Lacteos do Vale;dairy;192,0;mercearia
78;933;2029-03-30;3897,48;BomPreco;2022-12-29;Bebidas Lusas;beverages;46,0;talho
250;647;2034-10-29;2999,97;Atlantico Market;2025-01-13;Carnes Selectas;meat;;laticinios
161;475;2023-10-11;1080,8;Nova Compra;2021-02-26;Higiene Plus;cleaning products;;peixaria
108;565;2023-02-03;1279,95;BomPreco;2021-06-26;Higiene Plus;cleaning products;;peixaria
139;907;2024-04-21;2740,67;FreshMart Gaia;2023-09-26;Carnes Selectas;meat;148,0;padaria
196;488;2028-03-19;6344,69;Atlantico Market;2025-12-17;Peixe Fresco Iberico;seafood;4,0;padaria
196;488;2031-11-08;6703,39;Atlantico Market;2025-12-17;Peixe Fresco Iberico;seafood;159,0;bebidas
401;811;2034-04-18;3019,98;Nova Compra;2025-07-23;Lacteos do Vale;dairy;;laticinios
404;193;2024-12-19;3057,39;Mercado Central;2024-09-04;Bebidas Lusas;beverages;;congelados
36;258;2025-11-14;7354,53;BomPreco;2021-03-31;Peixe Fresco Iberico;seafood;;mercearia
197;253;2025-05-10;3592,4;Nova Compra;2023-07-18;Bebidas Lusas;beverages;;fruta e legumes
73;908;2029-07-27;5384,8;FreshMart Gaia;2025-01-05;Peixe Fresco Iberico;seafood;61,0;higiene
295;110;2033-06-30;872,34;FreshMart Gaia;2024-02-12;Casa Verde Horticolas;produce;;laticinios
438;143;2022-11-08;3566,33;BomPreco;2022-04-17;Bebidas Lusas;beverages;116,0;fruta e legumes
30;780;2034-04-02;2586,27;BomPreco;2025-01-06;Casa Verde Horticolas;produce;29,0;peixaria
30;780;2030-11-28;1215,33;BomPreco;2025-01-06;Casa Verde Horticolas;produce;199,0;talho
491;894;2025-09-21;3898,58;Nova Compra;2024-07-19;Congelados Norte;frozen goods;;peixaria
463;516;2025-09-06;968,78;FreshMart Gaia;2025-03-11;Padaria Industrial;bakery supplies;108,0;laticinios
380;573;2023-03-10;6158,63;Mercado Central;2022-09-25;Bebidas Lusas;beverages;;bebidas
146;737;2023-10-01;5473,66;Mercado Central;2022-01-30;Carnes Selectas;meat;;mercearia
485;642;2031-09-07;2106,07;Nova Compra;2023-06-26;Frutaria Atlantica;produce;;peixaria
2;243;2029-02-03;3735,42;Mercado Central;2022-09-10;Bebidas Lusas;beverages;167,0;congelados
342;574;2022-09-16;3445,53;BomPreco;2021-05-14;Congelados Norte;frozen goods;196,0;higiene
129;809;2025-08-22;990,31;SuperNorte;2021-08-18;SnackHouse Distribuicao;snacks;;congelados
217;439;2021-12-11;1451,35;FreshMart Gaia;2021-10-15;SnackHouse Distribuicao;snacks;171,0;laticinios
301;67;2023-05-12;6445,68;FreshMart Gaia;2021-11-05;Carnes Selectas;meat;20,0;peixaria
301;67;2023-05-12;5707,51;FreshMart Gaia;2021-11-05;Carnes Selectas;meat;147,0;mercearia
432;153;2034-10-19;7000,0;BomPreco;2025-09-23;Bebidas Lusas;beverages;;peixaria
158;872;2025-08-14;2831,54;Mercado Central;2025-02-09;Frutaria Atlantica;produce;;congelados
116;41;2028-02-11;3757,37;Mercado Central;2022-10-19;Lacteos do Vale;dairy;;higiene
330;839;2032-06-28;661,17;BomPreco;2025-02-18;SnackHouse Distribuicao;snacks;;congelados
350;126;2027-10-19;1800,0;Mercado Central;2025-07-14;Padaria Industrial;bakery supplies;;peixaria
361;425;2025-05-31;1550,41;FreshMart Gaia;2023-03-12;Higiene Plus;cleaning products;;congelados
319;988;2033-02-16;7813,23;FreshMart Gaia;2025-11-02;Peixe Fresco Iberico;seafood;;fruta e legumes
451;949;2024-09-06;2469,43;FreshMart Gaia;2022-01-11;SnackHouse Distribuicao;snacks;63,0;laticinios
344;776;2031-04-10;1009,64;Mercado Central;2021-06-15;Padaria Industrial;bakery supplies;;congelados
498;234;2024-10-09;2656,33;BomPreco;2023-08-24;Congelados Norte;frozen goods;;higiene
227;383;2024-06-17;7000,0;Nova Compra;2022-03-15;Bebidas Lusas;beverages;;mercearia
280;432;2029-09-18;1309,29;Atlantico Market;2025-05-05;Frutaria Atlantica;produce;115,0;higiene
354;693;2026-02-12;2406,52;BomPreco;2025-11-02;Bebidas Lusas;beverages;;laticinios
290;635;2023-08-25;1237,41;Mercado Central;2022-12-23;Higiene Plus;cleaning products;;congelados
17;926;2025-02-23;840,55;Nova Compra;2021-06-10;Padaria Industrial;bakery supplies;;fruta e legumes
441;145;2024-05-15;1377,36;SuperNorte;2021-08-16;Higiene Plus;cleaning products;179,0;fruta e legumes
2;913;2023-02-06;3587,88;Mercado Central;2022-09-10;Bebidas Lusas;beverages;167,0;congelados
329;597;2025-07-23;9900,72;Nova Compra;2023-01-15;Carnes Selectas;meat;198,0;laticinios
338;766;2024-06-10;1229,61;Mercado Central;2023-02-16;Padaria Industrial;bakery supplies;;peixaria
489;203;2025-12-19;2549,12;SuperNorte;2023-09-27;Bebidas Lusas;beverages;;laticinios
231;728;2026-06-04;4700,06;SuperNorte;2025-05-07;Peixe Fresco Iberico;seafood;;laticinios
343;251;2025-04-19;1805,4;FreshMart Gaia;2021-12-03;Lacteos do Vale;dairy;146,0;peixaria
446;446;2028-08-12;841,23;Mercado Central;2022-09-29;Padaria Industrial;bakery supplies;187,0;higiene
482;288;2024-07-04;5156,03;Mercado Central;2023-10-18;Peixe Fresco Iberico;seafood;156,0;mercearia
330;282;2026-04-06;1126,82;BomPreco;2025-02-18;Frutaria Atlantica;produce;;laticinios
305;400;2024-05-17;2108,27;Nova Compra;2023-08-27;Casa Verde Horticolas;produce;;peixaria
183;423;2028-12-10;3054,86;SuperNorte;2022-11-01;Bebidas Lusas;beverages;178,0;higiene
133;992;2032-02-25;1205,48;FreshMart Gaia;2023-08-18;Frutaria Atlantica;produce;26,0;fruta e legumes
69;644;2022-08-09;5349,91;SuperNorte;2021-06-05;Congelados Norte;frozen goods;;peixaria
236;714;2027-06-28;6297,39;Mercado Central;2024-07-03;Congelados Norte;frozen goods;;mercearia
240;863;2023-05-20;3357,58;BomPreco;2023-03-19;Bebidas Lusas;beverages;106,0;higiene
255;764;2024-11-14;8000,0;SuperNorte;2024-01-22;Congelados Norte;frozen goods;129,0;mercearia
361;855;2024-06-12;2500,0;FreshMart Gaia;2023-03-12;Higiene Plus;cleaning products;;mercearia
375;380;2028-02-06;2313,56;SuperNorte;2024-05-11;Casa Verde Horticolas;produce;123,0;bebidas
361;207;2023-04-22;4372,93;FreshMart Gaia;2023-03-12;Carnes Selectas;meat;;peixaria
340;374;2028-07-10;4853,23;Atlantico Market;2022-05-12;Congelados Norte;frozen goods;68,0;congelados
340;374;2031-06-20;2478,41;Atlantico Market;2022-05-12;Congelados Norte;frozen goods;151,0;higiene
67;850;2029-12-28;1249,63;FreshMart Gaia;2023-11-18;Casa Verde Horticolas;produce;;higiene
451;786;2023-09-15;468,97;FreshMart Gaia;2022-01-11;Padaria Industrial;bakery supplies;63,0;laticinios
2;770;2030-09-11;1394,28;Mercado Central;2022-09-10;Casa Verde Horticolas;produce;167,0;congelados
225;115;2026-12-18;789,64;SuperNorte;2025-06-18;Higiene Plus;cleaning products;97,0;higiene
169;366;2028-05-06;1324,22;FreshMart Gaia;2025-07-10;Padaria Industrial;bakery supplies;;fruta e legumes
189;185;2025-04-23;981,51;SuperNorte;2024-04-27;Higiene Plus;cleaning products;;congelados
361;66;2024-03-30;1132,56;FreshMart Gaia;2023-03-12;Padaria Industrial;bakery supplies;;bebidas
2;342;2022-12-08;2590,22;Mercado Central;2022-09-10;Frutaria Atlantica;produce;167,0;congelados
457;319;2023-02-26;2795,13;FreshMart Gaia;2022-06-06;SnackHouse Distribuicao;snacks;107,0;fruta e legumes
499;597;2024-09-27;4605,99;FreshMart Gaia;2023-08-29;Carnes Selectas;meat;;higiene
137;84;2024-06-08;4945,12;Nova Compra;2021-03-16;Congelados Norte;frozen goods;150,0;bebidas
345;379;2028-10-04;1924,95;SuperNorte;2025-10-09;SnackHouse Distribuicao;snacks;;talho
234;248;2025-10-13;11521,83;BomPreco;2022-02-27;Peixe Fresco Iberico;seafood;;mercearia
22;613;2031-08-02;5335,36;Atlantico Market;2026-02-12;Bebidas Lusas;beverages;;talho
200;109;2026-01-25;2966,2;Mercado Central;2025-03-04;SnackHouse Distribuicao;snacks;;higiene
255;624;2027-08-11;2033,02;SuperNorte;2024-01-22;Congelados Norte;frozen goods;129,0;mercearia
1;679;2023-11-16;1223,67;FreshMart Gaia;2023-11-13;SnackHouse Distribuicao;snacks;;fruta e legumes
285;240;2025-06-26;2943,22;SuperNorte;2023-05-21;Casa Verde Horticolas;produce;;fruta e legumes
479;808;2031-04-02;8441,15;Nova Compra;2025-03-24;Peixe Fresco Iberico;seafood;18,0;laticinios
17;678;2022-09-29;6144,34;Nova Compra;2021-06-10;Peixe Fresco Iberico;seafood;;higiene
192;140;2027-08-12;1494,61;BomPreco;2023-05-20;Casa Verde Horticolas;produce;80,0;fruta e legumes
250;698;2025-07-19;9269,32;Atlantico Market;2025-01-13;Peixe Fresco Iberico;seafood;;mercearia
178;835;2030-06-26;564,19;Atlantico Market;2023-12-25;Higiene Plus;cleaning products;;laticinios
208;378;2025-09-29;9283,96;Atlantico Market;2024-12-15;Peixe Fresco Iberico;seafood;176,0;congelados
33;756;2032-03-20;1041,65;SuperNorte;2024-06-15;Padaria Industrial;bakery supplies;;padaria
367;955;2027-08-26;1103,49;FreshMart Gaia;2022-02-26;Higiene Plus;cleaning products;;fruta e legumes
49;957;2031-10-03;6769,97;FreshMart Gaia;2023-09-03;Carnes Selectas;meat;;fruta e legumes
167;259;2027-08-24;1386,88;Nova Compra;2024-08-25;SnackHouse Distribuicao;snacks;;padaria
401;619;2029-03-02;1671,69;Nova Compra;2025-07-23;SnackHouse Distribuicao;snacks;;fruta e legumes
408;524;2023-02-03;4211,44;BomPreco;2022-04-15;Congelados Norte;frozen goods;;fruta e legumes
45;372;2029-12-15;2586,29;SuperNorte;2021-03-03;Frutaria Atlantica;produce;145,0;talho
498;806;2024-02-26;1074,26;BomPreco;2023-08-24;Padaria Industrial;bakery supplies;;mercearia
240;814;2026-09-18;1821,23;BomPreco;2023-03-19;Congelados Norte;frozen goods;106,0;higiene
470;660;2024-01-10;988,81;Mercado Central;2022-09-27;Casa Verde Horticolas;produce;84,0;mercearia
35;301;2021-10-25;1319,95;Nova Compra;2021-05-08;Lacteos do Vale;dairy;;mercearia
435;764;2024-09-16;5280,71;SuperNorte;2024-08-06;Congelados Norte;frozen goods;;fruta e legumes
498;283;2027-01-02;4817,91;BomPreco;2023-08-24;Bebidas Lusas;beverages;;mercearia
333;609;2022-12-29;3000,0;SuperNorte;2021-06-28;SnackHouse Distribuicao;snacks;;congelados
75;941;2024-08-13;1362,03;SuperNorte;2024-05-04;Lacteos do Vale;dairy;65,0;peixaria
75;941;2024-08-13;3875,33;SuperNorte;2024-05-04;Lacteos do Vale;dairy;170,0;fruta e legumes
1;760;2024-06-15;773,48;FreshMart Gaia;2023-11-13;Casa Verde Horticolas;produce;;higiene
288;233;2034-08-11;3780,09;BomPreco;2025-10-31;Bebidas Lusas;beverages;;congelados
465;859;2025-03-17;1842,49;SuperNorte;2024-12-20;SnackHouse Distribuicao;snacks;;padaria
100;567;2031-11-02;6020,16;Atlantico Market;2025-03-23;Carnes Selectas;meat;;fruta e legumes
37;722;2023-03-10;1609,41;FreshMart Gaia;2022-12-13;Frutaria Atlantica;produce;15,0;bebidas
463;713;2029-12-22;3954,32;FreshMart Gaia;2025-03-11;Bebidas Lusas;beverages;108,0;laticinios
122;811;2027-05-25;1233,21;Mercado Central;2022-11-09;Lacteos do Vale;dairy;30,0;mercearia
233;357;2032-05-06;7970,3;Nova Compra;2023-12-13;Carnes Selectas;meat;;mercearia
72;445;2023-12-26;1538,58;BomPreco;2021-04-11;Higiene Plus;cleaning products;;fruta e legumes
174;628;2021-12-27;7650,78;BomPreco;2021-10-25;Peixe Fresco Iberico;seafood;52,0;higiene
174;628;2021-12-27;5733,03;BomPreco;2021-10-25;Peixe Fresco Iberico;seafood;163,0;talho
223;645;2023-02-03;1186,33;FreshMart Gaia;2022-09-06;Higiene Plus;cleaning products;;mercearia
257;509;2030-04-17;2089,46;Nova Compra;2021-04-16;SnackHouse Distribuicao;snacks;21,0;mercearia
257;509;2029-02-11;3000,0;Nova Compra;2021-04-16;SnackHouse Distribuicao;snacks;91,0;talho
174;905;2024-09-16;734,42;BomPreco;2021-10-25;Higiene Plus;cleaning products;52,0;higiene
174;905;2024-09-16;717,93;BomPreco;2021-10-25;Higiene Plus;cleaning products;163,0;talho
135;59;2023-12-20;1859,98;SuperNorte;2022-07-27;SnackHouse Distribuicao;snacks;;higiene
119;718;2026-01-04;5597,46;Nova Compra;2024-10-31;Peixe Fresco Iberico;seafood;;laticinios
53;34;2023-01-18;4546,98;Nova Compra;2022-04-27;Congelados Norte;frozen goods;;peixaria
243;939;2033-05-03;1632,43;SuperNorte;2025-04-24;SnackHouse Distribuicao;snacks;;congelados
301;622;2023-03-07;2447,56;FreshMart Gaia;2021-11-05;Frutaria Atlantica;produce;20,0;peixaria
301;622;2023-03-07;1626,47;FreshMart Gaia;2021-11-05;Frutaria Atlantica;produce;147,0;mercearia
338;819;2027-06-16;957,99;Mercado Central;2023-02-16;SnackHouse Distribuicao;snacks;;peixaria
364;383;2023-05-03;2628,26;Atlantico Market;2021-12-06;Bebidas Lusas;beverages;;talho
95;286;2025-11-10;930,34;Nova Compra;2021-11-19;Padaria Industrial;bakery supplies;;fruta e legumes
202;656;2030-06-26;568,51;Atlantico Market;2022-03-22;Padaria Industrial;bakery supplies;;bebidas
491;68;2026-02-12;6393,09;Nova Compra;2024-07-19;Peixe Fresco Iberico;seafood;;mercearia
73;902;2026-04-03;1901,28;FreshMart Gaia;2025-01-05;Frutaria Atlantica;produce;61,0;higiene
192;357;2024-07-17;4596,92;BomPreco;2023-05-20;Carnes Selectas;meat;80,0;fruta e legumes
79;32;2033-03-26;2032,64;FreshMart Gaia;2023-10-18;Frutaria Atlantica;produce;2,0;peixaria
79;32;2032-07-18;894,72;FreshMart Gaia;2023-10-18;Frutaria Atlantica;produce;67,0;padaria
147;414;2030-10-13;2800,18;SuperNorte;2022-01-01;Congelados Norte;frozen goods;;congelados
134;669;2026-01-17;986,65;Mercado Central;2024-07-19;SnackHouse Distribuicao;snacks;;padaria
197;751;2028-11-07;3194,41;Nova Compra;2023-07-18;Lacteos do Vale;dairy;;bebidas
313;872;2026-01-16;3500,0;FreshMart Gaia;2023-03-30;Frutaria Atlantica;produce;109,0;talho
336;788;2023-12-22;4372,93;BomPreco;2021-05-18;Peixe Fresco Iberico;seafood;10,0;talho
69;564;2021-12-02;3868,07;SuperNorte;2021-06-05;Congelados Norte;frozen goods;;peixaria
302;487;2028-05-06;3952,53;Mercado Central;2023-08-01;Carnes Selectas;meat;;mercearia
50;967;2026-02-04;5965,25;Mercado Central;2025-02-27;Carnes Selectas;meat;;higiene
272;136;2027-12-22;760,5;Mercado Central;2025-06-25;Padaria Industrial;bakery supplies;122,0;congelados
364;70;2022-01-24;2101,05;Atlantico Market;2021-12-06;Casa Verde Horticolas;produce;;mercearia
17;924;2025-02-23;5800,11;Nova Compra;2021-06-10;Congelados Norte;frozen goods;;talho
495;765;2023-02-08;792,73;SuperNorte;2022-10-02;Higiene Plus;cleaning products;110,0;peixaria
477;933;2026-05-05;4237,35;SuperNorte;2022-01-25;Bebidas Lusas;beverages;;laticinios
124;295;2028-10-25;613,32;Atlantico Market;2022-03-28;Higiene Plus;cleaning products;;padaria
78;608;2024-12-03;5791,33;BomPreco;2022-12-29;Peixe Fresco Iberico;seafood;46,0;talho
355;616;2034-01-01;864,45;FreshMart Gaia;2025-09-12;Padaria Industrial;bakery supplies;60,0;bebidas
272;551;2026-05-11;1939,36;Mercado Central;2025-06-25;Lacteos do Vale;dairy;122,0;congelados
163;626;2023-04-11;868,99;FreshMart Gaia;2021-05-29;Padaria Industrial;bakery supplies;;fruta e legumes
175;49;2025-01-12;1320,56;FreshMart Gaia;2024-01-18;SnackHouse Distribuicao;snacks;;peixaria
4;623;2025-10-04;3327,28;Atlantico Market;2024-06-23;Bebidas Lusas;beverages;;padaria
324;990;2024-12-04;2059,26;BomPreco;2023-12-10;Casa Verde Horticolas;produce;;laticinios
211;559;2024-04-20;1860,03;FreshMart Gaia;2024-02-14;SnackHouse Distribuicao;snacks;103,0;padaria
34;652;2031-06-10;1948,43;Atlantico Market;2021-09-25;Frutaria Atlantica;produce;;padaria
415;888;2028-08-08;5021,27;FreshMart Gaia;2024-03-20;Peixe Fresco Iberico;seafood;;bebidas
154;502;2030-02-19;3008,19;Atlantico Market;2025-10-16;Frutaria Atlantica;produce;184,0;padaria
115;768;2025-03-07;12000,0;FreshMart Gaia;2025-01-26;Peixe Fresco Iberico;seafood;;congelados
413;602;2030-08-18;1036,03;Nova Compra;2025-04-04;Frutaria Atlantica;produce;79,0;higiene
413;602;2027-11-01;1991,94;Nova Compra;2025-04-04;Frutaria Atlantica;produce;81,0;laticinios
181;822;2024-11-03;1498,59;FreshMart Gaia;2021-08-25;Frutaria Atlantica;produce;113,0;congelados
40;589;2023-09-09;2502,51;Atlantico Market;2022-08-09;SnackHouse Distribuicao;snacks;111,0;mercearia
409;920;2029-10-07;1839,54;FreshMart Gaia;2025-03-31;Casa Verde Horticolas;produce;;padaria
227;312;2022-12-04;1894,8;Nova Compra;2022-03-15;Frutaria Atlantica;produce;;laticinios
426;144;2026-02-22;5372,81;BomPreco;2025-03-14;Congelados Norte;frozen goods;11,0;peixaria
252;778;2025-11-19;5685,45;BomPreco;2022-11-20;Peixe Fresco Iberico;seafood;;talho
58;286;2026-01-21;1800,0;Atlantico Market;2023-08-09;Padaria Industrial;bakery supplies;;fruta e legumes
441;816;2026-07-01;1257,82;SuperNorte;2021-08-16;Padaria Industrial;bakery supplies;179,0;fruta e legumes
336;149;2021-06-20;2509,29;BomPreco;2021-05-18;SnackHouse Distribuicao;snacks;10,0;talho
345;675;2033-04-19;1245,08;SuperNorte;2025-10-09;Higiene Plus;cleaning products;;fruta e legumes
165;774;2030-12-03;4068,73;SuperNorte;2024-06-21;Congelados Norte;frozen goods;;peixaria
247;619;2024-01-08;2377,4;FreshMart Gaia;2021-04-17;SnackHouse Distribuicao;snacks;173,0;peixaria
97;60;2029-12-16;2547,77;FreshMart Gaia;2023-11-01;Casa Verde Horticolas;produce;;padaria
267;170;2026-01-21;1054,73;SuperNorte;2025-12-26;Casa Verde Horticolas;produce;;bebidas
78;937;2032-02-21;5719,23;BomPreco;2022-12-29;Carnes Selectas;meat;46,0;talho
472;877;2025-08-25;6683,39;Atlantico Market;2022-12-04;Carnes Selectas;meat;154,0;talho
134;540;2025-10-06;1744,64;Mercado Central;2024-07-19;Casa Verde Horticolas;produce;;bebidas
127;262;2022-10-29;2193,95;FreshMart Gaia;2022-10-25;Frutaria Atlantica;produce;;congelados
282;629;2030-10-26;1585,94;BomPreco;2022-10-01;SnackHouse Distribuicao;snacks;31,0;padaria
282;629;2023-04-04;600,34;BomPreco;2022-10-01;SnackHouse Distribuicao;snacks;142,0;higiene
279;839;2025-09-08;914,73;SuperNorte;2022-10-07;SnackHouse Distribuicao;snacks;;higiene
389;30;2025-09-29;2868,9;Nova Compra;2023-02-14;Casa Verde Horticolas;produce;;mercearia
420;790;2029-02-03;1657,34;BomPreco;2021-05-15;Casa Verde Horticolas;produce;;fruta e legumes
352;415;2025-09-11;1497,53;Atlantico Market;2022-04-17;Higiene Plus;cleaning products;;higiene
1;348;2024-01-16;6489,31;FreshMart Gaia;2023-11-13;Peixe Fresco Iberico;seafood;;peixaria
14;146;2023-05-01;689,78;Mercado Central;2022-12-20;Padaria Industrial;bakery supplies;12,0;mercearia
127;40;2024-07-19;1499,3;FreshMart Gaia;2022-10-25;Casa Verde Horticolas;produce;;bebidas
468;965;2021-11-13;1594,37;BomPreco;2021-07-29;Higiene Plus;cleaning products;;bebidas
259;584;2035-01-07;5220,34;FreshMart Gaia;2025-05-28;Congelados Norte;frozen goods;39,0;mercearia
259;584;2034-07-03;8000,0;FreshMart Gaia;2025-05-28;Congelados Norte;frozen goods;96,0;bebidas
154;706;2031-06-12;806,55;Atlantico Market;2025-10-16;Padaria Industrial;bakery supplies;184,0;padaria
265;768;2024-07-16;12000,0;FreshMart Gaia;2022-10-08;Peixe Fresco Iberico;seafood;72,0;laticinios
265;768;2024-07-16;4413,27;FreshMart Gaia;2022-10-08;Peixe Fresco Iberico;seafood;114,0;bebidas
496;888;2029-01-05;8098,45;Atlantico Market;2025-03-17;Peixe Fresco Iberico;seafood;;bebidas
498;578;2031-03-14;7041,67;BomPreco;2023-08-24;Peixe Fresco Iberico;seafood;;peixaria
275;634;2032-06-10;4063,22;Nova Compra;2025-12-22;Congelados Norte;frozen goods;35,0;fruta e legumes
99;466;2035-03-21;997,46;SuperNorte;2025-09-02;Padaria Industrial;bakery supplies;;mercearia
252;929;2030-08-22;1246,82;BomPreco;2022-11-20;SnackHouse Distribuicao;snacks;;fruta e legumes
378;190;2025-10-06;2778,59;BomPreco;2021-04-27;Casa Verde Horticolas;produce;137,0;peixaria
196;236;2032-08-17;684,42;Atlantico Market;2025-12-17;Padaria Industrial;bakery supplies;4,0;padaria
196;236;2030-09-09;1153,6;Atlantico Market;2025-12-17;Padaria Industrial;bakery supplies;159,0;bebidas
38;633;2022-06-06;5269,27;Mercado Central;2022-04-17;Bebidas Lusas;beverages;140,0;congelados
259;886;2032-10-21;1800,0;FreshMart Gaia;2025-05-28;Padaria Industrial;bakery supplies;39,0;mercearia
259;886;2027-11-21;1548,51;FreshMart Gaia;2025-05-28;Padaria Industrial;bakery supplies;96,0;bebidas
40;41;2026-08-23;2781,7;Atlantico Market;2022-08-09;Lacteos do Vale;dairy;111,0;mercearia
257;57;2022-02-27;4052,85;Nova Compra;2021-04-16;Carnes Selectas;meat;21,0;mercearia
257;57;2022-02-27;3791,65;Nova Compra;2021-04-16;Carnes Selectas;meat;91,0;talho
408;587;2025-04-26;3235,03;BomPreco;2022-04-15;Carnes Selectas;meat;;laticinios
492;326;2030-05-10;573,83;BomPreco;2023-12-08;Padaria Industrial;bakery supplies;;peixaria
22;445;2034-05-26;1374,13;Atlantico Market;2026-02-12;Higiene Plus;cleaning products;;congelados
262;529;2025-10-25;1189,39;Atlantico Market;2023-03-24;SnackHouse Distribuicao;snacks;;bebidas
23;92;2027-01-01;3173,51;Nova Compra;2023-11-14;Frutaria Atlantica;produce;;higiene
376;860;2026-01-10;1425,69;Atlantico Market;2025-07-22;Casa Verde Horticolas;produce;;fruta e legumes
499;280;2027-05-09;1930,16;FreshMart Gaia;2023-08-29;Casa Verde Horticolas;produce;;higiene
123;227;2031-07-02;4793,73;SuperNorte;2023-03-06;Carnes Selectas;meat;185,0;congelados
323;102;2022-07-14;983,59;Nova Compra;2021-06-14;Frutaria Atlantica;produce;82,0;talho
243;558;2026-05-15;10612,69;SuperNorte;2025-04-24;Peixe Fresco Iberico;seafood;;laticinios
183;332;2024-05-30;2529,83;SuperNorte;2022-11-01;Frutaria Atlantica;produce;178,0;higiene
429;332;2025-03-06;2664,24;SuperNorte;2021-08-21;Frutaria Atlantica;produce;;peixaria
364;786;2023-10-27;1306,99;Atlantico Market;2021-12-06;Padaria Industrial;bakery supplies;;congelados
67;96;2032-02-26;710,51;FreshMart Gaia;2023-11-18;Padaria Industrial;bakery supplies;;fruta e legumes
201;711;2029-09-06;1541,02;SuperNorte;2024-04-10;Lacteos do Vale;dairy;;bebidas
62;189;2033-04-03;2022,17;Mercado Central;2023-12-03;SnackHouse Distribuicao;snacks;186,0;bebidas
384;638;2024-11-07;12000,0;BomPreco;2024-10-07;Peixe Fresco Iberico;seafood;;higiene
252;779;2031-05-16;1962,98;BomPreco;2022-11-20;SnackHouse Distribuicao;snacks;;peixaria
408;675;2025-02-07;2135,63;BomPreco;2022-04-15;Higiene Plus;cleaning products;;talho
114;128;2026-02-21;5130,28;BomPreco;2025-03-11;Peixe Fresco Iberico;seafood;;mercearia
105;989;2025-03-02;2704,21;SuperNorte;2022-01-11;SnackHouse Distribuicao;snacks;;congelados
348;86;2024-11-21;827,98;BomPreco;2024-01-26;Padaria Industrial;bakery supplies;;laticinios
78;921;2024-08-12;2395,37;BomPreco;2022-12-29;Lacteos do Vale;dairy;46,0;talho
21;927;2029-06-17;4579,67;SuperNorte;2024-04-14;Carnes Selectas;meat;;laticinios
53;650;2025-03-07;2760,21;Nova Compra;2022-04-27;Casa Verde Horticolas;produce;;higiene
312;920;2031-04-08;2777,16;BomPreco;2025-12-24;Casa Verde Horticolas;produce;;padaria
39;53;2026-05-09;1929,39;SuperNorte;2022-08-08;Bebidas Lusas;beverages;;padaria
176;930;2024-11-15;3358,75;Mercado Central;2023-03-01;Casa Verde Horticolas;produce;;fruta e legumes
90;404;2025-07-02;8000,0;BomPreco;2023-09-21;Congelados Norte;frozen goods;9,0;laticinios
158;953;2033-02-16;3195,86;Mercado Central;2025-02-09;Bebidas Lusas;beverages;;talho
485;514;2026-05-10;4061,51;Nova Compra;2023-06-26;Congelados Norte;frozen goods;;bebidas
52;608;2031-07-15;11353,72;Atlantico Market;2025-01-08;Peixe Fresco Iberico;seafood;;fruta e legumes
121;660;2025-04-26;1906,43;FreshMart Gaia;2022-03-07;Casa Verde Horticolas;produce;;fruta e legumes
302;612;2024-11-13;1846,69;Mercado Central;2023-08-01;Frutaria Atlantica;produce;;talho
251;152;2023-05-03;3500,0;Nova Compra;2023-03-21;Frutaria Atlantica;produce;;mercearia
215;103;2031-06-28;2038,72;Nova Compra;2022-05-12;Bebidas Lusas;beverages;;padaria
250;106;2025-08-29;701,15;Atlantico Market;2025-01-13;Padaria Industrial;bakery supplies;;padaria
463;819;2026-11-14;1991,32;FreshMart Gaia;2025-03-11;SnackHouse Distribuicao;snacks;108,0;laticinios
333;429;2022-07-13;796,11;SuperNorte;2021-06-28;SnackHouse Distribuicao;snacks;;talho
88;660;2028-08-12;1564,13;Atlantico Market;2021-03-26;Casa Verde Horticolas;produce;62,0;fruta e legumes
351;288;2024-08-11;5473,0;SuperNorte;2021-03-14;Peixe Fresco Iberico;seafood;;padaria
390;701;2024-04-02;3314,37;BomPreco;2021-05-05;Lacteos do Vale;dairy;;fruta e legumes
298;439;2025-12-16;2253,67;Atlantico Market;2023-03-05;SnackHouse Distribuicao;snacks;;mercearia
109;125;2025-10-18;644,68;FreshMart Gaia;2021-02-19;Higiene Plus;cleaning products;;congelados
242;361;2026-10-24;1573,91;Mercado Central;2022-10-19;Lacteos do Vale;dairy;;laticinios
284;437;2026-05-07;3958,53;Mercado Central;2023-04-30;Carnes Selectas;meat;153,0;laticinios
97;643;2025-05-29;3401,77;FreshMart Gaia;2023-11-01;Bebidas Lusas;beverages;;talho
193;401;2022-12-09;1312,02;FreshMart Gaia;2022-02-11;Lacteos do Vale;dairy;;higiene
364;825;2022-06-09;1684,88;Atlantico Market;2021-12-06;Higiene Plus;cleaning products;;peixaria
439;405;2027-02-02;1006,09;FreshMart Gaia;2026-01-08;Higiene Plus;cleaning products;;mercearia
124;975;2022-11-27;1792,0;Atlantico Market;2022-03-28;Higiene Plus;cleaning products;;mercearia
285;783;2024-11-14;3745,19;SuperNorte;2023-05-21;Bebidas Lusas;beverages;;congelados
133;786;2024-07-17;645,4;FreshMart Gaia;2023-08-18;Padaria Industrial;bakery supplies;26,0;fruta e legumes
202;627;2022-05-13;10000,0;Atlantico Market;2022-03-22;Carnes Selectas;meat;;mercearia
262;677;2025-12-31;10000,0;Atlantico Market;2023-03-24;Carnes Selectas;meat;;higiene
143;793;2034-04-14;4273,41;Nova Compra;2025-12-20;Bebidas Lusas;beverages;128,0;peixaria
11;895;2031-11-24;1234,68;Nova Compra;2022-01-12;Higiene Plus;cleaning products;;peixaria
359;358;2025-02-25;4040,91;Nova Compra;2021-05-09;Peixe Fresco Iberico;seafood;;congelados
40;593;2026-01-15;6072,42;Atlantico Market;2022-08-09;Bebidas Lusas;beverages;111,0;mercearia
270;668;2024-03-26;9412,04;BomPreco;2022-05-19;Peixe Fresco Iberico;seafood;190,0;talho
287;455;2033-06-21;953,28;Nova Compra;2024-10-19;Higiene Plus;cleaning products;83,0;peixaria
452;96;2032-05-24;734,13;Mercado Central;2022-07-29;Padaria Industrial;bakery supplies;193,0;padaria
452;96;2025-01-13;1228,28;Mercado Central;2022-07-29;Padaria Industrial;bakery supplies;195,0;bebidas
30;524;2031-04-17;2533,66;BomPreco;2025-01-06;Congelados Norte;frozen goods;29,0;peixaria
30;524;2031-01-30;3244,81;BomPreco;2025-01-06;Congelados Norte;frozen goods;199,0;talho
310;345;2025-03-23;860,88;Atlantico Market;2022-09-29;Higiene Plus;cleaning products;;congelados
234;90;2024-08-04;1175,2;BomPreco;2022-02-27;Casa Verde Horticolas;produce;;laticinios
364;844;2022-01-09;3109,89;Atlantico Market;2021-12-06;Congelados Norte;frozen goods;;mercearia
108;413;2022-07-09;5637,6;BomPreco;2021-06-26;Bebidas Lusas;beverages;;peixaria
313;819;2023-07-15;749,18;FreshMart Gaia;2023-03-30;SnackHouse Distribuicao;snacks;109,0;talho
119;227;2029-11-23;6563,13;Nova Compra;2024-10-31;Carnes Selectas;meat;;higiene
1;710;2030-08-09;2077,7;FreshMart Gaia;2023-11-13;Casa Verde Horticolas;produce;;laticinios
164;314;2023-07-22;6648,36;Mercado Central;2022-03-01;Congelados Norte;frozen goods;165,0;mercearia
164;314;2022-04-01;4827,3;Mercado Central;2022-03-01;Congelados Norte;frozen goods;181,0;talho
385;951;2025-12-13;1813,01;FreshMart Gaia;2023-02-10;Lacteos do Vale;dairy;;peixaria
228;93;2030-01-19;2598,32;BomPreco;2025-05-03;Bebidas Lusas;beverages;44,0;fruta e legumes
392;793;2024-05-07;5855,85;Mercado Central;2023-08-21;Bebidas Lusas;beverages;;padaria
341;548;2024-11-15;8128,93;Nova Compra;2022-09-13;Peixe Fresco Iberico;seafood;;bebidas
332;31;2027-03-19;1722,12;Mercado Central;2024-11-20;Lacteos do Vale;dairy;;peixaria
210;637;2024-02-27;8128,77;BomPreco;2023-03-24;Carnes Selectas;meat;;mercearia
347;956;2033-11-14;818,2;Nova Compra;2023-12-27;Padaria Industrial;bakery supplies;;talho
495;414;2025-10-06;4298,18;SuperNorte;2022-10-02;Congelados Norte;frozen goods;110,0;peixaria
119;847;2030-11-28;4113,94;Nova Compra;2024-10-31;Carnes Selectas;meat;;fruta e legumes
157;865;2030-07-10;1748,37;FreshMart Gaia;2024-10-04;Higiene Plus;cleaning products;;padaria
297;523;2022-11-13;2397,36;SuperNorte;2022-11-01;Bebidas Lusas;beverages;;talho
414;581;2031-10-01;1879,68;BomPreco;2025-05-11;Lacteos do Vale;dairy;;congelados
344;244;2025-02-06;3202,93;Mercado Central;2021-06-15;Congelados Norte;frozen goods;;talho
280;770;2033-08-23;2083,1;Atlantico Market;2025-05-05;Casa Verde Horticolas;produce;115,0;higiene
417;32;2028-08-26;2203,41;SuperNorte;2023-07-19;Frutaria Atlantica;produce;;fruta e legumes
484;838;2025-02-27;3954,8;Atlantico Market;2024-03-22;Peixe Fresco Iberico;seafood;;fruta e legumes
411;710;2031-11-14;2221,27;SuperNorte;2023-06-02;Casa Verde Horticolas;produce;;laticinios
288;750;2031-01-14;951,86;BomPreco;2025-10-31;Casa Verde Horticolas;produce;;congelados
152;621;2024-09-30;4000,0;Mercado Central;2023-11-30;Lacteos do Vale;dairy;;talho
385;969;2025-12-02;1310,77;FreshMart Gaia;2023-02-10;SnackHouse Distribuicao;snacks;;higiene
322;987;2034-09-25;8658,71;Atlantico Market;2026-01-04;Carnes Selectas;meat;34,0;higiene
500;129;2025-01-26;1806,34;Mercado Central;2022-04-18;SnackHouse Distribuicao;snacks;;bebidas
463;604;2034-05-07;4794,28;FreshMart Gaia;2025-03-11;Congelados Norte;frozen goods;108,0;laticinios
8;530;2027-07-17;1094,67;Mercado Central;2024-02-04;Casa Verde Horticolas;produce;172,0;talho
26;606;2024-08-20;1461,62;Mercado Central;2022-05-29;Padaria Industrial;bakery supplies;;higiene
180;138;2025-01-16;6643,86;BomPreco;2023-10-07;Peixe Fresco Iberico;seafood;;laticinios
212;62;2028-02-13;2285,87;Mercado Central;2024-06-29;Frutaria Atlantica;produce;;peixaria
20;312;2029-12-09;1776,0;Mercado Central;2025-07-10;Frutaria Atlantica;produce;;bebidas
395;945;2025-03-15;1457,87;Nova Compra;2023-10-24;Higiene Plus;cleaning products;;mercearia
497;496;2024-10-06;670,84;Nova Compra;2024-09-10;Padaria Industrial;bakery supplies;105,0;bebidas
209;453;2024-09-21;3500,67;Nova Compra;2022-12-23;Bebidas Lusas;beverages;125,0;fruta e legumes
454;916;2025-01-01;827,83;Atlantico Market;2022-02-05;Padaria Industrial;bakery supplies;;talho
189;448;2025-11-22;4731,75;SuperNorte;2024-04-27;Peixe Fresco Iberico;seafood;;peixaria
207;584;2031-02-07;4568,35;SuperNorte;2022-08-16;Congelados Norte;frozen goods;;laticinios
493;502;2028-11-07;2178,66;FreshMart Gaia;2025-06-26;Frutaria Atlantica;produce;;padaria
425;498;2024-06-28;7276,5;Nova Compra;2022-01-23;Peixe Fresco Iberico;seafood;;mercearia
345;98;2025-11-11;6207,67;SuperNorte;2025-10-09;Peixe Fresco Iberico;seafood;;mercearia
137;266;2022-06-08;1203,22;Nova Compra;2021-03-16;Padaria Industrial;bakery supplies;150,0;bebidas
90;189;2025-12-10;1839,97;BomPreco;2023-09-21;SnackHouse Distribuicao;snacks;9,0;laticinios
465;535;2026-05-08;1436,69;SuperNorte;2024-12-20;Higiene Plus;cleaning products;;laticinios
99;639;2035-03-22;1778,1;SuperNorte;2025-09-02;SnackHouse Distribuicao;snacks;;talho
109;623;2023-08-05;6385,99;FreshMart Gaia;2021-02-19;Bebidas Lusas;beverages;;congelados
436;957;2025-11-27;3139,66;Atlantico Market;2023-12-11;Carnes Selectas;meat;189,0;laticinios
58;652;2032-10-15;1602,9;Atlantico Market;2023-08-09;Frutaria Atlantica;produce;;mercearia
205;409;2032-05-13;1921,21;FreshMart Gaia;2026-01-02;SnackHouse Distribuicao;snacks;;congelados
461;186;2034-10-08;490,55;Nova Compra;2025-03-18;Padaria Industrial;bakery supplies;;laticinios
243;710;2029-03-29;3446,46;SuperNorte;2025-04-24;Casa Verde Horticolas;produce;;peixaria
395;866;2027-12-30;1121,5;Nova Compra;2023-10-24;Padaria Industrial;bakery supplies;;peixaria
335;916;2029-04-30;1538,19;Nova Compra;2024-12-25;Padaria Industrial;bakery supplies;139,0;padaria
387;425;2024-04-30;2275,83;SuperNorte;2022-10-15;Higiene Plus;cleaning products;66,0;mercearia
211;455;2029-07-22;1655,42;FreshMart Gaia;2024-02-14;Higiene Plus;cleaning products;103,0;padaria
317;396;2024-02-10;366,17;Nova Compra;2022-01-06;Padaria Industrial;bakery supplies;16,0;higiene
425;294;2023-02-03;4595,5;Nova Compra;2022-01-23;Congelados Norte;frozen goods;;laticinios
171;707;2029-05-07;5940,23;SuperNorte;2025-12-02;Carnes Selectas;meat;13,0;padaria
245;422;2025-08-31;1134,39;Nova Compra;2024-07-08;Frutaria Atlantica;produce;;higiene
70;680;2023-12-22;826,82;Atlantico Market;2021-12-25;Casa Verde Horticolas;produce;;padaria
114;159;2034-04-25;2031,0;BomPreco;2025-03-11;SnackHouse Distribuicao;snacks;;mercearia
110;717;2034-01-14;3077,95;Mercado Central;2024-05-11;Carnes Selectas;meat;;congelados
209;657;2032-05-17;10000,0;Nova Compra;2022-12-23;Carnes Selectas;meat;125,0;fruta e legumes
109;445;2021-03-08;1547,85;FreshMart Gaia;2021-02-19;Higiene Plus;cleaning products;;higiene
409;406;2025-10-19;1800,0;FreshMart Gaia;2025-03-31;Padaria Industrial;bakery supplies;;bebidas
438;442;2024-01-17;1876,13;BomPreco;2022-04-17;Frutaria Atlantica;produce;116,0;fruta e legumes
351;121;2025-01-01;3015,18;SuperNorte;2021-03-14;Lacteos do Vale;dairy;;laticinios
394;420;2029-11-07;1894,88;Atlantico Market;2023-07-15;Casa Verde Horticolas;produce;;congelados
10;378;2026-07-13;10219,63;Atlantico Market;2024-07-05;Peixe Fresco Iberico;seafood;;fruta e legumes
226;791;2024-02-02;859,18;Atlantico Market;2022-06-05;Lacteos do Vale;dairy;;mercearia
152;435;2026-01-02;2050,58;Mercado Central;2023-11-30;Higiene Plus;cleaning products;;bebidas
71;155;2027-10-01;1857,81;Nova Compra;2024-03-23;Higiene Plus;cleaning products;136,0;talho
440;138;2024-02-05;6064,39;Mercado Central;2021-09-09;Peixe Fresco Iberico;seafood;;mercearia
53;703;2031-10-27;3119,37;Nova Compra;2022-04-27;Bebidas Lusas;beverages;;mercearia
366;701;2022-10-28;1879,25;BomPreco;2021-10-13;Lacteos do Vale;dairy;;mercearia
129;39;2024-07-04;1873,9;SuperNorte;2021-08-18;SnackHouse Distribuicao;snacks;;peixaria
253;640;2025-08-14;3194,73;FreshMart Gaia;2023-05-05;Casa Verde Horticolas;produce;89,0;fruta e legumes
350;389;2030-07-18;1297,44;Mercado Central;2025-07-14;SnackHouse Distribuicao;snacks;;mercearia
33;450;2024-10-25;860,18;SuperNorte;2024-06-15;Casa Verde Horticolas;produce;;padaria
351;483;2025-07-18;7000,0;SuperNorte;2021-03-14;Bebidas Lusas;beverages;;higiene
472;331;2025-07-14;2908,61;Atlantico Market;2022-12-04;Lacteos do Vale;dairy;154,0;talho
383;638;2025-03-16;5450,77;Nova Compra;2023-04-24;Peixe Fresco Iberico;seafood;;laticinios
380;173;2028-11-06;6402,81;Mercado Central;2022-09-25;Bebidas Lusas;beverages;;higiene
103;731;2032-12-11;3272,75;FreshMart Gaia;2022-12-24;Lacteos do Vale;dairy;;congelados
475;413;2030-01-11;4679,93;FreshMart Gaia;2025-02-17;Bebidas Lusas;beverages;124,0;higiene
41;603;2030-07-28;3025,52;Nova Compra;2024-05-01;Bebidas Lusas;beverages;;talho
332;616;2030-10-26;1350,26;Mercado Central;2024-11-20;Padaria Industrial;bakery supplies;;higiene
190;44;2029-02-22;7021,08;Atlantico Market;2025-05-26;Congelados Norte;frozen goods;;mercearia
321;228;2024-10-27;2997,47;SuperNorte;2022-07-21;Peixe Fresco Iberico;seafood;77,0;congelados
363;787;2026-05-17;5974,03;SuperNorte;2025-10-30;Carnes Selectas;meat;;congelados
493;73;2035-03-04;4288,49;FreshMart Gaia;2025-06-26;Bebidas Lusas;beverages;;higiene
410;493;2029-06-15;4226,99;Mercado Central;2025-10-07;Bebidas Lusas;beverages;;congelados
174;929;2031-04-02;1684,65;BomPreco;2021-10-25;SnackHouse Distribuicao;snacks;52,0;higiene
174;929;2031-04-20;2813,72;BomPreco;2021-10-25;SnackHouse Distribuicao;snacks;163,0;talho
482;333;2032-10-11;3409,83;Mercado Central;2023-10-18;Bebidas Lusas;beverages;156,0;mercearia
359;407;2021-09-19;5393,24;Nova Compra;2021-05-09;Carnes Selectas;meat;;peixaria
120;670;2032-06-28;2132,37;BomPreco;2025-05-31;Casa Verde Horticolas;produce;6,0;bebidas
444;767;2032-12-06;4984,17;BomPreco;2025-11-27;Carnes Selectas;meat;164,0;peixaria
26;791;2023-04-23;1152,31;Mercado Central;2022-05-29;Lacteos do Vale;dairy;;laticinios
442;253;2034-05-08;4129,33;Atlantico Market;2024-05-24;Bebidas Lusas;beverages;143,0;fruta e legumes
418;705;2032-03-21;1521,82;Atlantico Market;2023-10-04;Higiene Plus;cleaning products;24,0;bebidas
246;65;2030-07-22;1166,64;BomPreco;2021-03-04;Higiene Plus;cleaning products;161,0;fruta e legumes
246;65;2021-06-18;1295,52;BomPreco;2021-03-04;Higiene Plus;cleaning products;191,0;peixaria
209;282;2023-07-22;442,3;Nova Compra;2022-12-23;Frutaria Atlantica;produce;125,0;fruta e legumes
473;278;2024-11-25;11196,32;Nova Compra;2021-08-09;Peixe Fresco Iberico;seafood;69,0;bebidas
208;737;2034-01-21;8099,99;Atlantico Market;2024-12-15;Carnes Selectas;meat;176,0;congelados
369;645;2024-09-12;753,09;SuperNorte;2024-02-08;Higiene Plus;cleaning products;;talho
235;594;2024-10-11;3172,93;FreshMart Gaia;2022-03-04;Congelados Norte;frozen goods;;fruta e legumes
414;198;2027-07-12;12000,0;BomPreco;2025-05-11;Peixe Fresco Iberico;seafood;;mercearia
279;726;2025-04-23;594,71;SuperNorte;2022-10-07;Padaria Industrial;bakery supplies;;bebidas
13;265;2030-03-28;1705,33;FreshMart Gaia;2022-10-16;Higiene Plus;cleaning products;;higiene
251;237;2030-03-19;4327,51;Nova Compra;2023-03-21;Carnes Selectas;meat;;mercearia
225;323;2034-01-06;4510,1;SuperNorte;2025-06-18;Bebidas Lusas;beverages;97,0;higiene
344;267;2024-06-09;5523,22;Mercado Central;2021-06-15;Carnes Selectas;meat;;fruta e legumes
280;483;2025-06-21;3301,25;Atlantico Market;2025-05-05;Bebidas Lusas;beverages;115,0;higiene
179;581;2025-01-29;2560,76;Nova Compra;2024-10-24;Lacteos do Vale;dairy;;laticinios
220;306;2030-02-11;801,02;Atlantico Market;2024-11-09;Padaria Industrial;bakery supplies;;padaria
36;706;2025-08-23;448,03;BomPreco;2021-03-31;Padaria Industrial;bakery supplies;;bebidas
115;898;2033-02-10;4281,6;FreshMart Gaia;2025-01-26;Peixe Fresco Iberico;seafood;;mercearia
349;905;2026-01-06;858,06;FreshMart Gaia;2023-10-31;Higiene Plus;cleaning products;;peixaria
47;698;2025-12-03;3158,03;Nova Compra;2025-02-04;Peixe Fresco Iberico;seafood;86,0;congelados
253;743;2025-12-23;4428,17;FreshMart Gaia;2023-05-05;Bebidas Lusas;beverages;89,0;fruta e legumes
160;80;2028-10-16;1711,62;Atlantico Market;2024-12-25;Casa Verde Horticolas;produce;;talho
401;846;2031-06-11;1172,66;Nova Compra;2025-07-23;Padaria Industrial;bakery supplies;;peixaria
186;118;2026-04-10;8216,47;BomPreco;2021-08-09;Peixe Fresco Iberico;seafood;;mercearia
478;391;2031-04-23;3021,88;Atlantico Market;2025-11-21;Lacteos do Vale;dairy;;mercearia
208;621;2029-10-29;2582,05;Atlantico Market;2024-12-15;Lacteos do Vale;dairy;176,0;congelados
490;727;2024-07-03;3474,93;Atlantico Market;2023-10-13;Carnes Selectas;meat;;congelados
147;177;2024-12-01;7008,93;SuperNorte;2022-01-01;Carnes Selectas;meat;;higiene
202;52;2026-07-10;2044,18;Atlantico Market;2022-03-22;Frutaria Atlantica;produce;;mercearia
325;280;2028-05-03;3500,0;FreshMart Gaia;2024-03-27;Casa Verde Horticolas;produce;;peixaria
299;705;2029-04-17;1379,91;Nova Compra;2025-02-06;Higiene Plus;cleaning products;;congelados
344;742;2024-10-31;2197,87;Mercado Central;2021-06-15;Frutaria Atlantica;produce;;bebidas
491;924;2031-06-26;4120,37;Nova Compra;2024-07-19;Congelados Norte;frozen goods;;bebidas
55;270;2028-04-20;1891,16;FreshMart Gaia;2025-06-03;Casa Verde Horticolas;produce;;bebidas
471;250;2024-12-18;1834,57;SuperNorte;2024-09-26;Casa Verde Horticolas;produce;119,0;peixaria
295;41;2024-07-09;1768,07;FreshMart Gaia;2024-02-12;Lacteos do Vale;dairy;;mercearia
101;595;2027-03-13;1489,24;Nova Compra;2023-02-01;Higiene Plus;cleaning products;;laticinios
388;167;2025-08-27;7143,42;Atlantico Market;2022-12-28;Carnes Selectas;meat;;laticinios
103;79;2024-11-03;1366,15;FreshMart Gaia;2022-12-24;SnackHouse Distribuicao;snacks;;fruta e legumes
207;920;2023-10-12;2694,45;SuperNorte;2022-08-16;Casa Verde Horticolas;produce;;peixaria
253;697;2032-11-01;7447,2;FreshMart Gaia;2023-05-05;Carnes Selectas;meat;89,0;fruta e legumes
214;657;2033-03-17;3633,81;Atlantico Market;2023-09-17;Carnes Selectas;meat;87,0;bebidas
492;639;2024-10-19;1069,42;BomPreco;2023-12-08;SnackHouse Distribuicao;snacks;;talho
253;323;2024-09-22;4587,91;FreshMart Gaia;2023-05-05;Bebidas Lusas;beverages;89,0;fruta e legumes
128;117;2023-06-17;4145,44;Mercado Central;2021-12-26;Carnes Selectas;meat;;higiene
267;384;2027-08-28;2685,98;SuperNorte;2025-12-26;Congelados Norte;frozen goods;;talho
299;307;2027-08-31;10000,0;Nova Compra;2025-02-06;Carnes Selectas;meat;;fruta e legumes
100;269;2033-07-14;1068,15;Atlantico Market;2025-03-23;SnackHouse Distribuicao;snacks;;congelados
327;248;2024-05-06;3274,56;SuperNorte;2023-06-01;Peixe Fresco Iberico;seafood;94,0;padaria
156;821;2034-03-13;1511,05;BomPreco;2026-01-04;Lacteos do Vale;dairy;48,0;mercearia
18;554;2033-10-25;4772,44;BomPreco;2025-02-11;Congelados Norte;frozen goods;;talho
233;401;2030-05-23;2222,35;Nova Compra;2023-12-13;Lacteos do Vale;dairy;;bebidas
229;131;2024-04-11;4000,0;FreshMart Gaia;2022-07-08;Lacteos do Vale;dairy;;peixaria
438;312;2027-07-16;1309,19;BomPreco;2022-04-17;Frutaria Atlantica;produce;116,0;fruta e legumes
185;658;2023-09-19;7228,8;Nova Compra;2023-05-21;Peixe Fresco Iberico;seafood;;bebidas
406;918;2024-04-03;10800,82;Atlantico Market;2022-12-02;Peixe Fresco Iberico;seafood;93,0;mercearia
205;459;2030-09-16;1226,57;FreshMart Gaia;2026-01-02;SnackHouse Distribuicao;snacks;;bebidas
74;444;2032-07-22;5902,0;Mercado Central;2025-11-11;Congelados Norte;frozen goods;3,0;mercearia
217;922;2023-06-18;811,16;FreshMart Gaia;2021-10-15;Frutaria Atlantica;produce;171,0;laticinios
481;365;2031-01-08;2500,0;FreshMart Gaia;2023-11-19;Higiene Plus;cleaning products;166,0;padaria
104;770;2030-01-20;2894,54;Mercado Central;2023-01-07;Casa Verde Horticolas;produce;;fruta e legumes
189;408;2034-02-15;4785,06;SuperNorte;2024-04-27;Peixe Fresco Iberico;seafood;;fruta e legumes
374;847;2025-10-05;7844,53;Mercado Central;2023-02-24;Carnes Selectas;meat;;congelados
360;921;2025-10-30;3882,19;BomPreco;2023-03-19;Lacteos do Vale;dairy;200,0;peixaria
67;661;2033-04-03;1203,9;FreshMart Gaia;2023-11-18;Lacteos do Vale;dairy;;padaria
190;166;2029-10-12;763,42;Atlantico Market;2025-05-26;Padaria Industrial;bakery supplies;;fruta e legumes
30;995;2025-05-17;2500,0;BomPreco;2025-01-06;Higiene Plus;cleaning products;29,0;peixaria
30;995;2025-11-02;1417,39;BomPreco;2025-01-06;Higiene Plus;cleaning products;199,0;talho
252;179;2024-03-09;2007,82;BomPreco;2022-11-20;SnackHouse Distribuicao;snacks;;peixaria
468;74;2022-12-14;4438,0;BomPreco;2021-07-29;Congelados Norte;frozen goods;;laticinios
165;358;2030-12-31;9708,21;SuperNorte;2024-06-21;Peixe Fresco Iberico;seafood;;mercearia
227;589;2026-02-14;2078,39;Nova Compra;2022-03-15;SnackHouse Distribuicao;snacks;;bebidas
288;482;2032-07-30;1940,57;BomPreco;2025-10-31;Frutaria Atlantica;produce;;laticinios
119;675;2031-04-12;534,03;Nova Compra;2024-10-31;Higiene Plus;cleaning products;;mercearia
109;355;2023-11-02;1833,93;FreshMart Gaia;2021-02-19;Higiene Plus;cleaning products;;talho
477;604;2025-12-26;5970,16;SuperNorte;2022-01-25;Congelados Norte;frozen goods;;talho
213;661;2024-12-12;1230,81;SuperNorte;2022-08-14;Lacteos do Vale;dairy;19,0;talho
288;641;2026-08-15;1269,02;BomPreco;2025-10-31;Lacteos do Vale;dairy;;peixaria
30;724;2035-01-02;5427,8;BomPreco;2025-01-06;Congelados Norte;frozen goods;29,0;peixaria
30;724;2027-09-08;4692,95;BomPreco;2025-01-06;Congelados Norte;frozen goods;199,0;talho
268;927;2026-12-16;2220,52;Atlantico Market;2025-06-15;Carnes Selectas;meat;;mercearia
239;559;2024-03-20;1139,81;Nova Compra;2022-04-05;SnackHouse Distribuicao;snacks;120,0;mercearia
321;745;2026-08-14;1583,57;SuperNorte;2022-07-21;Higiene Plus;cleaning products;77,0;congelados
58;705;2025-03-11;1864,44;Atlantico Market;2023-08-09;Higiene Plus;cleaning products;;mercearia
177;2;2025-07-12;1422,25;SuperNorte;2023-05-04;Frutaria Atlantica;produce;;padaria
121;582;2023-05-24;1731,23;FreshMart Gaia;2022-03-07;Frutaria Atlantica;produce;;padaria
252;792;2024-10-26;1245,43;BomPreco;2022-11-20;Frutaria Atlantica;produce;;congelados
54;449;2030-12-14;2993,79;BomPreco;2021-08-12;SnackHouse Distribuicao;snacks;;talho
385;199;2024-06-12;1784,86;FreshMart Gaia;2023-02-10;SnackHouse Distribuicao;snacks;;fruta e legumes
461;517;2027-09-13;3998,58;Nova Compra;2025-03-18;Carnes Selectas;meat;;fruta e legumes
312;282;2035-07-12;1099,49;BomPreco;2025-12-24;Frutaria Atlantica;produce;;congelados
13;737;2024-10-19;3053,53;FreshMart Gaia;2022-10-16;Carnes Selectas;meat;;padaria
76;382;2030-06-08;3500,0;Atlantico Market;2022-03-16;Frutaria Atlantica;produce;180,0;laticinios
67;451;2024-01-03;1988,51;FreshMart Gaia;2023-11-18;Lacteos do Vale;dairy;;padaria
111;874;2025-04-27;3592,44;SuperNorte;2021-08-21;Congelados Norte;frozen goods;;padaria
161;514;2022-04-29;3906,55;Nova Compra;2021-02-26;Congelados Norte;frozen goods;;laticinios
466;934;2023-08-06;3238,21;Atlantico Market;2022-02-26;Congelados Norte;frozen goods;99,0;laticinios
251;335;2024-03-27;1310,36;Nova Compra;2023-03-21;Higiene Plus;cleaning products;;talho
19;246;2032-01-23;1015,84;FreshMart Gaia;2023-01-09;Padaria Industrial;bakery supplies;160,0;higiene
363;15;2030-07-01;1384,31;SuperNorte;2025-10-30;Higiene Plus;cleaning products;;fruta e legumes
211;765;2025-02-18;779,02;FreshMart Gaia;2024-02-14;Higiene Plus;cleaning products;103,0;padaria
449;659;2024-10-16;2465,44;Nova Compra;2024-02-23;SnackHouse Distribuicao;snacks;;bebidas
175;964;2025-07-31;3352,76;FreshMart Gaia;2024-01-18;Congelados Norte;frozen goods;;talho
390;530;2025-02-20;1375,46;BomPreco;2021-05-05;Casa Verde Horticolas;produce;;mercearia
355;339;2035-04-16;1202,08;FreshMart Gaia;2025-09-12;SnackHouse Distribuicao;snacks;60,0;bebidas
153;878;2032-05-16;4047,87;SuperNorte;2024-02-05;Peixe Fresco Iberico;seafood;;mercearia
318;530;2025-08-06;2086,93;BomPreco;2021-03-16;Casa Verde Horticolas;produce;88,0;higiene
429;887;2021-10-15;8077,97;SuperNorte;2021-08-21;Carnes Selectas;meat;;fruta e legumes
412;194;2027-09-18;3105,8;Atlantico Market;2024-08-06;Congelados Norte;frozen goods;36,0;laticinios
402;441;2032-04-16;938,06;BomPreco;2023-09-28;Lacteos do Vale;dairy;;mercearia
354;388;2026-07-24;4094,32;BomPreco;2025-11-02;Peixe Fresco Iberico;seafood;;fruta e legumes
70;783;2023-11-07;3064,94;Atlantico Market;2021-12-25;Bebidas Lusas;beverages;;laticinios
443;855;2030-06-14;790,02;Nova Compra;2025-05-20;Higiene Plus;cleaning products;;higiene
9;434;2030-10-31;3284,41;SuperNorte;2022-10-26;Congelados Norte;frozen goods;23,0;congelados
218;993;2025-10-05;2925,8;Mercado Central;2025-07-13;Bebidas Lusas;beverages;;laticinios
164;926;2023-04-24;993,05;Mercado Central;2022-03-01;Padaria Industrial;bakery supplies;165,0;mercearia
164;926;2025-05-26;519,58;Mercado Central;2022-03-01;Padaria Industrial;bakery supplies;181,0;talho
147;415;2025-12-17;1785,15;SuperNorte;2022-01-01;Higiene Plus;cleaning products;;bebidas
340;955;2029-04-26;2500,0;Atlantico Market;2022-05-12;Higiene Plus;cleaning products;68,0;congelados
340;955;2029-07-12;2500,0;Atlantico Market;2022-05-12;Higiene Plus;cleaning products;151,0;higiene
305;278;2025-08-19;4997,72;Nova Compra;2023-08-27;Peixe Fresco Iberico;seafood;;congelados
17;410;2026-08-06;2499,47;Nova Compra;2021-06-10;Casa Verde Horticolas;produce;;mercearia
375;325;2030-02-15;1761,33;SuperNorte;2024-05-11;Higiene Plus;cleaning products;123,0;bebidas
405;940;2025-07-28;1814,12;SuperNorte;2023-01-07;Casa Verde Horticolas;produce;22,0;padaria
126;540;2028-12-31;2003,38;BomPreco;2022-12-13;Casa Verde Horticolas;produce;;mercearia
246;141;2023-04-18;2923,66;BomPreco;2021-03-04;Lacteos do Vale;dairy;161,0;fruta e legumes
246;141;2023-04-18;3199,48;BomPreco;2021-03-04;Lacteos do Vale;dairy;191,0;peixaria
419;41;2030-12-28;1492,15;Nova Compra;2026-02-16;Lacteos do Vale;dairy;74,0;peixaria
104;15;2024-07-15;1924,98;Mercado Central;2023-01-07;Higiene Plus;cleaning products;;congelados
479;881;2026-10-08;4000,0;Nova Compra;2025-03-24;Lacteos do Vale;dairy;18,0;laticinios
115;534;2032-07-13;6395,51;FreshMart Gaia;2025-01-26;Congelados Norte;frozen goods;;higiene
48;684;2024-06-28;8000,0;BomPreco;2022-10-06;Congelados Norte;frozen goods;;bebidas
61;952;2027-03-27;578,45;FreshMart Gaia;2021-12-07;Frutaria Atlantica;produce;;congelados
57;869;2030-01-05;2157,27;SuperNorte;2024-02-07;SnackHouse Distribuicao;snacks;;congelados
392;941;2025-09-18;2421,48;Mercado Central;2023-08-21;Lacteos do Vale;dairy;;talho
30;427;2033-02-06;8572,74;BomPreco;2025-01-06;Carnes Selectas;meat;29,0;peixaria
30;427;2033-06-18;3253,94;BomPreco;2025-01-06;Carnes Selectas;meat;199,0;talho
205;440;2034-05-11;1473,18;FreshMart Gaia;2026-01-02;Casa Verde Horticolas;produce;;bebidas
338;110;2025-04-04;2774,38;Mercado Central;2023-02-16;Casa Verde Horticolas;produce;;laticinios
401;627;2030-01-11;3351,97;Nova Compra;2025-07-23;Carnes Selectas;meat;;congelados
29;756;2029-06-10;1115,21;Nova Compra;2025-01-17;Padaria Industrial;bakery supplies;;congelados
249;5;2026-11-15;1364,56;SuperNorte;2023-09-28;Higiene Plus;cleaning products;27,0;laticinios
5;535;2033-08-04;1258,96;Nova Compra;2026-02-01;Higiene Plus;cleaning products;;bebidas
415;366;2027-04-23;1293,97;FreshMart Gaia;2024-03-20;Padaria Industrial;bakery supplies;;peixaria
125;423;2025-05-11;2270,0;Nova Compra;2024-01-05;Bebidas Lusas;beverages;;bebidas
65;841;2024-11-20;1513,49;Nova Compra;2024-07-21;Lacteos do Vale;dairy;;padaria
94;184;2027-12-21;4038,82;Atlantico Market;2024-06-11;Congelados Norte;frozen goods;1,0;talho
94;184;2029-02-11;2504,48;Atlantico Market;2024-06-11;Congelados Norte;frozen goods;49,0;padaria
1;476;2025-10-31;1740,05;FreshMart Gaia;2023-11-13;Padaria Industrial;bakery supplies;;peixaria
74;901;2032-11-19;1500,84;Mercado Central;2025-11-11;Lacteos do Vale;dairy;3,0;mercearia
358;778;2031-04-29;9259,5;Atlantico Market;2024-06-13;Peixe Fresco Iberico;seafood;;bebidas
437;186;2025-01-03;674,37;Nova Compra;2023-11-18;Padaria Industrial;bakery supplies;;peixaria
343;272;2023-12-13;2539,77;FreshMart Gaia;2021-12-03;Frutaria Atlantica;produce;146,0;peixaria
437;983;2030-09-28;1818,07;Nova Compra;2023-11-18;Bebidas Lusas;beverages;;fruta e legumes
359;50;2023-11-06;3487,07;Nova Compra;2021-05-09;Casa Verde Horticolas;produce;;bebidas
67;613;2029-03-24;6249,9;FreshMart Gaia;2023-11-18;Bebidas Lusas;beverages;;padaria
146;245;2023-07-20;1072,28;Mercado Central;2022-01-30;Higiene Plus;cleaning products;;peixaria
93;847;2031-10-29;3724,23;SuperNorte;2023-02-02;Carnes Selectas;meat;102,0;mercearia
106;966;2028-08-30;1228,77;Atlantico Market;2024-07-22;Padaria Industrial;bakery supplies;;congelados
178;330;2025-08-22;930,94;Atlantico Market;2023-12-25;Casa Verde Horticolas;produce;;peixaria
31;768;2026-12-16;6602,45;FreshMart Gaia;2023-08-26;Peixe Fresco Iberico;seafood;;mercearia
311;845;2030-02-27;956,03;Nova Compra;2023-04-01;Higiene Plus;cleaning products;;laticinios
144;578;2028-01-02;5797,13;BomPreco;2022-09-23;Peixe Fresco Iberico;seafood;;peixaria
414;682;2025-10-26;1384,66;BomPreco;2025-05-11;Frutaria Atlantica;produce;;talho
378;850;2025-09-10;1291,65;BomPreco;2021-04-27;Casa Verde Horticolas;produce;137,0;peixaria
339;805;2023-01-29;2500,0;SuperNorte;2022-10-13;Higiene Plus;cleaning products;155,0;peixaria
212;912;2028-01-04;2628,54;Mercado Central;2024-06-29;Frutaria Atlantica;produce;;talho
107;259;2031-05-03;847,76;Nova Compra;2025-07-14;SnackHouse Distribuicao;snacks;141,0;bebidas
107;259;2031-11-13;1112,56;Nova Compra;2025-07-14;SnackHouse Distribuicao;snacks;158,0;congelados
21;699;2024-05-18;2426,93;SuperNorte;2024-04-14;SnackHouse Distribuicao;snacks;;higiene
26;393;2026-07-29;5798,88;Mercado Central;2022-05-29;Bebidas Lusas;beverages;;peixaria
22;699;2030-08-21;884,7;Atlantico Market;2026-02-12;SnackHouse Distribuicao;snacks;;higiene
6;902;2032-09-26;2533,39;BomPreco;2026-02-05;Frutaria Atlantica;produce;;padaria
185;260;2024-03-02;2084,33;Nova Compra;2023-05-21;Casa Verde Horticolas;produce;;peixaria
367;965;2028-05-20;573,9;FreshMart Gaia;2022-02-26;Higiene Plus;cleaning products;;talho
111;228;2024-11-27;5421,45;SuperNorte;2021-08-21;Peixe Fresco Iberico;seafood;;fruta e legumes
175;568;2033-06-25;6113,68;FreshMart Gaia;2024-01-18;Peixe Fresco Iberico;seafood;;congelados
304;126;2025-07-09;1022,06;Atlantico Market;2022-07-01;Padaria Industrial;bakery supplies;59,0;congelados
328;226;2030-04-06;551,97;Atlantico Market;2024-05-28;Padaria Industrial;bakery supplies;;fruta e legumes
428;813;2027-08-06;2660,19;Mercado Central;2023-08-26;Bebidas Lusas;beverages;;fruta e legumes
121;583;2023-10-11;2833,27;FreshMart Gaia;2022-03-07;Bebidas Lusas;beverages;;bebidas
78;383;2024-11-08;2946,75;BomPreco;2022-12-29;Bebidas Lusas;beverages;46,0;talho
253;379;2023-06-13;1306,34;FreshMart Gaia;2023-05-05;SnackHouse Distribuicao;snacks;89,0;fruta e legumes
418;202;2024-01-20;1742,81;Atlantico Market;2023-10-04;Frutaria Atlantica;produce;24,0;bebidas
266;806;2023-11-01;1149,51;Mercado Central;2022-11-17;Padaria Industrial;bakery supplies;;talho
429;987;2024-04-02;10000,0;SuperNorte;2021-08-21;Carnes Selectas;meat;;padaria
29;985;2033-08-18;2034,71;Nova Compra;2025-01-17;Higiene Plus;cleaning products;;bebidas
488;255;2025-05-01;2486,91;Mercado Central;2022-02-12;Higiene Plus;cleaning products;;congelados
107;579;2034-01-02;1329,01;Nova Compra;2025-07-14;SnackHouse Distribuicao;snacks;141,0;bebidas
107;579;2029-03-10;1050,23;Nova Compra;2025-07-14;SnackHouse Distribuicao;snacks;158,0;congelados
57;247;2024-11-27;7744,94;SuperNorte;2024-02-07;Carnes Selectas;meat;;bebidas
233;299;2033-01-26;1638,01;Nova Compra;2023-12-13;SnackHouse Distribuicao;snacks;;padaria
386;810;2025-02-06;2569,8;Mercado Central;2024-08-11;Casa Verde Horticolas;produce;;fruta e legumes
263;404;2024-06-12;2890,93;Nova Compra;2022-05-13;Congelados Norte;frozen goods;47,0;peixaria
74;486;2026-12-18;1338,92;Mercado Central;2025-11-11;Padaria Industrial;bakery supplies;3,0;mercearia
51;590;2025-02-08;1709,71;SuperNorte;2021-10-07;Casa Verde Horticolas;produce;112,0;padaria
491;259;2026-11-17;1340,94;Nova Compra;2024-07-19;SnackHouse Distribuicao;snacks;;higiene
425;374;2025-03-13;3645,8;Nova Compra;2022-01-23;Congelados Norte;frozen goods;;congelados
118;643;2024-05-09;4676,04;Atlantico Market;2022-07-18;Bebidas Lusas;beverages;;higiene
413;719;2032-01-26;2337,63;Nova Compra;2025-04-04;SnackHouse Distribuicao;snacks;79,0;higiene
413;719;2032-10-20;1399,18;Nova Compra;2025-04-04;SnackHouse Distribuicao;snacks;81,0;laticinios
201;414;2027-09-28;5020,63;SuperNorte;2024-04-10;Congelados Norte;frozen goods;;peixaria
429;585;2030-11-20;1602,91;SuperNorte;2021-08-21;Higiene Plus;cleaning products;;higiene
291;41;2025-05-30;2997,32;SuperNorte;2024-09-22;Lacteos do Vale;dairy;;peixaria
450;805;2022-02-09;2143,77;BomPreco;2021-02-18;Higiene Plus;cleaning products;;higiene
375;410;2028-11-29;3500,0;SuperNorte;2024-05-11;Casa Verde Horticolas;produce;123,0;bebidas
87;752;2029-06-10;1500,59;SuperNorte;2022-03-07;Frutaria Atlantica;produce;;talho
98;839;2025-09-22;3000,0;Mercado Central;2022-12-11;SnackHouse Distribuicao;snacks;;padaria
135;1000;2023-06-17;1950,08;SuperNorte;2022-07-27;Casa Verde Horticolas;produce;;congelados
243;312;2026-11-28;1130,35;SuperNorte;2025-04-24;Frutaria Atlantica;produce;;congelados
482;705;2024-03-23;1026,07;Mercado Central;2023-10-18;Higiene Plus;cleaning products;156,0;mercearia
130;312;2024-06-20;2281,58;Atlantico Market;2021-12-14;Frutaria Atlantica;produce;;mercearia
391;522;2025-06-29;2562,23;FreshMart Gaia;2024-03-07;Frutaria Atlantica;produce;;fruta e legumes
85;762;2033-07-02;1171,01;FreshMart Gaia;2025-09-24;Frutaria Atlantica;produce;;mercearia
239;306;2022-08-22;709,11;Nova Compra;2022-04-05;Padaria Industrial;bakery supplies;120,0;mercearia
22;233;2032-05-05;2950,14;Atlantico Market;2026-02-12;Bebidas Lusas;beverages;;bebidas
423;79;2023-03-17;1118,8;SuperNorte;2022-05-09;SnackHouse Distribuicao;snacks;14,0;congelados
423;79;2023-03-17;708,03;SuperNorte;2022-05-09;SnackHouse Distribuicao;snacks;55,0;talho
266;554;2030-12-26;1583,95;Mercado Central;2022-11-17;Congelados Norte;frozen goods;;fruta e legumes
115;322;2025-03-07;1557,95;FreshMart Gaia;2025-01-26;Frutaria Atlantica;produce;;laticinios
303;443;2025-03-12;4200,45;SuperNorte;2025-02-15;Bebidas Lusas;beverages;;mercearia
161;170;2024-04-20;2484,82;Nova Compra;2021-02-26;Casa Verde Horticolas;produce;;fruta e legumes
37;120;2027-10-23;1002,14;FreshMart Gaia;2022-12-13;Casa Verde Horticolas;produce;15,0;bebidas
392;766;2026-04-25;545,85;Mercado Central;2023-08-21;Padaria Industrial;bakery supplies;;congelados
5;253;2032-10-28;2957,04;Nova Compra;2026-02-01;Bebidas Lusas;beverages;;bebidas
31;769;2025-06-29;1652,48;FreshMart Gaia;2023-08-26;SnackHouse Distribuicao;snacks;;bebidas
8;182;2025-05-31;2912,87;Mercado Central;2024-02-04;Frutaria Atlantica;produce;172,0;talho
496;453;2034-12-08;5179,62;Atlantico Market;2025-03-17;Bebidas Lusas;beverages;;padaria
244;300;2023-06-06;1567,78;Atlantico Market;2023-01-21;Casa Verde Horticolas;produce;133,0;higiene
244;300;2023-02-24;2175,49;Atlantico Market;2023-01-21;Casa Verde Horticolas;produce;168,0;bebidas
36;733;2022-09-17;2565,53;BomPreco;2021-03-31;Bebidas Lusas;beverages;;laticinios
250;21;2028-04-24;2223,15;Atlantico Market;2025-01-13;Lacteos do Vale;dairy;;padaria
452;881;2024-03-11;2090,45;Mercado Central;2022-07-29;Lacteos do Vale;dairy;193,0;padaria
452;881;2024-03-11;4000,0;Mercado Central;2022-07-29;Lacteos do Vale;dairy;195,0;bebidas
87;460;2022-07-12;2310,09;SuperNorte;2022-03-07;Casa Verde Horticolas;produce;;mercearia
449;424;2024-08-07;3039,71;Nova Compra;2024-02-23;Congelados Norte;frozen goods;;mercearia
179;823;2027-01-24;2663,14;Nova Compra;2024-10-24;Bebidas Lusas;beverages;;peixaria
356;1;2023-08-02;1850,72;Mercado Central;2022-08-06;Lacteos do Vale;dairy;;higiene
399;814;2033-12-13;2126,77;SuperNorte;2024-04-02;Congelados Norte;frozen goods;;talho
219;952;2031-03-05;1668,09;SuperNorte;2025-01-12;Frutaria Atlantica;produce;175,0;padaria
178;331;2028-08-21;2015,41;Atlantico Market;2023-12-25;Lacteos do Vale;dairy;;mercearia
240;566;2025-09-29;1233,6;BomPreco;2023-03-19;Padaria Industrial;bakery supplies;106,0;higiene
264;739;2028-11-17;2173,27;BomPreco;2024-03-30;SnackHouse Distribuicao;snacks;;mercearia
383;159;2025-10-27;1725,1;Nova Compra;2023-04-24;SnackHouse Distribuicao;snacks;;talho
203;28;2032-11-01;3121,47;Nova Compra;2024-03-02;Peixe Fresco Iberico;seafood;45,0;laticinios
77;504;2025-06-29;2482,2;Nova Compra;2023-01-26;Congelados Norte;frozen goods;;laticinios
117;599;2026-11-04;1256,69;SuperNorte;2025-08-17;SnackHouse Distribuicao;snacks;;peixaria
465;779;2034-08-30;2212,91;SuperNorte;2024-12-20;SnackHouse Distribuicao;snacks;;laticinios
197;633;2024-07-03;4953,49;Nova Compra;2023-07-18;Bebidas Lusas;beverages;;fruta e legumes
278;915;2025-05-07;1229,01;Mercado Central;2021-03-28;Higiene Plus;cleaning products;;padaria
382;471;2026-02-14;4000,0;Atlantico Market;2023-09-03;Lacteos do Vale;dairy;;mercearia
60;254;2028-04-25;8000,0;BomPreco;2021-08-03;Congelados Norte;frozen goods;;fruta e legumes
143;803;2034-10-23;6551,67;Nova Compra;2025-12-20;Bebidas Lusas;beverages;128,0;peixaria
489;391;2024-05-10;2946,93;SuperNorte;2023-09-27;Lacteos do Vale;dairy;;laticinios
202;829;2026-06-18;2028,14;Atlantico Market;2022-03-22;SnackHouse Distribuicao;snacks;;congelados
144;718;2024-06-09;7731,57;BomPreco;2022-09-23;Peixe Fresco Iberico;seafood;;peixaria
103;831;2024-10-30;954,28;FreshMart Gaia;2022-12-24;Lacteos do Vale;dairy;;bebidas
279;999;2025-11-08;1028,08;SuperNorte;2022-10-07;SnackHouse Distribuicao;snacks;;bebidas
368;396;2026-08-11;904,87;Mercado Central;2022-05-09;Padaria Industrial;bakery supplies;;bebidas
290;366;2029-01-29;1059,23;Mercado Central;2022-12-23;Padaria Industrial;bakery supplies;;laticinios
366;998;2023-10-13;6145,97;BomPreco;2021-10-13;Peixe Fresco Iberico;seafood;;peixaria
363;833;2026-02-16;4238,8;SuperNorte;2025-10-30;Bebidas Lusas;beverages;;congelados
479;290;2025-10-23;717,99;Nova Compra;2025-03-24;Casa Verde Horticolas;produce;18,0;laticinios
219;483;2027-02-03;4708,2;SuperNorte;2025-01-12;Bebidas Lusas;beverages;175,0;padaria
265;253;2028-07-13;3856,34;FreshMart Gaia;2022-10-08;Bebidas Lusas;beverages;72,0;laticinios
265;253;2031-06-04;3446,65;FreshMart Gaia;2022-10-08;Bebidas Lusas;beverages;114,0;bebidas
50;261;2025-06-30;3263,36;Mercado Central;2025-02-27;Lacteos do Vale;dairy;;bebidas
318;317;2022-01-18;3373,36;BomPreco;2021-03-16;Carnes Selectas;meat;88,0;higiene
482;599;2032-03-20;1483,16;Mercado Central;2023-10-18;SnackHouse Distribuicao;snacks;156,0;mercearia
321;167;2030-07-23;6137,31;SuperNorte;2022-07-21;Carnes Selectas;meat;77,0;congelados
217;709;2022-08-20;1124,03;FreshMart Gaia;2021-10-15;SnackHouse Distribuicao;snacks;171,0;laticinios
37;228;2023-03-11;2638,73;FreshMart Gaia;2022-12-13;Peixe Fresco Iberico;seafood;15,0;bebidas
71;932;2024-08-13;1101,11;Nova Compra;2024-03-23;Frutaria Atlantica;produce;136,0;talho
150;918;2027-06-26;6313,42;BomPreco;2025-02-06;Peixe Fresco Iberico;seafood;;padaria
282;265;2023-08-04;1229,24;BomPreco;2022-10-01;Higiene Plus;cleaning products;31,0;padaria
282;265;2023-08-04;1363,74;BomPreco;2022-10-01;Higiene Plus;cleaning products;142,0;higiene
202;701;2023-11-03;1598,06;Atlantico Market;2022-03-22;Lacteos do Vale;dairy;;peixaria
414;604;2028-07-31;2382,37;BomPreco;2025-05-11;Congelados Norte;frozen goods;;peixaria
103;92;2023-07-31;1967,65;FreshMart Gaia;2022-12-24;Frutaria Atlantica;produce;;mercearia
186;549;2022-02-14;1530,88;BomPreco;2021-08-09;SnackHouse Distribuicao;snacks;;mercearia
68;699;2025-10-24;2198,56;Mercado Central;2023-11-14;SnackHouse Distribuicao;snacks;;talho
451;494;2022-07-10;3071,47;FreshMart Gaia;2022-01-11;Congelados Norte;frozen goods;63,0;laticinios
305;317;2023-09-10;2174,97;Nova Compra;2023-08-27;Carnes Selectas;meat;;laticinios
344;770;2025-11-30;573,03;Mercado Central;2021-06-15;Casa Verde Horticolas;produce;;peixaria
453;952;2030-03-09;1544,23;SuperNorte;2025-10-17;Frutaria Atlantica;produce;;bebidas
309;188;2029-08-20;6885,11;SuperNorte;2024-03-19;Peixe Fresco Iberico;seafood;;peixaria
227;270;2028-08-04;1666,37;Nova Compra;2022-03-15;Casa Verde Horticolas;produce;;congelados
99;249;2025-10-14;1279,48;SuperNorte;2025-09-02;SnackHouse Distribuicao;snacks;;higiene
398;321;2028-03-24;1050,58;Mercado Central;2026-02-14;Lacteos do Vale;dairy;;congelados
116;561;2024-05-04;918,75;Mercado Central;2022-10-19;Lacteos do Vale;dairy;;fruta e legumes
351;168;2022-09-03;7668,15;SuperNorte;2021-03-14;Peixe Fresco Iberico;seafood;;talho
65;120;2033-07-29;1669,9;Nova Compra;2024-07-21;Casa Verde Horticolas;produce;;fruta e legumes
137;793;2023-03-11;3184,11;Nova Compra;2021-03-16;Bebidas Lusas;beverages;150,0;bebidas
51;163;2023-08-21;1873,8;SuperNorte;2021-10-07;Bebidas Lusas;beverages;112,0;padaria
80;111;2021-12-12;1391,88;Mercado Central;2021-08-21;Lacteos do Vale;dairy;;laticinios
131;916;2025-04-04;1020,5;Nova Compra;2022-05-27;Padaria Industrial;bakery supplies;152,0;fruta e legumes
155;963;2024-12-07;4262,4;Nova Compra;2021-06-09;Bebidas Lusas;beverages;121,0;padaria
322;860;2033-03-19;1718,2;Atlantico Market;2026-01-04;Casa Verde Horticolas;produce;34,0;higiene
125;136;2024-07-11;1800,0;Nova Compra;2024-01-05;Padaria Industrial;bakery supplies;;congelados
289;704;2027-06-05;3318,93;FreshMart Gaia;2024-01-14;Congelados Norte;frozen goods;70,0;higiene
289;704;2029-10-26;7673,0;FreshMart Gaia;2024-01-14;Congelados Norte;frozen goods;138,0;mercearia
51;1000;2028-12-15;2039,64;SuperNorte;2021-10-07;Casa Verde Horticolas;produce;112,0;padaria
119;650;2033-07-12;1942,25;Nova Compra;2024-10-31;Casa Verde Horticolas;produce;;padaria
479;146;2025-12-28;1521,41;Nova Compra;2025-03-24;Padaria Industrial;bakery supplies;18,0;laticinios
300;252;2025-10-23;1397,0;BomPreco;2022-06-18;Frutaria Atlantica;produce;;congelados
250;57;2026-02-04;4656,47;Atlantico Market;2025-01-13;Carnes Selectas;meat;;congelados
387;141;2027-06-03;1239,71;SuperNorte;2022-10-15;Lacteos do Vale;dairy;66,0;mercearia
420;373;2029-11-30;5712,18;BomPreco;2021-05-15;Bebidas Lusas;beverages;;congelados
391;553;2024-12-08;4361,14;FreshMart Gaia;2024-03-07;Bebidas Lusas;beverages;;laticinios
152;269;2024-02-11;2704,14;Mercado Central;2023-11-30;SnackHouse Distribuicao;snacks;;fruta e legumes
407;291;2029-01-26;2357,63;Nova Compra;2024-05-16;Lacteos do Vale;dairy;;fruta e legumes
146;115;2022-06-09;2258,78;Mercado Central;2022-01-30;Higiene Plus;cleaning products;;padaria
225;512;2035-02-26;1321,68;SuperNorte;2025-06-18;Frutaria Atlantica;produce;97,0;higiene
303;619;2033-01-26;2572,9;SuperNorte;2025-02-15;SnackHouse Distribuicao;snacks;;talho
475;395;2034-10-23;1149,63;FreshMart Gaia;2025-02-17;Higiene Plus;cleaning products;124,0;higiene
72;517;2030-03-22;5406,16;BomPreco;2021-04-11;Carnes Selectas;meat;;peixaria
43;961;2029-03-01;2983,89;FreshMart Gaia;2025-06-14;Lacteos do Vale;dairy;;mercearia
111;737;2023-09-12;10000,0;SuperNorte;2021-08-21;Carnes Selectas;meat;;peixaria
248;799;2034-08-05;2386,43;Mercado Central;2025-02-23;SnackHouse Distribuicao;snacks;8,0;fruta e legumes
47;500;2025-07-11;2791,67;Nova Compra;2025-02-04;Casa Verde Horticolas;produce;86,0;congelados
252;220;2028-05-29;1447,4;BomPreco;2022-11-20;Casa Verde Horticolas;produce;;talho
353;522;2022-07-31;1985,43;Nova Compra;2021-02-20;Frutaria Atlantica;produce;;peixaria
298;631;2027-01-05;2059,22;Atlantico Market;2023-03-05;Lacteos do Vale;dairy;;congelados
495;349;2025-10-08;3000,0;SuperNorte;2022-10-02;SnackHouse Distribuicao;snacks;110,0;peixaria
244;118;2025-09-11;6086,86;Atlantico Market;2023-01-21;Peixe Fresco Iberico;seafood;133,0;higiene
244;118;2025-09-11;11818,26;Atlantico Market;2023-01-21;Peixe Fresco Iberico;seafood;168,0;bebidas
48;32;2023-02-01;1029,88;BomPreco;2022-10-06;Frutaria Atlantica;produce;;mercearia
313;492;2026-01-16;3471,67;FreshMart Gaia;2023-03-30;Frutaria Atlantica;produce;109,0;talho
306;197;2034-06-02;3664,78;BomPreco;2025-04-13;Carnes Selectas;meat;;laticinios
500;613;2029-09-19;5506,91;Mercado Central;2022-04-18;Bebidas Lusas;beverages;;higiene
333;672;2025-08-03;1253,87;SuperNorte;2021-06-28;Frutaria Atlantica;produce;;peixaria
88;362;2021-05-10;2443,53;Atlantico Market;2021-03-26;Frutaria Atlantica;produce;62,0;fruta e legumes
134;547;2031-04-05;3501,65;Mercado Central;2024-07-19;Carnes Selectas;meat;;padaria
146;931;2025-08-08;3427,68;Mercado Central;2022-01-30;Lacteos do Vale;dairy;;peixaria
251;620;2025-10-28;2706,2;Nova Compra;2023-03-21;Casa Verde Horticolas;produce;;padaria
6;870;2034-07-03;1411,82;BomPreco;2026-02-05;Casa Verde Horticolas;produce;;padaria
24;275;2023-04-19;1783,53;BomPreco;2023-04-04;Higiene Plus;cleaning products;;mercearia
210;969;2024-08-05;2527,22;BomPreco;2023-03-24;SnackHouse Distribuicao;snacks;;talho
43;166;2032-10-06;660,01;FreshMart Gaia;2025-06-14;Padaria Industrial;bakery supplies;;fruta e legumes
498;589;2023-11-25;1036,11;BomPreco;2023-08-24;SnackHouse Distribuicao;snacks;;padaria
325;219;2024-10-30;1018,86;FreshMart Gaia;2024-03-27;SnackHouse Distribuicao;snacks;;higiene
32;639;2026-06-24;955,92;Mercado Central;2023-07-31;SnackHouse Distribuicao;snacks;;padaria
337;252;2025-12-02;1139,9;FreshMart Gaia;2025-05-15;Frutaria Atlantica;produce;117,0;laticinios
155;436;2025-08-18;1516,12;Nova Compra;2021-06-09;Padaria Industrial;bakery supplies;121,0;padaria
356;327;2024-03-22;6940,9;Mercado Central;2022-08-06;Carnes Selectas;meat;;bebidas
456;4;2025-06-14;2004,54;BomPreco;2025-06-07;Congelados Norte;frozen goods;;fruta e legumes
163;224;2024-03-15;3417,95;FreshMart Gaia;2021-05-29;Congelados Norte;frozen goods;;fruta e legumes
321;714;2024-10-03;2553,82;SuperNorte;2022-07-21;Congelados Norte;frozen goods;77,0;congelados
484;998;2024-04-25;9578,21;Atlantico Market;2024-03-22;Peixe Fresco Iberico;seafood;;peixaria
222;909;2022-06-15;1347,75;BomPreco;2021-07-06;SnackHouse Distribuicao;snacks;;mercearia
427;512;2031-11-02;923,29;FreshMart Gaia;2023-12-18;Frutaria Atlantica;produce;;congelados
45;412;2025-12-04;1997,23;SuperNorte;2021-03-03;Frutaria Atlantica;produce;145,0;talho
198;255;2029-05-01;1806,47;BomPreco;2025-11-21;Higiene Plus;cleaning products;;peixaria
179;77;2029-02-01;3515,69;Nova Compra;2024-10-24;Carnes Selectas;meat;;talho
198;517;2033-03-20;4793,15;BomPreco;2025-11-21;Carnes Selectas;meat;;higiene
266;990;2023-05-22;1232,58;Mercado Central;2022-11-17;Casa Verde Horticolas;produce;;bebidas
487;732;2025-09-29;3238,17;FreshMart Gaia;2024-08-09;Frutaria Atlantica;produce;;congelados
424;154;2028-02-04;3541,34;Atlantico Market;2025-08-18;Congelados Norte;frozen goods;;laticinios
248;35;2028-08-19;993,65;Mercado Central;2025-02-23;Higiene Plus;cleaning products;8,0;fruta e legumes
252;728;2026-05-06;6351,59;BomPreco;2022-11-20;Peixe Fresco Iberico;seafood;;higiene
368;310;2025-05-26;1685,04;Mercado Central;2022-05-09;Casa Verde Horticolas;produce;;congelados
167;476;2025-07-31;1363,18;Nova Compra;2024-08-25;Padaria Industrial;bakery supplies;;talho
275;674;2034-10-05;7432,31;Nova Compra;2025-12-22;Congelados Norte;frozen goods;35,0;fruta e legumes
162;164;2034-10-10;7457,69;BomPreco;2024-11-21;Congelados Norte;frozen goods;;talho
81;760;2030-05-26;1557,88;SuperNorte;2024-04-22;Casa Verde Horticolas;produce;130,0;padaria
115;813;2026-01-25;4301,9;FreshMart Gaia;2025-01-26;Bebidas Lusas;beverages;;talho
90;640;2024-07-30;3500,0;BomPreco;2023-09-21;Casa Verde Horticolas;produce;9,0;laticinios
34;459;2029-05-23;3000,0;Atlantico Market;2021-09-25;SnackHouse Distribuicao;snacks;;congelados
10;357;2027-07-21;3640,94;Atlantico Market;2024-07-05;Carnes Selectas;meat;;bebidas
409;620;2034-05-28;2414,99;FreshMart Gaia;2025-03-31;Casa Verde Horticolas;produce;;bebidas
157;675;2030-08-08;1663,45;FreshMart Gaia;2024-10-04;Higiene Plus;cleaning products;;laticinios
28;475;2023-06-06;2086,17;Atlantico Market;2023-02-26;Higiene Plus;cleaning products;;congelados
183;876;2024-04-10;1750,02;SuperNorte;2022-11-01;Padaria Industrial;bakery supplies;178,0;higiene
152;87;2024-08-21;3380,28;Mercado Central;2023-11-30;Carnes Selectas;meat;;peixaria
178;369;2024-10-09;1209,21;Atlantico Market;2023-12-25;SnackHouse Distribuicao;snacks;;peixaria
179;884;2028-09-04;6469,11;Nova Compra;2024-10-24;Congelados Norte;frozen goods;;talho
275;952;2034-07-23;1977,43;Nova Compra;2025-12-22;Frutaria Atlantica;produce;35,0;fruta e legumes
255;311;2028-04-07;789,16;SuperNorte;2024-01-22;Lacteos do Vale;dairy;129,0;mercearia
459;900;2025-01-31;874,03;SuperNorte;2023-06-20;Casa Verde Horticolas;produce;;mercearia
169;402;2029-05-16;2492,64;FreshMart Gaia;2025-07-10;Frutaria Atlantica;produce;;congelados
366;996;2029-05-26;1458,78;BomPreco;2021-10-13;Padaria Industrial;bakery supplies;;talho
120;836;2030-09-15;544,84;BomPreco;2025-05-31;Padaria Industrial;bakery supplies;6,0;bebidas
90;42;2024-12-17;3033,79;BomPreco;2023-09-21;Frutaria Atlantica;produce;9,0;laticinios
351;943;2024-07-22;3431,64;SuperNorte;2021-03-14;Bebidas Lusas;beverages;;talho
107;18;2026-10-15;4102,88;Nova Compra;2025-07-14;Peixe Fresco Iberico;seafood;141,0;bebidas
107;18;2026-01-01;5051,42;Nova Compra;2025-07-14;Peixe Fresco Iberico;seafood;158,0;congelados
314;185;2029-02-24;793,12;Mercado Central;2024-07-14;Higiene Plus;cleaning products;;talho
13;176;2024-11-16;757,93;FreshMart Gaia;2022-10-16;Padaria Industrial;bakery supplies;;mercearia
71;544;2028-04-20;1854,49;Nova Compra;2024-03-23;Congelados Norte;frozen goods;136,0;talho
241;14;2025-01-27;4159,48;FreshMart Gaia;2022-04-14;Congelados Norte;frozen goods;51,0;bebidas
89;217;2023-02-07;7032,92;Nova Compra;2021-05-28;Carnes Selectas;meat;;higiene
325;74;2030-08-14;2344,97;FreshMart Gaia;2024-03-27;Congelados Norte;frozen goods;;congelados
286;296;2031-01-10;1007,69;Atlantico Market;2026-01-18;Padaria Industrial;bakery supplies;;talho
150;612;2027-04-22;1288,0;BomPreco;2025-02-06;Frutaria Atlantica;produce;;congelados
489;896;2024-09-06;1351,16;SuperNorte;2023-09-27;Padaria Industrial;bakery supplies;;padaria
442;339;2028-02-04;582,34;Atlantico Market;2024-05-24;SnackHouse Distribuicao;snacks;143,0;fruta e legumes
30;826;2029-09-11;1377,61;BomPreco;2025-01-06;Padaria Industrial;bakery supplies;29,0;peixaria
30;826;2028-05-10;441,32;BomPreco;2025-01-06;Padaria Industrial;bakery supplies;199,0;talho
379;837;2025-03-13;4913,2;FreshMart Gaia;2024-02-27;Carnes Selectas;meat;;talho
263;360;2025-03-19;1344,7;Nova Compra;2022-05-13;Casa Verde Horticolas;produce;47,0;peixaria
193;414;2027-12-01;3655,74;FreshMart Gaia;2022-02-11;Congelados Norte;frozen goods;;fruta e legumes
6;27;2027-04-12;2713,32;BomPreco;2026-02-05;Carnes Selectas;meat;;higiene
427;880;2025-02-10;3500,0;FreshMart Gaia;2023-12-18;Casa Verde Horticolas;produce;;fruta e legumes
11;329;2024-11-17;924,8;Nova Compra;2022-01-12;SnackHouse Distribuicao;snacks;;bebidas
291;867;2024-12-05;3136,02;SuperNorte;2024-09-22;Carnes Selectas;meat;;congelados
152;647;2024-11-02;10000,0;Mercado Central;2023-11-30;Carnes Selectas;meat;;talho
9;420;2029-07-26;2139,13;SuperNorte;2022-10-26;Casa Verde Horticolas;produce;23,0;congelados
404;825;2027-10-28;781,95;Mercado Central;2024-09-04;Higiene Plus;cleaning products;;congelados
104;312;2023-06-29;1745,83;Mercado Central;2023-01-07;Frutaria Atlantica;produce;;higiene
363;122;2034-03-25;1663,81;SuperNorte;2025-10-30;Frutaria Atlantica;produce;;congelados
262;439;2024-11-14;772,08;Atlantico Market;2023-03-24;SnackHouse Distribuicao;snacks;;higiene
486;229;2025-11-14;1172,99;BomPreco;2022-02-26;SnackHouse Distribuicao;snacks;;talho
187;719;2023-07-28;1630,53;FreshMart Gaia;2023-07-04;SnackHouse Distribuicao;snacks;;mercearia
274;589;2024-08-09;2917,31;Atlantico Market;2021-09-17;SnackHouse Distribuicao;snacks;;mercearia
203;958;2024-06-10;5970,49;Nova Compra;2024-03-02;Peixe Fresco Iberico;seafood;45,0;laticinios
91;320;2026-02-06;1757,77;FreshMart Gaia;2025-05-06;Casa Verde Horticolas;produce;92,0;peixaria
344;93;2025-08-04;2598,49;Mercado Central;2021-06-15;Bebidas Lusas;beverages;;mercearia
182;497;2025-12-08;8842,32;Mercado Central;2021-08-07;Carnes Selectas;meat;85,0;padaria
244;133;2029-03-25;5628,26;Atlantico Market;2023-01-21;Bebidas Lusas;beverages;133,0;higiene
244;133;2030-10-22;5349,25;Atlantico Market;2023-01-21;Bebidas Lusas;beverages;168,0;bebidas
427;28;2031-11-16;6835,5;FreshMart Gaia;2023-12-18;Peixe Fresco Iberico;seafood;;fruta e legumes
81;973;2025-01-27;1826,49;SuperNorte;2024-04-22;Bebidas Lusas;beverages;130,0;padaria
201;766;2033-07-20;1630,69;SuperNorte;2024-04-10;Padaria Industrial;bakery supplies;;fruta e legumes
33;784;2031-06-15;4412,38;SuperNorte;2024-06-15;Congelados Norte;frozen goods;;peixaria
318;971;2022-10-24;1871,24;BomPreco;2021-03-16;Lacteos do Vale;dairy;88,0;higiene
286;552;2032-12-07;2263,68;Atlantico Market;2026-01-18;Frutaria Atlantica;produce;;padaria
390;11;2022-02-26;2378,22;BomPreco;2021-05-05;Lacteos do Vale;dairy;;bebidas
17;389;2025-06-01;1019,83;Nova Compra;2021-06-10;SnackHouse Distribuicao;snacks;;laticinios
151;102;2028-08-30;1601,32;FreshMart Gaia;2024-04-02;Frutaria Atlantica;produce;;higiene
171;187;2029-06-02;2292,3;SuperNorte;2025-12-02;Carnes Selectas;meat;13,0;padaria
428;469;2032-02-26;1715,13;Mercado Central;2023-08-26;SnackHouse Distribuicao;snacks;;laticinios
185;724;2031-03-15;7823,82;Nova Compra;2023-05-21;Congelados Norte;frozen goods;;fruta e legumes
477;368;2026-01-17;2897,29;SuperNorte;2022-01-25;Peixe Fresco Iberico;seafood;;padaria
215;384;2028-05-07;4556,24;Nova Compra;2022-05-12;Congelados Norte;frozen goods;;laticinios
381;142;2023-04-29;2499,28;SuperNorte;2021-05-16;Frutaria Atlantica;produce;;talho
399;845;2025-05-06;1985,39;SuperNorte;2024-04-02;Higiene Plus;cleaning products;;congelados
67;223;2025-01-19;2680,41;FreshMart Gaia;2023-11-18;Bebidas Lusas;beverages;;higiene
382;158;2027-03-22;3958,24;Atlantico Market;2023-09-03;Peixe Fresco Iberico;seafood;;peixaria
107;969;2034-06-09;1266,94;Nova Compra;2025-07-14;SnackHouse Distribuicao;snacks;141,0;bebidas
107;969;2032-08-22;2819,8;Nova Compra;2025-07-14;SnackHouse Distribuicao;snacks;158,0;congelados
140;463;2023-06-30;1737,51;Mercado Central;2022-07-22;Bebidas Lusas;beverages;;laticinios
441;209;2022-01-13;954,65;SuperNorte;2021-08-16;SnackHouse Distribuicao;snacks;179,0;fruta e legumes
318;638;2024-02-13;5287,55;BomPreco;2021-03-16;Peixe Fresco Iberico;seafood;88,0;higiene
110;191;2032-04-11;1385,99;Mercado Central;2024-05-11;Lacteos do Vale;dairy;;talho
383;854;2025-09-29;4220,11;Nova Compra;2023-04-24;Congelados Norte;frozen goods;;congelados
343;128;2031-03-04;12000,0;FreshMart Gaia;2021-12-03;Peixe Fresco Iberico;seafood;146,0;peixaria
438;653;2022-10-22;2181,55;BomPreco;2022-04-17;Bebidas Lusas;beverages;116,0;fruta e legumes
375;844;2027-03-07;4025,91;SuperNorte;2024-05-11;Congelados Norte;frozen goods;123,0;bebidas
209;24;2029-02-01;4284,06;Nova Compra;2022-12-23;Congelados Norte;frozen goods;125,0;fruta e legumes
108;74;2026-02-08;3698,96;BomPreco;2021-06-26;Congelados Norte;frozen goods;;higiene
109;72;2024-11-29;909,28;FreshMart Gaia;2021-02-19;Frutaria Atlantica;produce;;laticinios
444;300;2034-02-15;1388,42;BomPreco;2025-11-27;Casa Verde Horticolas;produce;164,0;peixaria
131;68;2023-06-09;4884,79;Nova Compra;2022-05-27;Peixe Fresco Iberico;seafood;152,0;fruta e legumes
122;525;2025-11-04;1828,56;Mercado Central;2022-11-09;Higiene Plus;cleaning products;30,0;mercearia
177;676;2024-06-30;1207,81;SuperNorte;2023-05-04;Padaria Industrial;bakery supplies;;bebidas
445;281;2034-05-21;1069,42;FreshMart Gaia;2025-09-12;Lacteos do Vale;dairy;;bebidas
282;906;2024-09-22;840,12;BomPreco;2022-10-01;Padaria Industrial;bakery supplies;31,0;padaria
282;906;2024-09-22;798,42;BomPreco;2022-10-01;Padaria Industrial;bakery supplies;142,0;higiene
86;763;2027-10-03;7000,0;Mercado Central;2025-11-24;Bebidas Lusas;beverages;;laticinios
258;126;2033-03-10;1140,58;BomPreco;2025-02-11;Padaria Industrial;bakery supplies;73,0;talho
258;126;2027-07-18;615,79;BomPreco;2025-02-11;Padaria Industrial;bakery supplies;100,0;talho
224;980;2028-09-12;1304,25;Mercado Central;2024-04-11;Casa Verde Horticolas;produce;98,0;fruta e legumes
460;377;2025-07-15;4554,22;Atlantico Market;2024-04-23;Carnes Selectas;meat;;mercearia
495;796;2028-09-18;1177,11;SuperNorte;2022-10-02;Padaria Industrial;bakery supplies;110,0;peixaria
24;841;2032-03-16;2674,29;BomPreco;2023-04-04;Lacteos do Vale;dairy;;mercearia
353;715;2022-03-23;1504,82;Nova Compra;2021-02-20;Higiene Plus;cleaning products;;bebidas
302;560;2023-10-09;1683,36;Mercado Central;2023-08-01;Casa Verde Horticolas;produce;;higiene
372;91;2025-05-27;2022,37;BomPreco;2025-04-26;Lacteos do Vale;dairy;;padaria
106;338;2031-10-29;6133,5;Atlantico Market;2024-07-22;Peixe Fresco Iberico;seafood;;padaria
487;268;2027-04-24;2913,9;FreshMart Gaia;2024-08-09;Peixe Fresco Iberico;seafood;;higiene
220;460;2025-11-09;1799,67;Atlantico Market;2024-11-09;Casa Verde Horticolas;produce;;peixaria
388;23;2025-03-04;2892,12;Atlantico Market;2022-12-28;Bebidas Lusas;beverages;;peixaria
42;842;2030-08-04;879,34;BomPreco;2022-11-03;Frutaria Atlantica;produce;;congelados
496;456;2029-11-23;1800,0;Atlantico Market;2025-03-17;Padaria Industrial;bakery supplies;;fruta e legumes
422;765;2024-11-25;1581,76;Mercado Central;2021-05-10;Higiene Plus;cleaning products;;higiene
52;257;2028-03-22;5431,93;Atlantico Market;2025-01-08;Carnes Selectas;meat;;congelados
339;581;2024-06-12;1819,32;SuperNorte;2022-10-13;Lacteos do Vale;dairy;155,0;peixaria
165;204;2025-04-18;5972,8;SuperNorte;2024-06-21;Congelados Norte;frozen goods;;padaria
114;725;2029-11-02;814,99;BomPreco;2025-03-11;Higiene Plus;cleaning products;;congelados
63;48;2026-10-10;5646,78;SuperNorte;2023-01-21;Peixe Fresco Iberico;seafood;50,0;congelados
63;48;2031-08-26;4234,75;SuperNorte;2023-01-21;Peixe Fresco Iberico;seafood;132,0;bebidas
264;139;2029-11-16;2282,97;BomPreco;2024-03-30;SnackHouse Distribuicao;snacks;;fruta e legumes
456;568;2033-01-08;4480,65;BomPreco;2025-06-07;Peixe Fresco Iberico;seafood;;fruta e legumes
339;118;2023-06-05;10669,61;SuperNorte;2022-10-13;Peixe Fresco Iberico;seafood;155,0;peixaria
66;156;2023-01-16;956,31;BomPreco;2022-09-19;Padaria Industrial;bakery supplies;;higiene
67;206;2033-10-23;1416,97;FreshMart Gaia;2023-11-18;Padaria Industrial;bakery supplies;;congelados
51;545;2026-08-11;1646,07;SuperNorte;2021-10-07;Higiene Plus;cleaning products;112,0;padaria
78;34;2031-09-19;6925,95;BomPreco;2022-12-29;Congelados Norte;frozen goods;46,0;talho
251;693;2026-10-08;2461,88;Nova Compra;2023-03-21;Bebidas Lusas;beverages;;fruta e legumes
190;190;2025-11-20;2780,74;Atlantico Market;2025-05-26;Casa Verde Horticolas;produce;;fruta e legumes
464;828;2025-09-26;2811,27;Mercado Central;2022-08-25;Peixe Fresco Iberico;seafood;;padaria
239;849;2025-02-15;1682,33;Nova Compra;2022-04-05;SnackHouse Distribuicao;snacks;120,0;mercearia
307;668;2030-01-25;5084,2;FreshMart Gaia;2022-08-19;Peixe Fresco Iberico;seafood;197,0;fruta e legumes
466;912;2024-10-14;983,28;Atlantico Market;2022-02-26;Frutaria Atlantica;produce;99,0;laticinios
324;644;2029-07-24;2876,37;BomPreco;2023-12-10;Congelados Norte;frozen goods;;peixaria
47;216;2028-11-07;749,54;Nova Compra;2025-02-04;Padaria Industrial;bakery supplies;86,0;congelados
212;491;2025-05-22;1968,0;Mercado Central;2024-06-29;Lacteos do Vale;dairy;;higiene
327;673;2028-11-19;2961,14;SuperNorte;2023-06-01;Bebidas Lusas;beverages;94,0;padaria
78;191;2028-11-15;2228,84;BomPreco;2022-12-29;Lacteos do Vale;dairy;46,0;talho
47;931;2025-05-13;1479,78;Nova Compra;2025-02-04;Lacteos do Vale;dairy;86,0;congelados
79;69;2025-04-27;1331,34;FreshMart Gaia;2023-10-18;SnackHouse Distribuicao;snacks;2,0;peixaria
79;69;2025-04-27;1448,74;FreshMart Gaia;2023-10-18;SnackHouse Distribuicao;snacks;67,0;padaria
253;714;2025-01-20;4667,2;FreshMart Gaia;2023-05-05;Congelados Norte;frozen goods;89,0;fruta e legumes
419;725;2033-08-05;2014,63;Nova Compra;2026-02-16;Higiene Plus;cleaning products;74,0;peixaria
164;533;2022-09-19;5506,36;Mercado Central;2022-03-01;Bebidas Lusas;beverages;165,0;mercearia
164;533;2022-09-19;4172,95;Mercado Central;2022-03-01;Bebidas Lusas;beverages;181,0;talho
433;98;2025-05-25;7888,58;FreshMart Gaia;2024-07-23;Peixe Fresco Iberico;seafood;28,0;talho
386;504;2025-08-10;4947,86;Mercado Central;2024-08-11;Congelados Norte;frozen goods;;fruta e legumes
331;470;2024-05-30;1605,76;FreshMart Gaia;2021-12-05;Casa Verde Horticolas;produce;;laticinios
369;872;2032-11-26;2774,44;SuperNorte;2024-02-08;Frutaria Atlantica;produce;;talho
133;574;2026-05-19;2849,37;FreshMart Gaia;2023-08-18;Congelados Norte;frozen goods;26,0;fruta e legumes
231;939;2032-08-10;656,46;SuperNorte;2025-05-07;SnackHouse Distribuicao;snacks;;bebidas
436;792;2024-04-07;1157,79;Atlantico Market;2023-12-11;Frutaria Atlantica;produce;189,0;laticinios
10;152;2025-12-19;3478,46;Atlantico Market;2024-07-05;Frutaria Atlantica;produce;;higiene
409;907;2031-02-22;4727,77;FreshMart Gaia;2025-03-31;Carnes Selectas;meat;;laticinios
481;477;2029-11-23;6108,96;FreshMart Gaia;2023-11-19;Carnes Selectas;meat;166,0;padaria
365;440;2031-06-03;1635,43;Nova Compra;2023-06-30;Casa Verde Horticolas;produce;;bebidas
47;689;2025-12-13;2124,47;Nova Compra;2025-02-04;SnackHouse Distribuicao;snacks;86,0;congelados
25;406;2025-02-13;1032,33;FreshMart Gaia;2024-05-31;Padaria Industrial;bakery supplies;;talho
435;650;2027-11-08;1793,77;SuperNorte;2024-08-06;Casa Verde Horticolas;produce;;peixaria
214;774;2025-10-30;5667,88;Atlantico Market;2023-09-17;Congelados Norte;frozen goods;87,0;bebidas
493;41;2032-04-21;1743,53;FreshMart Gaia;2025-06-26;Lacteos do Vale;dairy;;fruta e legumes
253;394;2024-10-27;5083,75;FreshMart Gaia;2023-05-05;Congelados Norte;frozen goods;89,0;fruta e legumes
486;746;2022-10-28;924,39;BomPreco;2022-02-26;Padaria Industrial;bakery supplies;;laticinios
440;157;2022-02-08;5145,16;Mercado Central;2021-09-09;Carnes Selectas;meat;;mercearia
145;816;2026-01-26;691,86;FreshMart Gaia;2023-11-02;Padaria Industrial;bakery supplies;131,0;congelados
145;816;2026-01-26;907,39;FreshMart Gaia;2023-11-02;Padaria Industrial;bakery supplies;177,0;bebidas
269;739;2025-08-03;1293,32;Nova Compra;2023-10-19;SnackHouse Distribuicao;snacks;;bebidas
215;305;2024-06-08;2286,26;Nova Compra;2022-05-12;Higiene Plus;cleaning products;;higiene
328;133;2029-03-27;1757,55;Atlantico Market;2024-05-28;Bebidas Lusas;beverages;;padaria
393;375;2031-07-13;2051,6;SuperNorte;2025-10-05;Higiene Plus;cleaning products;;talho
128;979;2022-02-13;752,66;Mercado Central;2021-12-26;SnackHouse Distribuicao;snacks;;fruta e legumes
52;500;2025-02-24;2355,92;Atlantico Market;2025-01-08;Casa Verde Horticolas;produce;;laticinios
99;238;2031-06-03;4458,55;SuperNorte;2025-09-02;Peixe Fresco Iberico;seafood;;congelados
86;867;2028-11-19;6967,41;Mercado Central;2025-11-24;Carnes Selectas;meat;;higiene
385;451;2028-10-14;2035,73;FreshMart Gaia;2023-02-10;Lacteos do Vale;dairy;;talho
49;491;2032-11-03;1128,52;FreshMart Gaia;2023-09-03;Lacteos do Vale;dairy;;mercearia
215;468;2024-05-05;11979,3;Nova Compra;2022-05-12;Peixe Fresco Iberico;seafood;;bebidas
448;821;2029-01-02;3049,44;Atlantico Market;2025-02-18;Lacteos do Vale;dairy;;higiene
111;923;2023-03-02;4702,93;SuperNorte;2021-08-21;Bebidas Lusas;beverages;;mercearia
302;449;2033-07-22;1236,9;Mercado Central;2023-08-01;SnackHouse Distribuicao;snacks;;laticinios
307;894;2025-01-19;6194,14;FreshMart Gaia;2022-08-19;Congelados Norte;frozen goods;197,0;fruta e legumes
399;83;2024-07-14;2104,95;SuperNorte;2024-04-02;Bebidas Lusas;beverages;;mercearia
33;92;2027-08-31;678,92;SuperNorte;2024-06-15;Frutaria Atlantica;produce;;peixaria
227;552;2025-04-21;915,89;Nova Compra;2022-03-15;Frutaria Atlantica;produce;;padaria
450;209;2022-05-06;1089,68;BomPreco;2021-02-18;SnackHouse Distribuicao;snacks;;laticinios
57;289;2029-03-03;1174,8;SuperNorte;2024-02-07;SnackHouse Distribuicao;snacks;;mercearia
151;618;2032-08-03;5344,79;FreshMart Gaia;2024-04-02;Peixe Fresco Iberico;seafood;;congelados
18;591;2025-04-14;1803,58;BomPreco;2025-02-11;Lacteos do Vale;dairy;;congelados
280;942;2032-04-15;1380,93;Atlantico Market;2025-05-05;Frutaria Atlantica;produce;115,0;higiene
10;651;2025-08-23;829,55;Atlantico Market;2024-07-05;Lacteos do Vale;dairy;;talho
350;65;2031-06-04;1499,17;Mercado Central;2025-07-14;Higiene Plus;cleaning products;;higiene
399;339;2025-12-05;1464,73;SuperNorte;2024-04-02;SnackHouse Distribuicao;snacks;;talho
86;638;2026-09-22;4751,44;Mercado Central;2025-11-24;Peixe Fresco Iberico;seafood;;padaria
284;488;2027-07-11;12000,0;Mercado Central;2023-04-30;Peixe Fresco Iberico;seafood;153,0;laticinios
253;704;2023-05-26;3856,04;FreshMart Gaia;2023-05-05;Congelados Norte;frozen goods;89,0;fruta e legumes
139;786;2024-02-18;1026,69;FreshMart Gaia;2023-09-26;Padaria Industrial;bakery supplies;148,0;padaria
229;983;2031-11-24;5364,96;FreshMart Gaia;2022-07-08;Bebidas Lusas;beverages;;congelados
249;416;2033-03-22;511,48;SuperNorte;2023-09-28;Padaria Industrial;bakery supplies;27,0;laticinios
421;902;2029-06-17;1831,27;FreshMart Gaia;2023-11-12;Frutaria Atlantica;produce;;padaria
484;403;2025-09-08;5356,99;Atlantico Market;2024-03-22;Bebidas Lusas;beverages;;higiene
99;454;2028-05-06;4126,86;SuperNorte;2025-09-02;Congelados Norte;frozen goods;;bebidas
253;518;2028-07-17;3615,75;FreshMart Gaia;2023-05-05;Peixe Fresco Iberico;seafood;89,0;fruta e legumes
356;961;2025-12-19;1730,4;Mercado Central;2022-08-06;Lacteos do Vale;dairy;;bebidas
172;782;2034-05-14;2014,22;Atlantico Market;2025-06-28;Frutaria Atlantica;produce;;laticinios
81;491;2029-12-14;833,08;SuperNorte;2024-04-22;Lacteos do Vale;dairy;130,0;padaria
131;120;2028-02-09;1006,51;Nova Compra;2022-05-27;Casa Verde Horticolas;produce;152,0;fruta e legumes
407;937;2032-01-20;10000,0;Nova Compra;2024-05-16;Carnes Selectas;meat;;talho
250;732;2025-08-26;2300,79;Atlantico Market;2025-01-13;Frutaria Atlantica;produce;;talho
430;562;2026-08-16;3500,0;Atlantico Market;2025-03-04;Frutaria Atlantica;produce;53,0;fruta e legumes
430;562;2028-03-29;2731,99;Atlantico Market;2025-03-04;Frutaria Atlantica;produce;183,0;mercearia
119;24;2025-03-06;5134,12;Nova Compra;2024-10-31;Congelados Norte;frozen goods;;peixaria
272;569;2025-08-21;1435,75;Mercado Central;2025-06-25;SnackHouse Distribuicao;snacks;122,0;congelados
393;161;2035-07-13;2552,35;SuperNorte;2025-10-05;Lacteos do Vale;dairy;;congelados
269;809;2030-08-30;3000,0;Nova Compra;2023-10-19;SnackHouse Distribuicao;snacks;;bebidas
464;248;2029-10-31;9424,33;Mercado Central;2022-08-25;Peixe Fresco Iberico;seafood;;padaria
186;374;2024-09-23;4635,2;BomPreco;2021-08-09;Congelados Norte;frozen goods;;talho
325;867;2030-01-01;4997,03;FreshMart Gaia;2024-03-27;Carnes Selectas;meat;;padaria
290;741;2026-01-21;2690,46;Mercado Central;2022-12-23;Lacteos do Vale;dairy;;bebidas
357;55;2022-05-29;1082,24;SuperNorte;2021-05-17;Higiene Plus;cleaning products;;talho
387;604;2025-01-16;5381,29;SuperNorte;2022-10-15;Congelados Norte;frozen goods;66,0;mercearia
218;220;2029-05-22;1351,35;Mercado Central;2025-07-13;Casa Verde Horticolas;produce;;bebidas
182;896;2030-03-08;852,77;Mercado Central;2021-08-07;Padaria Industrial;bakery supplies;85,0;padaria
286;426;2031-05-29;629,73;Atlantico Market;2026-01-18;Padaria Industrial;bakery supplies;;talho
83;251;2034-03-30;1763,98;Nova Compra;2025-01-15;Lacteos do Vale;dairy;157,0;padaria
83;251;2027-06-25;1580,58;Nova Compra;2025-01-15;Lacteos do Vale;dairy;182,0;peixaria
378;169;2025-11-15;3000,0;BomPreco;2021-04-27;SnackHouse Distribuicao;snacks;137,0;peixaria
215;418;2031-09-16;4346,1;Nova Compra;2022-05-12;Peixe Fresco Iberico;seafood;;bebidas
54;551;2022-03-08;2556,51;BomPreco;2021-08-12;Lacteos do Vale;dairy;;laticinios
471;479;2029-12-23;1077,54;SuperNorte;2024-09-26;SnackHouse Distribuicao;snacks;119,0;peixaria
82;251;2032-07-04;2195,85;Atlantico Market;2023-01-31;Lacteos do Vale;dairy;54,0;laticinios
202;318;2023-01-16;7405,8;Atlantico Market;2022-03-22;Peixe Fresco Iberico;seafood;;mercearia
378;427;2025-12-28;2347,62;BomPreco;2021-04-27;Carnes Selectas;meat;137,0;peixaria
380;608;2025-02-22;3465,43;Mercado Central;2022-09-25;Peixe Fresco Iberico;seafood;;higiene
359;223;2024-04-22;2440,38;Nova Compra;2021-05-09;Bebidas Lusas;beverages;;laticinios
418;823;2025-01-25;2086,11;Atlantico Market;2023-10-04;Bebidas Lusas;beverages;24,0;bebidas
126;279;2025-10-01;1713,63;BomPreco;2022-12-13;SnackHouse Distribuicao;snacks;;mercearia
96;307;2027-10-30;6022,85;BomPreco;2023-11-03;Carnes Selectas;meat;;bebidas
191;633;2025-11-01;2324,19;Nova Compra;2024-01-10;Bebidas Lusas;beverages;;padaria
173;252;2022-06-24;1956,34;Nova Compra;2022-01-16;Frutaria Atlantica;produce;104,0;congelados
287;417;2024-11-14;4461,85;Nova Compra;2024-10-19;Carnes Selectas;meat;83,0;peixaria
420;767;2022-10-02;5163,6;BomPreco;2021-05-15;Carnes Selectas;meat;;congelados
241;936;2030-09-30;753,68;FreshMart Gaia;2022-04-14;Padaria Industrial;bakery supplies;51,0;bebidas
252;729;2023-11-03;2054,89;BomPreco;2022-11-20;SnackHouse Distribuicao;snacks;;talho
157;486;2026-07-20;1800,0;FreshMart Gaia;2024-10-04;Padaria Industrial;bakery supplies;;talho
287;286;2033-04-22;1416,87;Nova Compra;2024-10-19;Padaria Industrial;bakery supplies;83,0;peixaria
154;85;2035-10-06;2500,0;Atlantico Market;2025-10-16;Higiene Plus;cleaning products;184,0;padaria
296;429;2025-07-23;877,66;Mercado Central;2024-07-23;SnackHouse Distribuicao;snacks;;congelados
144;285;2025-03-01;1014,49;BomPreco;2022-09-23;Higiene Plus;cleaning products;;padaria
441;16;2023-11-08;1289,63;SuperNorte;2021-08-16;Padaria Industrial;bakery supplies;179,0;fruta e legumes
357;767;2023-08-16;10000,0;SuperNorte;2021-05-17;Carnes Selectas;meat;;talho
127;22;2024-07-11;2479,07;FreshMart Gaia;2022-10-25;Frutaria Atlantica;produce;;talho
100;258;2030-06-26;4095,96;Atlantico Market;2025-03-23;Peixe Fresco Iberico;seafood;;higiene
363;368;2028-05-17;5345,24;SuperNorte;2025-10-30;Peixe Fresco Iberico;seafood;;laticinios
307;847;2024-02-03;6274,11;FreshMart Gaia;2022-08-19;Carnes Selectas;meat;197,0;fruta e legumes
103;712;2024-02-19;1717,88;FreshMart Gaia;2022-12-24;Frutaria Atlantica;produce;;mercearia
458;325;2029-11-11;959,84;Mercado Central;2024-04-06;Higiene Plus;cleaning products;169,0;higiene
167;276;2031-11-03;877,56;Nova Compra;2024-08-25;Padaria Industrial;bakery supplies;;fruta e legumes
367;818;2029-02-28;6457,91;FreshMart Gaia;2022-02-26;Peixe Fresco Iberico;seafood;;peixaria
441;318;2022-10-25;3989,19;SuperNorte;2021-08-16;Peixe Fresco Iberico;seafood;179,0;fruta e legumes
19;6;2025-06-25;1557,42;FreshMart Gaia;2023-01-09;Padaria Industrial;bakery supplies;160,0;higiene
31;883;2024-12-07;3076,92;FreshMart Gaia;2023-08-26;Bebidas Lusas;beverages;;higiene
252;183;2025-07-25;3629,51;BomPreco;2022-11-20;Bebidas Lusas;beverages;;congelados
248;556;2026-05-21;1593,25;Mercado Central;2025-02-23;Padaria Industrial;bakery supplies;8,0;fruta e legumes
460;419;2028-10-07;1559,75;Atlantico Market;2024-04-23;SnackHouse Distribuicao;snacks;;congelados
249;411;2023-12-26;3342,2;SuperNorte;2023-09-28;Lacteos do Vale;dairy;27,0;laticinios
152;826;2025-01-18;629,3;Mercado Central;2023-11-30;Padaria Industrial;bakery supplies;;fruta e legumes
134;821;2025-01-18;2612,47;Mercado Central;2024-07-19;Lacteos do Vale;dairy;;mercearia
65;148;2033-09-12;9482,97;Nova Compra;2024-07-21;Peixe Fresco Iberico;seafood;;mercearia
120;830;2034-08-03;1273,47;BomPreco;2025-05-31;Casa Verde Horticolas;produce;6,0;bebidas
217;799;2022-07-18;1522,74;FreshMart Gaia;2021-10-15;SnackHouse Distribuicao;snacks;171,0;laticinios
90;652;2030-12-02;1723,28;BomPreco;2023-09-21;Frutaria Atlantica;produce;9,0;laticinios
461;423;2031-01-27;4120,99;Nova Compra;2025-03-18;Bebidas Lusas;beverages;;padaria
61;897;2029-08-19;6686,29;FreshMart Gaia;2021-12-07;Carnes Selectas;meat;;laticinios
264;313;2025-11-23;2488,58;BomPreco;2024-03-30;Bebidas Lusas;beverages;;laticinios
463;961;2028-05-29;2092,68;FreshMart Gaia;2025-03-11;Lacteos do Vale;dairy;108,0;laticinios
266;874;2024-09-19;8000,0;Mercado Central;2022-11-17;Congelados Norte;frozen goods;;mercearia
208;590;2030-01-22;2972,58;Atlantico Market;2024-12-15;Casa Verde Horticolas;produce;176,0;congelados
231;42;2028-07-28;2644,32;SuperNorte;2025-05-07;Frutaria Atlantica;produce;;higiene
181;67;2024-10-09;4951,29;FreshMart Gaia;2021-08-25;Carnes Selectas;meat;113,0;congelados
276;576;2023-10-11;1800,0;BomPreco;2021-06-07;Padaria Industrial;bakery supplies;;higiene
201;313;2025-01-22;5960,61;SuperNorte;2024-04-10;Bebidas Lusas;beverages;;fruta e legumes
489;861;2033-09-12;2186,51;SuperNorte;2023-09-27;Lacteos do Vale;dairy;;fruta e legumes
36;204;2025-05-14;4748,36;BomPreco;2021-03-31;Congelados Norte;frozen goods;;padaria
444;385;2031-01-16;1118,48;BomPreco;2025-11-27;Higiene Plus;cleaning products;164,0;peixaria
500;382;2022-08-19;2208,26;Mercado Central;2022-04-18;Frutaria Atlantica;produce;;mercearia
343;201;2023-06-23;2807,66;FreshMart Gaia;2021-12-03;Lacteos do Vale;dairy;146,0;peixaria
195;541;2024-12-03;2949,52;SuperNorte;2022-02-10;Lacteos do Vale;dairy;162,0;laticinios
32;232;2023-10-26;1705,53;Mercado Central;2023-07-31;Frutaria Atlantica;produce;;mercearia
41;353;2033-10-24;1932,07;Nova Compra;2024-05-01;Bebidas Lusas;beverages;;mercearia
280;463;2025-10-22;4181,04;Atlantico Market;2025-05-05;Bebidas Lusas;beverages;115,0;higiene
425;794;2030-08-26;5910,16;Nova Compra;2022-01-23;Congelados Norte;frozen goods;;mercearia
91;450;2025-09-20;1191,05;FreshMart Gaia;2025-05-06;Casa Verde Horticolas;produce;92,0;peixaria
192;277;2023-12-06;5183,73;BomPreco;2023-05-20;Carnes Selectas;meat;80,0;fruta e legumes
26;455;2024-03-01;2500,0;Mercado Central;2022-05-29;Higiene Plus;cleaning products;;fruta e legumes
213;656;2028-10-24;581,84;SuperNorte;2022-08-14;Padaria Industrial;bakery supplies;19,0;talho
396;523;2029-12-13;3300,5;BomPreco;2025-10-21;Bebidas Lusas;beverages;57,0;mercearia
408;575;2023-06-26;2500,0;BomPreco;2022-04-15;Higiene Plus;cleaning products;;padaria
121;455;2029-07-20;1476,13;FreshMart Gaia;2022-03-07;Higiene Plus;cleaning products;;congelados
360;30;2025-03-07;1460,06;BomPreco;2023-03-19;Casa Verde Horticolas;produce;200,0;peixaria
285;275;2023-07-08;1370,66;SuperNorte;2023-05-21;Higiene Plus;cleaning products;;peixaria
407;367;2032-07-22;7830,78;Nova Compra;2024-05-16;Carnes Selectas;meat;;higiene
109;51;2022-10-12;1961,85;FreshMart Gaia;2021-02-19;Lacteos do Vale;dairy;;laticinios
239;732;2028-03-15;2420,8;Nova Compra;2022-04-05;Frutaria Atlantica;produce;120,0;mercearia
49;715;2027-07-12;1528,37;FreshMart Gaia;2023-09-03;Higiene Plus;cleaning products;;padaria
209;271;2028-04-26;2479,74;Nova Compra;2022-12-23;Lacteos do Vale;dairy;125,0;fruta e legumes
197;268;2023-12-22;8753,87;Nova Compra;2023-07-18;Peixe Fresco Iberico;seafood;;fruta e legumes
466;945;2025-04-28;1204,16;Atlantico Market;2022-02-26;Higiene Plus;cleaning products;99,0;laticinios
135;684;2025-09-18;2811,13;SuperNorte;2022-07-27;Congelados Norte;frozen goods;;laticinios
401;678;2032-02-09;8046,85;Nova Compra;2025-07-23;Peixe Fresco Iberico;seafood;;peixaria
147;812;2022-10-12;1742,99;SuperNorte;2022-01-01;Frutaria Atlantica;produce;;laticinios
415;132;2029-11-07;1512,15;FreshMart Gaia;2024-03-20;Frutaria Atlantica;produce;;higiene
391;260;2030-11-30;2344,47;FreshMart Gaia;2024-03-07;Casa Verde Horticolas;produce;;bebidas
465;933;2029-12-18;6662,95;SuperNorte;2024-12-20;Bebidas Lusas;beverages;;higiene
469;81;2028-10-19;2005,53;FreshMart Gaia;2023-05-24;Lacteos do Vale;dairy;126,0;laticinios
249;847;2024-05-02;5420,57;SuperNorte;2023-09-28;Carnes Selectas;meat;27,0;laticinios
214;103;2028-12-12;2203,31;Atlantico Market;2023-09-17;Bebidas Lusas;beverages;87,0;bebidas
23;643;2033-08-29;3392,42;Nova Compra;2023-11-14;Bebidas Lusas;beverages;;padaria
285;248;2024-02-11;7180,6;SuperNorte;2023-05-21;Peixe Fresco Iberico;seafood;;mercearia
268;844;2029-06-05;4260,62;Atlantico Market;2025-06-15;Congelados Norte;frozen goods;;peixaria
141;40;2025-08-10;1571,79;SuperNorte;2021-05-17;Casa Verde Horticolas;produce;;talho
462;709;2025-06-16;2287,37;BomPreco;2022-01-14;SnackHouse Distribuicao;snacks;38,0;peixaria
225;976;2034-08-13;1026,45;SuperNorte;2025-06-18;Padaria Industrial;bakery supplies;97,0;higiene
80;821;2023-03-21;4000,0;Mercado Central;2021-08-21;Lacteos do Vale;dairy;;higiene
186;924;2025-08-14;4721,32;BomPreco;2021-08-09;Congelados Norte;frozen goods;;fruta e legumes
438;621;2031-03-14;624,72;BomPreco;2022-04-17;Lacteos do Vale;dairy;116,0;fruta e legumes
180;697;2024-05-15;3273,91;BomPreco;2023-10-07;Carnes Selectas;meat;;congelados
406;419;2024-12-03;2096,42;Atlantico Market;2022-12-02;SnackHouse Distribuicao;snacks;93,0;mercearia
253;138;2032-12-23;4866,2;FreshMart Gaia;2023-05-05;Peixe Fresco Iberico;seafood;89,0;fruta e legumes
354;158;2030-06-10;5004,05;BomPreco;2025-11-02;Peixe Fresco Iberico;seafood;;mercearia
395;81;2023-12-11;1230,98;Nova Compra;2023-10-24;Lacteos do Vale;dairy;;talho
199;483;2022-07-31;3025,95;FreshMart Gaia;2022-06-22;Bebidas Lusas;beverages;;laticinios
338;38;2030-03-19;7092,73;Mercado Central;2023-02-16;Peixe Fresco Iberico;seafood;;padaria
113;20;2028-10-28;2200,78;Nova Compra;2021-11-05;Casa Verde Horticolas;produce;188,0;fruta e legumes
141;630;2024-12-22;1169,1;SuperNorte;2021-05-17;Casa Verde Horticolas;produce;;fruta e legumes
17;971;2023-03-28;3089,16;Nova Compra;2021-06-10;Lacteos do Vale;dairy;;higiene
157;387;2025-02-12;3159,09;FreshMart Gaia;2024-10-04;Carnes Selectas;meat;;congelados
169;877;2027-09-08;6576,35;FreshMart Gaia;2025-07-10;Carnes Selectas;meat;;congelados
299;12;2027-02-07;2152,99;Nova Compra;2025-02-06;Frutaria Atlantica;produce;;fruta e legumes
189;505;2024-05-14;903,02;SuperNorte;2024-04-27;Higiene Plus;cleaning products;;padaria
450;697;2024-12-27;3361,57;BomPreco;2021-02-18;Carnes Selectas;meat;;padaria
414;206;2029-07-21;1187,71;BomPreco;2025-05-11;Padaria Industrial;bakery supplies;;laticinios
294;264;2024-03-28;3342,33;BomPreco;2022-04-03;Congelados Norte;frozen goods;;peixaria
422;724;2025-05-20;3946,74;Mercado Central;2021-05-10;Congelados Norte;frozen goods;;fruta e legumes
379;177;2026-02-17;7357,35;FreshMart Gaia;2024-02-27;Carnes Selectas;meat;;bebidas
317;271;2029-01-30;2667,33;Nova Compra;2022-01-06;Lacteos do Vale;dairy;16,0;higiene
482;49;2024-11-19;1092,64;Mercado Central;2023-10-18;SnackHouse Distribuicao;snacks;156,0;mercearia
58;968;2023-10-13;6345,16;Atlantico Market;2023-08-09;Peixe Fresco Iberico;seafood;;bebidas
45;993;2023-04-04;2462,39;SuperNorte;2021-03-03;Bebidas Lusas;beverages;145,0;talho
196;209;2032-05-07;2440,61;Atlantico Market;2025-12-17;SnackHouse Distribuicao;snacks;4,0;padaria
196;209;2032-06-12;3000,0;Atlantico Market;2025-12-17;SnackHouse Distribuicao;snacks;159,0;bebidas
116;527;2032-01-26;3691,77;Mercado Central;2022-10-19;Carnes Selectas;meat;;higiene
442;530;2027-08-31;1824,23;Atlantico Market;2024-05-24;Casa Verde Horticolas;produce;143,0;fruta e legumes
34;261;2025-11-30;3248,93;Atlantico Market;2021-09-25;Lacteos do Vale;dairy;;talho
484;559;2032-05-20;1668,07;Atlantico Market;2024-03-22;SnackHouse Distribuicao;snacks;;bebidas
397;91;2025-04-04;2768,06;FreshMart Gaia;2023-10-31;Lacteos do Vale;dairy;32,0;congelados
87;531;2025-11-08;2200,51;SuperNorte;2022-03-07;Lacteos do Vale;dairy;;laticinios
241;415;2030-01-22;854,61;FreshMart Gaia;2022-04-14;Higiene Plus;cleaning products;51,0;bebidas
473;608;2026-01-23;6857,33;Nova Compra;2021-08-09;Peixe Fresco Iberico;seafood;69,0;bebidas
175;586;2025-08-30;1660,76;FreshMart Gaia;2024-01-18;Padaria Industrial;bakery supplies;;peixaria
330;777;2027-07-24;6220,38;BomPreco;2025-02-18;Carnes Selectas;meat;;peixaria
4;440;2024-12-13;3500,0;Atlantico Market;2024-06-23;Casa Verde Horticolas;produce;;talho
390;647;2024-06-18;2433,24;BomPreco;2021-05-05;Carnes Selectas;meat;;talho
44;530;2025-01-25;2194,07;Mercado Central;2024-10-03;Casa Verde Horticolas;produce;56,0;peixaria
98;72;2030-07-11;1382,07;Mercado Central;2022-12-11;Frutaria Atlantica;produce;;padaria
431;986;2024-07-31;674,33;Nova Compra;2024-03-23;Padaria Industrial;bakery supplies;194,0;congelados
445;399;2034-11-02;3000,0;FreshMart Gaia;2025-09-12;SnackHouse Distribuicao;snacks;;laticinios
299;439;2034-09-26;1471,12;Nova Compra;2025-02-06;SnackHouse Distribuicao;snacks;;fruta e legumes
102;836;2025-10-18;853,68;BomPreco;2022-07-06;Padaria Industrial;bakery supplies;;congelados
17;299;2025-05-26;1925,88;Nova Compra;2021-06-10;SnackHouse Distribuicao;snacks;;padaria
274;890;2021-12-22;702,26;Atlantico Market;2021-09-17;Casa Verde Horticolas;produce;;mercearia
175;425;2024-09-08;2500,0;FreshMart Gaia;2024-01-18;Higiene Plus;cleaning products;;talho
242;725;2023-10-29;2500,0;Mercado Central;2022-10-19;Higiene Plus;cleaning products;;laticinios
210;399;2028-04-21;2490,73;BomPreco;2023-03-24;SnackHouse Distribuicao;snacks;;laticinios
10;70;2030-07-18;2226,83;Atlantico Market;2024-07-05;Casa Verde Horticolas;produce;;congelados
63;558;2031-05-13;5896,41;SuperNorte;2023-01-21;Peixe Fresco Iberico;seafood;50,0;congelados
63;558;2031-05-31;4006,65;SuperNorte;2023-01-21;Peixe Fresco Iberico;seafood;132,0;bebidas
270;92;2025-10-24;3166,14;BomPreco;2022-05-19;Frutaria Atlantica;produce;190,0;talho
240;80;2024-01-06;2794,18;BomPreco;2023-03-19;Casa Verde Horticolas;produce;106,0;higiene
201;339;2025-04-11;2020,46;SuperNorte;2024-04-10;SnackHouse Distribuicao;snacks;;congelados
117;152;2033-09-14;2149,68;SuperNorte;2025-08-17;Frutaria Atlantica;produce;;higiene
398;895;2027-01-16;1574,16;Mercado Central;2026-02-14;Higiene Plus;cleaning products;;congelados
399;13;2026-02-11;2959,69;SuperNorte;2024-04-02;Bebidas Lusas;beverages;;peixaria
327;437;2029-10-24;10000,0;SuperNorte;2023-06-01;Carnes Selectas;meat;94,0;padaria
348;649;2024-09-03;1450,99;BomPreco;2024-01-26;SnackHouse Distribuicao;snacks;;padaria
390;519;2027-07-07;1361,73;BomPreco;2021-05-05;SnackHouse Distribuicao;snacks;;padaria
281;517;2025-01-18;8941,22;Nova Compra;2024-07-19;Carnes Selectas;meat;;bebidas
128;454;2023-06-01;4243,86;Mercado Central;2021-12-26;Congelados Norte;frozen goods;;congelados
133;630;2025-09-12;1834,25;FreshMart Gaia;2023-08-18;Casa Verde Horticolas;produce;26,0;fruta e legumes
290;309;2023-09-14;3000,0;Mercado Central;2022-12-23;SnackHouse Distribuicao;snacks;;padaria
359;454;2030-05-28;5835,69;Nova Compra;2021-05-09;Congelados Norte;frozen goods;;fruta e legumes
463;947;2025-10-26;7498,01;FreshMart Gaia;2025-03-11;Carnes Selectas;meat;108,0;laticinios
281;97;2026-01-12;2853,17;Nova Compra;2024-07-19;Carnes Selectas;meat;;laticinios
279;891;2031-09-20;2574,64;SuperNorte;2022-10-07;Lacteos do Vale;dairy;;laticinios
86;704;2027-03-02;2734,89;Mercado Central;2025-11-24;Congelados Norte;frozen goods;;mercearia
384;167;2031-11-06;4400,21;BomPreco;2024-10-07;Carnes Selectas;meat;;padaria
353;960;2022-06-12;2002,16;Nova Compra;2021-02-20;Casa Verde Horticolas;produce;;talho
185;274;2025-10-07;4230,5;Nova Compra;2023-05-21;Congelados Norte;frozen goods;;mercearia
277;295;2030-04-01;1845,69;FreshMart Gaia;2026-02-03;Higiene Plus;cleaning products;;bebidas
357;306;2025-10-03;1414,55;SuperNorte;2021-05-17;Padaria Industrial;bakery supplies;;higiene
492;955;2023-12-17;2011,72;BomPreco;2023-12-08;Higiene Plus;cleaning products;;padaria
148;765;2028-10-05;750,93;Atlantico Market;2025-02-26;Higiene Plus;cleaning products;174,0;mercearia
381;842;2024-07-18;3500,0;SuperNorte;2021-05-16;Frutaria Atlantica;produce;;talho
85;523;2027-05-25;3708,75;FreshMart Gaia;2025-09-24;Bebidas Lusas;beverages;;padaria
35;969;2022-11-03;2847,94;Nova Compra;2021-05-08;SnackHouse Distribuicao;snacks;;mercearia
135;464;2022-08-02;1387,04;SuperNorte;2022-07-27;Congelados Norte;frozen goods;;mercearia
388;188;2028-03-25;5768,45;Atlantico Market;2022-12-28;Peixe Fresco Iberico;seafood;;padaria
108;24;2022-08-08;2228,45;BomPreco;2021-06-26;Congelados Norte;frozen goods;;laticinios
216;938;2026-02-17;4411,38;BomPreco;2025-09-23;Peixe Fresco Iberico;seafood;;congelados
219;791;2025-05-07;2199,47;SuperNorte;2025-01-12;Lacteos do Vale;dairy;175,0;padaria
214;858;2024-01-12;5591,04;Atlantico Market;2023-09-17;Peixe Fresco Iberico;seafood;87,0;bebidas
495;962;2024-03-11;3341,75;SuperNorte;2022-10-02;Frutaria Atlantica;produce;110,0;peixaria
147;733;2025-11-25;7000,0;SuperNorte;2022-01-01;Bebidas Lusas;beverages;;mercearia
206;297;2026-01-08;3494,97;Mercado Central;2025-04-19;Carnes Selectas;meat;;congelados
224;128;2025-03-28;5219,01;Mercado Central;2024-04-11;Peixe Fresco Iberico;seafood;98,0;fruta e legumes
412;658;2025-12-13;4087,01;Atlantico Market;2024-08-06;Peixe Fresco Iberico;seafood;36,0;laticinios
94;15;2030-11-02;2313,15;Atlantico Market;2024-06-11;Higiene Plus;cleaning products;1,0;talho
94;15;2032-11-21;1477,02;Atlantico Market;2024-06-11;Higiene Plus;cleaning products;49,0;padaria
358;554;2024-06-22;4363,02;Atlantico Market;2024-06-13;Congelados Norte;frozen goods;;higiene
243;224;2026-01-05;4949,19;SuperNorte;2025-04-24;Congelados Norte;frozen goods;;fruta e legumes
481;718;2024-11-16;5650,68;FreshMart Gaia;2023-11-19;Peixe Fresco Iberico;seafood;166,0;padaria
425;936;2022-06-27;680,17;Nova Compra;2022-01-23;Padaria Industrial;bakery supplies;;fruta e legumes
182;90;2027-05-02;1893,0;Mercado Central;2021-08-07;Casa Verde Horticolas;produce;85,0;padaria
126;582;2025-11-14;1640,55;BomPreco;2022-12-13;Frutaria Atlantica;produce;;fruta e legumes
479;95;2029-09-17;1607,39;Nova Compra;2025-03-24;Higiene Plus;cleaning products;18,0;laticinios
191;659;2031-07-22;791,67;Nova Compra;2024-01-10;SnackHouse Distribuicao;snacks;;laticinios
313;761;2024-11-09;2338,08;FreshMart Gaia;2023-03-30;Lacteos do Vale;dairy;109,0;talho
402;374;2030-09-25;3153,32;BomPreco;2023-09-28;Congelados Norte;frozen goods;;higiene
133;577;2028-07-08;5780,48;FreshMart Gaia;2023-08-18;Carnes Selectas;meat;26,0;fruta e legumes
488;261;2022-12-02;3230,89;Mercado Central;2022-02-12;Lacteos do Vale;dairy;;mercearia
119;114;2025-07-22;3347,8;Nova Compra;2024-10-31;Congelados Norte;frozen goods;;talho
200;8;2027-02-25;11137,6;Mercado Central;2025-03-04;Peixe Fresco Iberico;seafood;;fruta e legumes
408;432;2026-03-02;845,22;BomPreco;2022-04-15;Frutaria Atlantica;produce;;laticinios
280;102;2034-07-07;3500,0;Atlantico Market;2025-05-05;Frutaria Atlantica;produce;115,0;higiene
335;742;2034-09-19;3230,08;Nova Compra;2024-12-25;Frutaria Atlantica;produce;139,0;padaria
140;336;2024-10-07;671,01;Mercado Central;2022-07-22;Padaria Industrial;bakery supplies;;higiene
256;624;2024-01-22;2896,24;Atlantico Market;2023-04-01;Congelados Norte;frozen goods;33,0;bebidas
256;624;2024-01-22;2194,35;Atlantico Market;2023-04-01;Congelados Norte;frozen goods;135,0;laticinios
179;848;2032-03-12;9839,67;Nova Compra;2024-10-24;Peixe Fresco Iberico;seafood;;congelados
151;628;2032-05-29;5601,96;FreshMart Gaia;2024-04-02;Peixe Fresco Iberico;seafood;;talho
181;212;2026-01-23;1542,63;FreshMart Gaia;2021-08-25;Frutaria Atlantica;produce;113,0;congelados
173;16;2023-04-13;603,34;Nova Compra;2022-01-16;Padaria Industrial;bakery supplies;104,0;congelados
305;626;2026-04-30;1800,0;Nova Compra;2023-08-27;Padaria Industrial;bakery supplies;;laticinios
29;170;2033-10-24;1194,16;Nova Compra;2025-01-17;Casa Verde Horticolas;produce;;higiene
330;799;2033-01-17;1668,04;BomPreco;2025-02-18;SnackHouse Distribuicao;snacks;;peixaria
491;126;2026-09-25;1102,07;Nova Compra;2024-07-19;Padaria Industrial;bakery supplies;;congelados
207;796;2030-08-19;835,77;SuperNorte;2022-08-16;Padaria Industrial;bakery supplies;;congelados
450;810;2022-07-02;1411,69;BomPreco;2021-02-18;Casa Verde Horticolas;produce;;congelados
167;284;2025-07-22;3641,69;Nova Compra;2024-08-25;Congelados Norte;frozen goods;;higiene
131;394;2030-05-01;5545,66;Nova Compra;2022-05-27;Congelados Norte;frozen goods;152,0;fruta e legumes
431;357;2025-05-21;4619,21;Nova Compra;2024-03-23;Carnes Selectas;meat;194,0;congelados
199;495;2024-09-18;2500,0;FreshMart Gaia;2022-06-22;Higiene Plus;cleaning products;;fruta e legumes
51;666;2022-04-10;704,92;SuperNorte;2021-10-07;Padaria Industrial;bakery supplies;112,0;padaria
395;39;2028-07-16;2316,65;Nova Compra;2023-10-24;SnackHouse Distribuicao;snacks;;mercearia
310;670;2025-04-12;839,29;Atlantico Market;2022-09-29;Casa Verde Horticolas;produce;;bebidas
147;346;2022-12-31;704,96;SuperNorte;2022-01-01;Padaria Industrial;bakery supplies;;talho
6;615;2032-09-11;952,3;BomPreco;2026-02-05;Higiene Plus;cleaning products;;padaria
420;704;2023-02-22;2616,54;BomPreco;2021-05-15;Congelados Norte;frozen goods;;peixaria
51;59;2025-12-24;1874,49;SuperNorte;2021-10-07;SnackHouse Distribuicao;snacks;112,0;padaria
190;651;2034-01-09;2045,99;Atlantico Market;2025-05-26;Lacteos do Vale;dairy;;fruta e legumes
206;718;2026-05-19;2331,08;Mercado Central;2025-04-19;Peixe Fresco Iberico;seafood;;higiene
207;197;2024-12-09;10000,0;SuperNorte;2022-08-16;Carnes Selectas;meat;;talho
118;741;2029-08-13;2327,22;Atlantico Market;2022-07-18;Lacteos do Vale;dairy;;mercearia
10;822;2029-04-05;1850,98;Atlantico Market;2024-07-05;Frutaria Atlantica;produce;;padaria
478;465;2027-08-16;2479,38;Atlantico Market;2025-11-21;Higiene Plus;cleaning products;;padaria
72;648;2023-07-04;10143,06;BomPreco;2021-04-11;Peixe Fresco Iberico;seafood;;congelados
257;906;2024-11-13;874,43;Nova Compra;2021-04-16;Padaria Industrial;bakery supplies;21,0;mercearia
257;906;2024-11-13;415,35;Nova Compra;2021-04-16;Padaria Industrial;bakery supplies;91,0;talho
81;727;2025-02-25;6961,34;SuperNorte;2024-04-22;Carnes Selectas;meat;130,0;padaria
3;459;2025-05-14;1069,82;SuperNorte;2022-12-19;SnackHouse Distribuicao;snacks;;higiene
200;96;2033-06-12;1746,6;Mercado Central;2025-03-04;Padaria Industrial;bakery supplies;;congelados
293;640;2025-09-15;1304,62;Nova Compra;2024-07-22;Casa Verde Horticolas;produce;;peixaria
189;84;2025-04-30;3508,8;SuperNorte;2024-04-27;Congelados Norte;frozen goods;;laticinios
165;983;2033-09-12;2048,94;SuperNorte;2024-06-21;Bebidas Lusas;beverages;;laticinios
476;774;2023-11-25;2436,55;Mercado Central;2023-03-11;Congelados Norte;frozen goods;;talho
56;695;2031-10-13;1309,14;Mercado Central;2023-09-26;Higiene Plus;cleaning products;78,0;bebidas
56;695;2028-09-14;1255,38;Mercado Central;2023-09-26;Higiene Plus;cleaning products;134,0;fruta e legumes
373;37;2028-09-25;4359,04;FreshMart Gaia;2022-06-04;Carnes Selectas;meat;;congelados
282;677;2027-07-28;10000,0;BomPreco;2022-10-01;Carnes Selectas;meat;31,0;padaria
282;677;2031-08-18;7085,42;BomPreco;2022-10-01;Carnes Selectas;meat;142,0;higiene
348;568;2026-09-13;6530,03;BomPreco;2024-01-26;Peixe Fresco Iberico;seafood;;peixaria
467;660;2024-10-25;534,93;Nova Compra;2023-05-01;Casa Verde Horticolas;produce;71,0;fruta e legumes
200;720;2025-08-09;2682,59;Mercado Central;2025-03-04;Casa Verde Horticolas;produce;;peixaria
216;869;2027-09-18;3000,0;BomPreco;2025-09-23;SnackHouse Distribuicao;snacks;;higiene
201;963;2025-03-08;3445,88;SuperNorte;2024-04-10;Bebidas Lusas;beverages;;fruta e legumes
169;707;2034-08-08;3749,67;FreshMart Gaia;2025-07-10;Carnes Selectas;meat;;fruta e legumes
230;538;2025-05-22;6995,72;Mercado Central;2025-02-06;Peixe Fresco Iberico;seafood;;fruta e legumes
108;351;2025-10-18;1129,0;BomPreco;2021-06-26;Lacteos do Vale;dairy;;laticinios
192;723;2023-09-05;4616,71;BomPreco;2023-05-20;Bebidas Lusas;beverages;80,0;fruta e legumes
482;221;2028-04-08;4000,0;Mercado Central;2023-10-18;Lacteos do Vale;dairy;156,0;mercearia
312;289;2028-12-27;1220,01;BomPreco;2025-12-24;SnackHouse Distribuicao;snacks;;bebidas
5;544;2026-03-17;3225,95;Nova Compra;2026-02-01;Congelados Norte;frozen goods;;congelados
29;350;2028-11-13;1784,83;Nova Compra;2025-01-17;Casa Verde Horticolas;produce;;talho
362;939;2023-10-22;1316,83;Mercado Central;2021-04-28;SnackHouse Distribuicao;snacks;144,0;laticinios
28;352;2023-08-10;936,73;Atlantico Market;2023-02-26;Frutaria Atlantica;produce;;congelados
300;424;2027-01-30;3615,6;BomPreco;2022-06-18;Congelados Norte;frozen goods;;talho
238;554;2030-08-25;3301,78;Atlantico Market;2023-01-21;Congelados Norte;frozen goods;;higiene
212;431;2028-02-09;3976,56;Mercado Central;2024-06-29;Lacteos do Vale;dairy;;laticinios
159;380;2032-09-07;3111,5;SuperNorte;2025-01-19;Casa Verde Horticolas;produce;;peixaria
394;104;2024-08-18;8000,0;Atlantico Market;2023-07-15;Congelados Norte;frozen goods;;congelados
365;146;2025-06-13;1434,44;Nova Compra;2023-06-30;Padaria Industrial;bakery supplies;;higiene
215;344;2023-07-28;4717,21;Nova Compra;2022-05-12;Congelados Norte;frozen goods;;padaria
13;122;2024-07-28;1248,2;FreshMart Gaia;2022-10-16;Frutaria Atlantica;produce;;congelados
213;520;2023-06-13;3359,99;SuperNorte;2022-08-14;Casa Verde Horticolas;produce;19,0;talho
434;51;2035-02-16;2514,25;Mercado Central;2025-07-06;Lacteos do Vale;dairy;95,0;congelados
351;438;2025-01-13;3706,87;SuperNorte;2021-03-14;Peixe Fresco Iberico;seafood;;bebidas
224;699;2029-05-07;1093,67;Mercado Central;2024-04-11;SnackHouse Distribuicao;snacks;98,0;fruta e legumes
10;428;2030-09-04;3680,75;Atlantico Market;2024-07-05;Peixe Fresco Iberico;seafood;;fruta e legumes
217;995;2022-12-07;546,1;FreshMart Gaia;2021-10-15;Higiene Plus;cleaning products;171,0;laticinios
104;932;2023-05-18;2203,44;Mercado Central;2023-01-07;Frutaria Atlantica;produce;;peixaria
405;398;2024-06-20;3723,85;SuperNorte;2023-01-07;Peixe Fresco Iberico;seafood;22,0;padaria
294;433;2023-04-11;2668,67;BomPreco;2022-04-03;Bebidas Lusas;beverages;;higiene
15;322;2028-05-05;1882,62;SuperNorte;2024-07-30;Frutaria Atlantica;produce;;mercearia
428;493;2026-02-16;3445,97;Mercado Central;2023-08-26;Bebidas Lusas;beverages;;fruta e legumes
115;11;2031-10-07;1559,58;FreshMart Gaia;2025-01-26;Lacteos do Vale;dairy;;peixaria
117;454;2034-01-10;8000,0;SuperNorte;2025-08-17;Congelados Norte;frozen goods;;laticinios
161;838;2021-08-22;3270,06;Nova Compra;2021-02-26;Peixe Fresco Iberico;seafood;;talho
406;599;2023-08-31;846,42;Atlantico Market;2022-12-02;SnackHouse Distribuicao;snacks;93,0;mercearia
271;692;2027-12-25;2273,26;FreshMart Gaia;2025-10-11;Frutaria Atlantica;produce;;higiene
105;102;2023-05-21;1395,74;SuperNorte;2022-01-11;Frutaria Atlantica;produce;;peixaria
288;66;2027-01-12;741,29;BomPreco;2025-10-31;Padaria Industrial;bakery supplies;;higiene
33;861;2025-10-16;1323,0;SuperNorte;2024-06-15;Lacteos do Vale;dairy;;congelados
87;622;2023-06-30;2154,11;SuperNorte;2022-03-07;Frutaria Atlantica;produce;;talho
435;327;2032-06-07;5977,09;SuperNorte;2024-08-06;Carnes Selectas;meat;;congelados
305;459;2024-12-19;1740,86;Nova Compra;2023-08-27;SnackHouse Distribuicao;snacks;;peixaria
87;512;2026-11-24;1423,12;SuperNorte;2022-03-07;Frutaria Atlantica;produce;;fruta e legumes
397;266;2025-01-10;713,22;FreshMart Gaia;2023-10-31;Padaria Industrial;bakery supplies;32,0;congelados
164;679;2022-09-29;1533,24;Mercado Central;2022-03-01;SnackHouse Distribuicao;snacks;165,0;mercearia
164;679;2022-09-29;2549,04;Mercado Central;2022-03-01;SnackHouse Distribuicao;snacks;181,0;talho
292;30;2024-12-01;3500,0;Atlantico Market;2023-07-16;Casa Verde Horticolas;produce;17,0;fruta e legumes
416;2;2029-08-06;3050,47;Mercado Central;2021-10-24;Frutaria Atlantica;produce;;higiene
473;261;2023-03-10;2699,45;Nova Compra;2021-08-09;Lacteos do Vale;dairy;69,0;bebidas
359;486;2025-04-04;1555,78;Nova Compra;2021-05-09;Padaria Industrial;bakery supplies;;padaria
486;298;2023-08-15;3818,78;BomPreco;2022-02-26;Peixe Fresco Iberico;seafood;;higiene
350;993;2026-06-16;2719,8;Mercado Central;2025-07-14;Bebidas Lusas;beverages;;congelados
498;982;2023-11-24;2342,37;BomPreco;2023-08-24;Frutaria Atlantica;produce;;padaria
261;557;2024-05-10;5120,37;SuperNorte;2023-10-28;Carnes Selectas;meat;;bebidas
96;210;2029-09-10;2153,43;BomPreco;2023-11-03;Casa Verde Horticolas;produce;;congelados
186;649;2023-12-02;2563,91;BomPreco;2021-08-09;SnackHouse Distribuicao;snacks;;talho
31;739;2023-11-25;2390,7;FreshMart Gaia;2023-08-26;SnackHouse Distribuicao;snacks;;laticinios
488;647;2023-08-02;3305,1;Mercado Central;2022-02-12;Carnes Selectas;meat;;fruta e legumes
146;521;2022-11-11;2161,49;Mercado Central;2022-01-30;Lacteos do Vale;dairy;;talho
218;257;2025-10-27;3568,08;Mercado Central;2025-07-13;Carnes Selectas;meat;;laticinios
161;374;2023-07-01;3030,79;Nova Compra;2021-02-26;Congelados Norte;frozen goods;;mercearia
72;303;2023-10-09;1736,49;BomPreco;2021-04-11;Bebidas Lusas;beverages;;talho
247;38;2026-08-09;6902,77;FreshMart Gaia;2021-04-17;Peixe Fresco Iberico;seafood;173,0;peixaria
176;883;2026-01-10;1679,69;Mercado Central;2023-03-01;Bebidas Lusas;beverages;;padaria
39;202;2022-12-05;2209,01;SuperNorte;2022-08-08;Frutaria Atlantica;produce;;bebidas
399;104;2025-02-03;7924,16;SuperNorte;2024-04-02;Congelados Norte;frozen goods;;talho
217;5;2025-10-09;1745,61;FreshMart Gaia;2021-10-15;Higiene Plus;cleaning products;171,0;laticinios
470;842;2023-10-26;1893,71;Mercado Central;2022-09-27;Frutaria Atlantica;produce;84,0;mercearia
106;267;2029-08-21;10000,0;Atlantico Market;2024-07-22;Carnes Selectas;meat;;padaria
259;976;2031-11-02;1158,76;FreshMart Gaia;2025-05-28;Padaria Industrial;bakery supplies;39,0;mercearia
259;976;2027-04-06;678,25;FreshMart Gaia;2025-05-28;Padaria Industrial;bakery supplies;96,0;bebidas
210;526;2026-11-11;1057,91;BomPreco;2023-03-24;Padaria Industrial;bakery supplies;;fruta e legumes
349;133;2029-04-11;7000,0;FreshMart Gaia;2023-10-31;Bebidas Lusas;beverages;;fruta e legumes
51;883;2022-05-28;2293,48;SuperNorte;2021-10-07;Bebidas Lusas;beverages;112,0;padaria
136;69;2024-05-23;886,67;Atlantico Market;2021-09-27;SnackHouse Distribuicao;snacks;;mercearia
14;202;2024-12-01;2439,75;Mercado Central;2022-12-20;Frutaria Atlantica;produce;12,0;mercearia
395;621;2025-02-27;1943,8;Nova Compra;2023-10-24;Lacteos do Vale;dairy;;laticinios
123;351;2025-04-02;1692,26;SuperNorte;2023-03-06;Lacteos do Vale;dairy;185,0;congelados
8;779;2024-08-29;936,27;Mercado Central;2024-02-04;SnackHouse Distribuicao;snacks;172,0;talho
332;438;2025-04-22;2702,7;Mercado Central;2024-11-20;Peixe Fresco Iberico;seafood;;peixaria
407;36;2024-07-24;519,24;Nova Compra;2024-05-16;Padaria Industrial;bakery supplies;;mercearia
388;497;2024-06-30;10000,0;Atlantico Market;2022-12-28;Carnes Selectas;meat;;peixaria
33;294;2030-08-14;4282,86;SuperNorte;2024-06-15;Congelados Norte;frozen goods;;talho
196;691;2030-03-18;889,06;Atlantico Market;2025-12-17;Lacteos do Vale;dairy;4,0;padaria
196;691;2033-05-29;3663,09;Atlantico Market;2025-12-17;Lacteos do Vale;dairy;159,0;bebidas
240;936;2025-02-11;1743,12;BomPreco;2023-03-19;Padaria Industrial;bakery supplies;106,0;higiene
70;44;2031-06-14;7476,54;Atlantico Market;2021-12-25;Congelados Norte;frozen goods;;laticinios
264;24;2031-07-13;3555,43;BomPreco;2024-03-30;Congelados Norte;frozen goods;;laticinios
493;494;2026-06-16;3810,08;FreshMart Gaia;2025-06-26;Congelados Norte;frozen goods;;bebidas
56;316;2023-12-24;1063,89;Mercado Central;2023-09-26;Padaria Industrial;bakery supplies;78,0;bebidas
56;316;2023-12-24;1800,0;Mercado Central;2023-09-26;Padaria Industrial;bakery supplies;134,0;fruta e legumes
103;994;2026-01-15;3349,83;FreshMart Gaia;2022-12-24;Congelados Norte;frozen goods;;fruta e legumes
319;536;2035-09-29;712,14;FreshMart Gaia;2025-11-02;Padaria Industrial;bakery supplies;;laticinios
328;280;2026-06-21;2530,05;Atlantico Market;2024-05-28;Casa Verde Horticolas;produce;;laticinios
492;653;2025-04-04;6461,88;BomPreco;2023-12-08;Bebidas Lusas;beverages;;higiene
380;398;2023-08-03;6347,41;Mercado Central;2022-09-25;Peixe Fresco Iberico;seafood;;bebidas
300;840;2031-06-04;2501,48;BomPreco;2022-06-18;Casa Verde Horticolas;produce;;congelados
75;510;2028-01-11;1946,02;SuperNorte;2024-05-04;Casa Verde Horticolas;produce;65,0;peixaria
75;510;2034-01-29;1652,23;SuperNorte;2024-05-04;Casa Verde Horticolas;produce;170,0;fruta e legumes
394;601;2024-03-14;1480,37;Atlantico Market;2023-07-15;Lacteos do Vale;dairy;;fruta e legumes
288;200;2031-05-29;1100,7;BomPreco;2025-10-31;Casa Verde Horticolas;produce;;laticinios
261;301;2024-02-23;1630,4;SuperNorte;2023-10-28;Lacteos do Vale;dairy;;congelados
85;365;2030-03-18;886,24;FreshMart Gaia;2025-09-24;Higiene Plus;cleaning products;;peixaria
435;778;2025-06-26;7384,4;SuperNorte;2024-08-06;Peixe Fresco Iberico;seafood;;congelados
17;1;2024-05-10;3718,66;Nova Compra;2021-06-10;Lacteos do Vale;dairy;;laticinios
145;345;2029-01-13;1507,21;FreshMart Gaia;2023-11-02;Higiene Plus;cleaning products;131,0;congelados
145;345;2024-12-19;908,59;FreshMart Gaia;2023-11-02;Higiene Plus;cleaning products;177,0;bebidas
378;14;2025-12-14;6318,83;BomPreco;2021-04-27;Congelados Norte;frozen goods;137,0;peixaria
26;5;2025-08-02;1571,53;Mercado Central;2022-05-29;Higiene Plus;cleaning products;;mercearia
233;392;2024-12-26;2311,41;Nova Compra;2023-12-13;Frutaria Atlantica;produce;;peixaria
249;97;2027-02-01;4274,57;SuperNorte;2023-09-28;Carnes Selectas;meat;27,0;laticinios
255;191;2026-05-26;3580,45;SuperNorte;2024-01-22;Lacteos do Vale;dairy;129,0;mercearia
416;118;2025-04-11;10799,74;Mercado Central;2021-10-24;Peixe Fresco Iberico;seafood;;fruta e legumes
333;339;2023-06-30;1518,84;SuperNorte;2021-06-28;SnackHouse Distribuicao;snacks;;laticinios
79;434;2029-03-18;5941,24;FreshMart Gaia;2023-10-18;Congelados Norte;frozen goods;2,0;peixaria
79;434;2025-01-24;7058,87;FreshMart Gaia;2023-10-18;Congelados Norte;frozen goods;67,0;padaria
176;493;2025-04-07;3041,46;Mercado Central;2023-03-01;Bebidas Lusas;beverages;;mercearia
322;451;2033-05-12;2072,82;Atlantico Market;2026-01-04;Lacteos do Vale;dairy;34,0;higiene
1;609;2023-11-22;1710,32;FreshMart Gaia;2023-11-13;SnackHouse Distribuicao;snacks;;congelados
231;868;2026-04-20;3966,1;SuperNorte;2025-05-07;Peixe Fresco Iberico;seafood;;fruta e legumes
434;107;2031-04-02;6587,32;Mercado Central;2025-07-06;Carnes Selectas;meat;95,0;congelados
411;145;2030-12-06;2178,4;SuperNorte;2023-06-02;Higiene Plus;cleaning products;;laticinios
301;538;2030-08-05;6092,47;FreshMart Gaia;2021-11-05;Peixe Fresco Iberico;seafood;20,0;peixaria
301;538;2031-05-08;7574,1;FreshMart Gaia;2021-11-05;Peixe Fresco Iberico;seafood;147,0;mercearia
123;733;2024-09-27;7000,0;SuperNorte;2023-03-06;Bebidas Lusas;beverages;185,0;congelados
292;826;2026-07-26;833,34;Atlantico Market;2023-07-16;Padaria Industrial;bakery supplies;17,0;fruta e legumes
493;448;2027-12-07;7644,0;FreshMart Gaia;2025-06-26;Peixe Fresco Iberico;seafood;;mercearia
15;79;2032-12-29;1276,8;SuperNorte;2024-07-30;SnackHouse Distribuicao;snacks;;higiene
31;541;2030-07-06;1643,4;FreshMart Gaia;2023-08-26;Lacteos do Vale;dairy;;talho
319;933;2030-02-25;4373,69;FreshMart Gaia;2025-11-02;Bebidas Lusas;beverages;;congelados
147;274;2024-07-08;4793,36;SuperNorte;2022-01-01;Congelados Norte;frozen goods;;padaria
450;511;2022-02-24;2760,05;BomPreco;2021-02-18;Lacteos do Vale;dairy;;mercearia
369;159;2024-03-05;1707,53;SuperNorte;2024-02-08;SnackHouse Distribuicao;snacks;;peixaria
88;831;2024-06-08;2650,59;Atlantico Market;2021-03-26;Lacteos do Vale;dairy;62,0;fruta e legumes
56;949;2031-11-08;3000,0;Mercado Central;2023-09-26;SnackHouse Distribuicao;snacks;78,0;bebidas
56;949;2024-02-07;2658,43;Mercado Central;2023-09-26;SnackHouse Distribuicao;snacks;134,0;fruta e legumes
137;440;2021-05-14;2154,28;Nova Compra;2021-03-16;Casa Verde Horticolas;produce;150,0;bebidas
279;456;2024-10-20;1255,09;SuperNorte;2022-10-07;Padaria Industrial;bakery supplies;;peixaria
277;667;2036-01-05;4720,4;FreshMart Gaia;2026-02-03;Carnes Selectas;meat;;higiene
206;282;2027-05-21;1722,11;Mercado Central;2025-04-19;Frutaria Atlantica;produce;;peixaria
167;640;2025-08-31;2308,95;Nova Compra;2024-08-25;Casa Verde Horticolas;produce;;bebidas
449;360;2029-11-20;1924,43;Nova Compra;2024-02-23;Casa Verde Horticolas;produce;;laticinios
474;234;2024-12-01;6143,98;BomPreco;2023-04-15;Congelados Norte;frozen goods;;laticinios
182;245;2022-02-03;2431,81;Mercado Central;2021-08-07;Higiene Plus;cleaning products;85,0;padaria
306;394;2027-09-15;4107,52;BomPreco;2025-04-13;Congelados Norte;frozen goods;;higiene
221;868;2024-06-08;2631,77;Nova Compra;2022-05-20;Peixe Fresco Iberico;seafood;;peixaria
154;316;2028-07-29;1800,0;Atlantico Market;2025-10-16;Padaria Industrial;bakery supplies;184,0;padaria
173;754;2022-05-07;3205,9;Nova Compra;2022-01-16;Congelados Norte;frozen goods;104,0;congelados
435;841;2025-05-17;2347,36;SuperNorte;2024-08-06;Lacteos do Vale;dairy;;padaria
257;92;2024-06-04;2566,54;Nova Compra;2021-04-16;Frutaria Atlantica;produce;21,0;mercearia
257;92;2024-06-04;3487,63;Nova Compra;2021-04-16;Frutaria Atlantica;produce;91,0;talho
161;286;2026-01-14;1800,0;Nova Compra;2021-02-26;Padaria Industrial;bakery supplies;;higiene
305;194;2025-06-28;3650,53;Nova Compra;2023-08-27;Congelados Norte;frozen goods;;higiene
360;252;2023-11-10;3159,92;BomPreco;2023-03-19;Frutaria Atlantica;produce;200,0;peixaria
249;29;2024-11-01;1803,75;SuperNorte;2023-09-28;SnackHouse Distribuicao;snacks;27,0;laticinios
410;651;2027-01-03;4000,0;Mercado Central;2025-10-07;Lacteos do Vale;dairy;;laticinios
264;142;2033-05-30;3035,53;BomPreco;2024-03-30;Frutaria Atlantica;produce;;fruta e legumes
48;735;2028-11-06;1269,46;BomPreco;2022-10-06;Higiene Plus;cleaning products;;laticinios
81;369;2027-06-01;1154,76;SuperNorte;2024-04-22;SnackHouse Distribuicao;snacks;130,0;padaria
335;782;2032-01-29;567,35;Nova Compra;2024-12-25;Frutaria Atlantica;produce;139,0;padaria
24;902;2028-05-15;2506,26;BomPreco;2023-04-04;Frutaria Atlantica;produce;;higiene
35;372;2022-09-24;2912,43;Nova Compra;2021-05-08;Frutaria Atlantica;produce;;talho
288;22;2029-11-25;2587,37;BomPreco;2025-10-31;Frutaria Atlantica;produce;;fruta e legumes
26;30;2023-07-07;641,56;Mercado Central;2022-05-29;Casa Verde Horticolas;produce;;fruta e legumes
371;301;2026-01-02;1220,62;Nova Compra;2022-09-12;Lacteos do Vale;dairy;;higiene
460;600;2025-11-15;2296,89;Atlantico Market;2024-04-23;Casa Verde Horticolas;produce;;talho
355;267;2027-11-10;10000,0;FreshMart Gaia;2025-09-12;Carnes Selectas;meat;60,0;bebidas
164;874;2023-05-24;4193,84;Mercado Central;2022-03-01;Congelados Norte;frozen goods;165,0;mercearia
164;874;2023-05-24;7027,27;Mercado Central;2022-03-01;Congelados Norte;frozen goods;181,0;talho
28;482;2025-10-01;1161,49;Atlantico Market;2023-02-26;Frutaria Atlantica;produce;;laticinios
301;498;2022-01-20;7134,98;FreshMart Gaia;2021-11-05;Peixe Fresco Iberico;seafood;20,0;peixaria
301;498;2023-04-18;5744,28;FreshMart Gaia;2021-11-05;Peixe Fresco Iberico;seafood;147,0;mercearia
384;363;2031-11-04;6399,19;BomPreco;2024-10-07;Bebidas Lusas;beverages;;laticinios
91;10;2028-07-26;1451,01;FreshMart Gaia;2025-05-06;Casa Verde Horticolas;produce;92,0;peixaria
405;327;2025-01-08;10000,0;SuperNorte;2023-01-07;Carnes Selectas;meat;22,0;padaria
62;190;2030-07-21;1610,77;Mercado Central;2023-12-03;Casa Verde Horticolas;produce;186,0;bebidas
366;647;2022-04-13;3336,63;BomPreco;2021-10-13;Carnes Selectas;meat;;peixaria
259;810;2026-08-29;1160,5;FreshMart Gaia;2025-05-28;Casa Verde Horticolas;produce;39,0;mercearia
259;810;2027-08-24;1398,07;FreshMart Gaia;2025-05-28;Casa Verde Horticolas;produce;96,0;bebidas
18;829;2029-03-06;1949,42;BomPreco;2025-02-11;SnackHouse Distribuicao;snacks;;mercearia
297;506;2023-06-11;759,96;SuperNorte;2022-11-01;Padaria Industrial;bakery supplies;;congelados
337;967;2028-05-04;3732,9;FreshMart Gaia;2025-05-15;Carnes Selectas;meat;117,0;laticinios
419;397;2031-10-11;8059,19;Nova Compra;2026-02-16;Carnes Selectas;meat;74,0;peixaria
13;783;2025-01-09;884,01;FreshMart Gaia;2022-10-16;Bebidas Lusas;beverages;;laticinios
31;810;2025-05-10;1524,61;FreshMart Gaia;2023-08-26;Casa Verde Horticolas;produce;;congelados
92;866;2028-03-13;548,59;Mercado Central;2024-11-30;Padaria Industrial;bakery supplies;37,0;talho
359;987;2023-02-03;3653,0;Nova Compra;2021-05-09;Carnes Selectas;meat;;fruta e legumes
157;176;2025-02-12;1115,93;FreshMart Gaia;2024-10-04;Padaria Industrial;bakery supplies;;peixaria
137;393;2022-10-29;3419,18;Nova Compra;2021-03-16;Bebidas Lusas;beverages;150,0;bebidas
229;271;2022-10-26;1882,24;FreshMart Gaia;2022-07-08;Lacteos do Vale;dairy;;mercearia
404;979;2032-12-11;2818,08;Mercado Central;2024-09-04;SnackHouse Distribuicao;snacks;;padaria
287;221;2032-03-06;2136,86;Nova Compra;2024-10-19;Lacteos do Vale;dairy;83,0;peixaria
398;898;2033-08-23;12000,0;Mercado Central;2026-02-14;Peixe Fresco Iberico;seafood;;mercearia
439;832;2029-02-27;2548,93;FreshMart Gaia;2026-01-08;Frutaria Atlantica;produce;;padaria
371;727;2025-01-24;3495,16;Nova Compra;2022-09-12;Carnes Selectas;meat;;higiene
98;896;2023-09-12;1800,0;Mercado Central;2022-12-11;Padaria Industrial;bakery supplies;;congelados
436;14;2025-12-20;4873,26;Atlantico Market;2023-12-11;Congelados Norte;frozen goods;189,0;laticinios
321;677;2024-04-11;10000,0;SuperNorte;2022-07-21;Carnes Selectas;meat;77,0;congelados
133;251;2025-12-25;1907,37;FreshMart Gaia;2023-08-18;Lacteos do Vale;dairy;26,0;fruta e legumes
319;550;2035-04-06;2091,1;FreshMart Gaia;2025-11-02;Casa Verde Horticolas;produce;;fruta e legumes
263;175;2025-05-06;1670,14;Nova Compra;2022-05-13;Higiene Plus;cleaning products;47,0;peixaria
288;668;2030-07-11;6026,41;BomPreco;2025-10-31;Peixe Fresco Iberico;seafood;;congelados
353;603;2024-04-13;6646,7;Nova Compra;2021-02-20;Bebidas Lusas;beverages;;higiene
211;116;2025-01-12;1800,0;FreshMart Gaia;2024-02-14;Padaria Industrial;bakery supplies;103,0;padaria
135;403;2024-11-24;1336,05;SuperNorte;2022-07-27;Bebidas Lusas;beverages;;bebidas
6;505;2031-09-21;1984,01;BomPreco;2026-02-05;Higiene Plus;cleaning products;;talho
297;752;2024-02-23;1236,96;SuperNorte;2022-11-01;Frutaria Atlantica;produce;;higiene
47;260;2027-10-02;576,04;Nova Compra;2025-02-04;Casa Verde Horticolas;produce;86,0;congelados
32;47;2024-04-24;6814,53;Mercado Central;2023-07-31;Carnes Selectas;meat;;peixaria
205;982;2034-11-06;2336,98;FreshMart Gaia;2026-01-02;Frutaria Atlantica;produce;;higiene
352;796;2025-12-30;1358,06;Atlantico Market;2022-04-17;Padaria Industrial;bakery supplies;;bebidas
357;98;2024-09-29;7681,12;SuperNorte;2021-05-17;Peixe Fresco Iberico;seafood;;bebidas
423;888;2023-11-23;9636,55;SuperNorte;2022-05-09;Peixe Fresco Iberico;seafood;14,0;congelados
423;888;2029-08-05;4955,16;SuperNorte;2022-05-09;Peixe Fresco Iberico;seafood;55,0;talho
271;241;2032-08-16;2420,49;FreshMart Gaia;2025-10-11;Lacteos do Vale;dairy;;talho
197;110;2024-07-10;2532,89;Nova Compra;2023-07-18;Casa Verde Horticolas;produce;;laticinios
168;675;2029-11-09;2500,0;BomPreco;2024-01-25;Higiene Plus;cleaning products;;mercearia
18;942;2032-04-03;1886,86;BomPreco;2025-02-11;Frutaria Atlantica;produce;;padaria
216;926;2033-01-26;908,28;BomPreco;2025-09-23;Padaria Industrial;bakery supplies;;congelados
358;453;2029-09-30;3657,93;Atlantico Market;2024-06-13;Bebidas Lusas;beverages;;higiene
432;56;2028-03-22;584,43;BomPreco;2025-09-23;Padaria Industrial;bakery supplies;;peixaria
361;340;2023-09-03;2615,66;FreshMart Gaia;2023-03-12;Casa Verde Horticolas;produce;;congelados
7;646;2024-04-11;519,03;FreshMart Gaia;2023-07-14;Padaria Industrial;bakery supplies;;fruta e legumes
484;997;2030-07-01;6438,74;Atlantico Market;2024-03-22;Carnes Selectas;meat;;congelados
443;226;2025-05-27;1038,79;Nova Compra;2025-05-20;Padaria Industrial;bakery supplies;;peixaria
273;449;2023-01-15;821,06;SuperNorte;2021-11-16;SnackHouse Distribuicao;snacks;25,0;higiene
273;449;2023-01-15;842,4;SuperNorte;2021-11-16;SnackHouse Distribuicao;snacks;101,0;peixaria
12;531;2027-03-24;1464,2;BomPreco;2024-07-15;Lacteos do Vale;dairy;;bebidas
129;411;2024-11-07;1841,71;SuperNorte;2021-08-18;Lacteos do Vale;dairy;;bebidas
51;648;2023-04-18;12000,0;SuperNorte;2021-10-07;Peixe Fresco Iberico;seafood;112,0;padaria
133;434;2025-06-23;4090,98;FreshMart Gaia;2023-08-18;Congelados Norte;frozen goods;26,0;fruta e legumes
280;310;2031-09-24;2365,77;Atlantico Market;2025-05-05;Casa Verde Horticolas;produce;115,0;higiene
168;80;2024-02-04;3271,2;BomPreco;2024-01-25;Casa Verde Horticolas;produce;;bebidas
495;967;2024-03-15;8752,37;SuperNorte;2022-10-02;Carnes Selectas;meat;110,0;peixaria
335;928;2029-04-02;6479,38;Nova Compra;2024-12-25;Peixe Fresco Iberico;seafood;139,0;padaria
150;105;2025-06-21;1000,97;BomPreco;2025-02-06;Higiene Plus;cleaning products;;mercearia
390;564;2024-07-22;5382,21;BomPreco;2021-05-05;Congelados Norte;frozen goods;;higiene
414;776;2029-06-04;734,54;BomPreco;2025-05-11;Padaria Industrial;bakery supplies;;talho
52;493;2029-03-16;7000,0;Atlantico Market;2025-01-08;Bebidas Lusas;beverages;;talho
272;602;2025-12-21;2733,81;Mercado Central;2025-06-25;Frutaria Atlantica;produce;122,0;congelados
48;612;2024-05-14;2032,16;BomPreco;2022-10-06;Frutaria Atlantica;produce;;padaria
368;598;2025-06-17;8186,65;Mercado Central;2022-05-09;Peixe Fresco Iberico;seafood;;fruta e legumes
248;857;2031-06-04;5851,09;Mercado Central;2025-02-23;Carnes Selectas;meat;8,0;fruta e legumes
431;95;2024-05-10;1164,98;Nova Compra;2024-03-23;Higiene Plus;cleaning products;194,0;congelados
300;997;2024-11-13;6758,31;BomPreco;2022-06-18;Carnes Selectas;meat;;padaria
153;439;2033-03-10;1479,16;SuperNorte;2024-02-05;SnackHouse Distribuicao;snacks;;talho
410;529;2035-08-21;3000,0;Mercado Central;2025-10-07;SnackHouse Distribuicao;snacks;;padaria
475;377;2025-08-06;3953,82;FreshMart Gaia;2025-02-17;Carnes Selectas;meat;124,0;higiene
263;705;2022-10-07;1728,77;Nova Compra;2022-05-13;Higiene Plus;cleaning products;47,0;peixaria
476;800;2023-11-29;1300,77;Mercado Central;2023-03-11;Casa Verde Horticolas;produce;;laticinios
160;694;2033-07-20;3009,25;Atlantico Market;2024-12-25;Congelados Norte;frozen goods;;congelados
95;842;2023-01-13;828,16;Nova Compra;2021-11-19;Frutaria Atlantica;produce;;bebidas
90;970;2030-04-10;2226,32;BomPreco;2023-09-21;Casa Verde Horticolas;produce;9,0;laticinios
370;593;2024-06-01;2951,01;Atlantico Market;2023-01-22;Bebidas Lusas;beverages;7,0;higiene
24;589;2025-06-14;2686,66;BomPreco;2023-04-04;SnackHouse Distribuicao;snacks;;laticinios
159;539;2027-08-20;1987,26;SuperNorte;2025-01-19;SnackHouse Distribuicao;snacks;;padaria
324;875;2032-05-03;1469,84;BomPreco;2023-12-10;Higiene Plus;cleaning products;;peixaria
236;520;2025-03-17;980,65;Mercado Central;2024-07-03;Casa Verde Horticolas;produce;;peixaria
329;251;2032-02-06;2797,36;Nova Compra;2023-01-15;Lacteos do Vale;dairy;198,0;laticinios
267;185;2028-10-09;1020,7;SuperNorte;2025-12-26;Higiene Plus;cleaning products;;padaria
198;978;2028-09-05;3411,07;BomPreco;2025-11-21;Peixe Fresco Iberico;seafood;;peixaria
245;764;2034-03-01;5219,21;Nova Compra;2024-07-08;Congelados Norte;frozen goods;;laticinios
2;757;2023-10-02;3065,37;Mercado Central;2022-09-10;Carnes Selectas;meat;167,0;congelados
461;417;2029-06-27;2107,27;Nova Compra;2025-03-18;Carnes Selectas;meat;;laticinios
81;562;2024-09-05;3316,45;SuperNorte;2024-04-22;Frutaria Atlantica;produce;130,0;padaria
115;561;2030-09-09;1670,53;FreshMart Gaia;2025-01-26;Lacteos do Vale;dairy;;talho
75;662;2025-07-28;843,8;SuperNorte;2024-05-04;Frutaria Atlantica;produce;65,0;peixaria
75;662;2025-07-28;1199,64;SuperNorte;2024-05-04;Frutaria Atlantica;produce;170,0;fruta e legumes
106;843;2026-01-27;2710,91;Atlantico Market;2024-07-22;Bebidas Lusas;beverages;;congelados
47;140;2029-09-25;3095,93;Nova Compra;2025-02-04;Casa Verde Horticolas;produce;86,0;congelados
318;571;2024-07-19;1017,28;BomPreco;2021-03-16;Lacteos do Vale;dairy;88,0;higiene
498;260;2024-10-28;1012,76;BomPreco;2023-08-24;Casa Verde Horticolas;produce;;bebidas
481;36;2023-12-10;1554,54;FreshMart Gaia;2023-11-19;Padaria Industrial;bakery supplies;166,0;padaria
86;414;2028-07-31;3512,17;Mercado Central;2025-11-24;Congelados Norte;frozen goods;;laticinios
279;916;2030-06-27;1108,02;SuperNorte;2022-10-07;Padaria Industrial;bakery supplies;;higiene
71;548;2026-09-01;5211,59;Nova Compra;2024-03-23;Peixe Fresco Iberico;seafood;136,0;talho
383;656;2026-08-26;1800,0;Nova Compra;2023-04-24;Padaria Industrial;bakery supplies;;talho
480;136;2022-07-21;559,7;BomPreco;2022-01-15;Padaria Industrial;bakery supplies;;laticinios
215;668;2026-11-27;7379,86;Nova Compra;2022-05-12;Peixe Fresco Iberico;seafood;;fruta e legumes
229;197;2025-11-13;10000,0;FreshMart Gaia;2022-07-08;Carnes Selectas;meat;;higiene
97;523;2029-07-04;3167,72;FreshMart Gaia;2023-11-01;Bebidas Lusas;beverages;;peixaria
452;142;2025-02-03;1317,83;Mercado Central;2022-07-29;Frutaria Atlantica;produce;193,0;padaria
452;142;2025-02-03;2612,69;Mercado Central;2022-07-29;Frutaria Atlantica;produce;195,0;bebidas
224;632;2024-12-22;2906,69;Mercado Central;2024-04-11;Frutaria Atlantica;produce;98,0;fruta e legumes
183;67;2025-01-27;3767,62;SuperNorte;2022-11-01;Carnes Selectas;meat;178,0;higiene
166;174;2026-08-24;8000,0;Atlantico Market;2024-12-15;Congelados Norte;frozen goods;192,0;mercearia
303;26;2033-05-02;1023,32;SuperNorte;2025-02-15;Padaria Industrial;bakery supplies;;higiene
179;163;2028-05-16;4714,76;Nova Compra;2024-10-24;Bebidas Lusas;beverages;;higiene
49;564;2025-07-07;8000,0;FreshMart Gaia;2023-09-03;Congelados Norte;frozen goods;;bebidas
96;184;2023-12-19;6077,33;BomPreco;2023-11-03;Congelados Norte;frozen goods;;padaria
355;184;2035-04-21;4299,52;FreshMart Gaia;2025-09-12;Congelados Norte;frozen goods;60,0;bebidas
492;263;2024-11-17;2771,92;BomPreco;2023-12-08;Bebidas Lusas;beverages;;mercearia
154;545;2027-09-28;2500,0;Atlantico Market;2025-10-16;Higiene Plus;cleaning products;184,0;padaria
20;84;2035-01-21;3014,87;Mercado Central;2025-07-10;Congelados Norte;frozen goods;;bebidas
131;70;2025-05-07;2134,74;Nova Compra;2022-05-27;Casa Verde Horticolas;produce;152,0;fruta e legumes
406;906;2026-08-20;1257,96;Atlantico Market;2022-12-02;Padaria Industrial;bakery supplies;93,0;mercearia
302;433;2032-09-03;4818,9;Mercado Central;2023-08-01;Bebidas Lusas;beverages;;congelados
33;503;2028-08-27;7000,0;SuperNorte;2024-06-15;Bebidas Lusas;beverages;;bebidas
392;218;2025-05-22;6640,64;Mercado Central;2023-08-21;Peixe Fresco Iberico;seafood;;padaria
107;926;2026-06-02;958,12;Nova Compra;2025-07-14;Padaria Industrial;bakery supplies;141,0;bebidas
107;926;2027-12-18;1800,0;Nova Compra;2025-07-14;Padaria Industrial;bakery supplies;158,0;congelados
475;840;2032-12-26;1740,27;FreshMart Gaia;2025-02-17;Casa Verde Horticolas;produce;124,0;higiene
212;320;2025-04-08;2743,94;Mercado Central;2024-06-29;Casa Verde Horticolas;produce;;mercearia
89;787;2030-04-05;5893,64;Nova Compra;2021-05-28;Carnes Selectas;meat;;talho
54;131;2022-11-21;3254,07;BomPreco;2021-08-12;Lacteos do Vale;dairy;;bebidas
407;594;2032-02-09;5959,98;Nova Compra;2024-05-16;Congelados Norte;frozen goods;;talho
130;347;2025-12-06;4504,15;Atlantico Market;2021-12-14;Carnes Selectas;meat;;peixaria
236;74;2031-05-29;1875,38;Mercado Central;2024-07-03;Congelados Norte;frozen goods;;peixaria
223;968;2025-11-18;3060,39;FreshMart Gaia;2022-09-06;Peixe Fresco Iberico;seafood;;peixaria
143;529;2028-07-19;720,8;Nova Compra;2025-12-20;SnackHouse Distribuicao;snacks;128,0;peixaria
424;704;2028-12-18;4127,11;Atlantico Market;2025-08-18;Congelados Norte;frozen goods;;mercearia
479;684;2031-08-28;1491,73;Nova Compra;2025-03-24;Congelados Norte;frozen goods;18,0;laticinios
138;52;2023-08-18;1721,49;BomPreco;2023-01-31;Frutaria Atlantica;produce;58,0;padaria
379;162;2026-01-13;1964,78;FreshMart Gaia;2024-02-27;Frutaria Atlantica;produce;;bebidas
91;723;2033-10-02;5512,72;FreshMart Gaia;2025-05-06;Bebidas Lusas;beverages;92,0;peixaria
407;812;2026-02-15;2321,37;Nova Compra;2024-05-16;Frutaria Atlantica;produce;;padaria
493;25;2030-07-11;2063,29;FreshMart Gaia;2025-06-26;Higiene Plus;cleaning products;;talho
122;920;2024-10-08;2228,75;Mercado Central;2022-11-09;Casa Verde Horticolas;produce;30,0;mercearia
254;876;2023-11-20;864,51;Mercado Central;2022-08-29;Padaria Industrial;bakery supplies;90,0;laticinios
111;451;2024-03-19;2049,87;SuperNorte;2021-08-21;Lacteos do Vale;dairy;;peixaria
39;141;2024-02-01;1465,55;SuperNorte;2022-08-08;Lacteos do Vale;dairy;;higiene
447;965;2028-03-07;1523,63;SuperNorte;2023-10-11;Higiene Plus;cleaning products;64,0;talho
408;401;2024-11-10;1053,99;BomPreco;2022-04-15;Lacteos do Vale;dairy;;padaria
274;905;2026-07-05;2221,47;Atlantico Market;2021-09-17;Higiene Plus;cleaning products;;higiene
239;32;2025-09-21;1202,88;Nova Compra;2022-04-05;Frutaria Atlantica;produce;120,0;mercearia
143;417;2034-10-27;5787,09;Nova Compra;2025-12-20;Carnes Selectas;meat;128,0;peixaria
466;269;2022-05-08;1906,83;Atlantico Market;2022-02-26;SnackHouse Distribuicao;snacks;99,0;laticinios
328;109;2025-08-14;2784,31;Atlantico Market;2024-05-28;SnackHouse Distribuicao;snacks;;congelados
442;975;2024-11-28;645,28;Atlantico Market;2024-05-24;Higiene Plus;cleaning products;143,0;fruta e legumes
429;838;2026-01-29;5614,46;SuperNorte;2021-08-21;Peixe Fresco Iberico;seafood;;laticinios
436;351;2031-09-16;2753,57;Atlantico Market;2023-12-11;Lacteos do Vale;dairy;189,0;laticinios
314;569;2028-03-25;3000,0;Mercado Central;2024-07-14;SnackHouse Distribuicao;snacks;;mercearia
74;227;2032-12-08;5306,47;Mercado Central;2025-11-11;Carnes Selectas;meat;3,0;mercearia
126;355;2025-08-01;1052,32;BomPreco;2022-12-13;Higiene Plus;cleaning products;;fruta e legumes
421;132;2024-02-22;3500,0;FreshMart Gaia;2023-11-12;Frutaria Atlantica;produce;;higiene
159;693;2029-07-18;5381,18;SuperNorte;2025-01-19;Bebidas Lusas;beverages;;bebidas
157;361;2025-11-23;3989,25;FreshMart Gaia;2024-10-04;Lacteos do Vale;dairy;;bebidas
179;225;2029-02-13;797,85;Nova Compra;2024-10-24;Higiene Plus;cleaning products;;bebidas
305;41;2024-10-20;2718,22;Nova Compra;2023-08-27;Lacteos do Vale;dairy;;talho
407;308;2027-06-21;3992,05;Nova Compra;2024-05-16;Peixe Fresco Iberico;seafood;;peixaria
148;948;2029-09-25;3612,98;Atlantico Market;2025-02-26;Peixe Fresco Iberico;seafood;174,0;mercearia
458;780;2024-12-16;2403,75;Mercado Central;2024-04-06;Casa Verde Horticolas;produce;169,0;higiene
39;188;2025-08-05;8715,77;SuperNorte;2022-08-08;Peixe Fresco Iberico;seafood;;congelados
5;357;2033-06-18;4347,03;Nova Compra;2026-02-01;Carnes Selectas;meat;;higiene
306;489;2032-10-15;3000,0;BomPreco;2025-04-13;SnackHouse Distribuicao;snacks;;talho
397;133;2030-05-22;3176,24;FreshMart Gaia;2023-10-31;Bebidas Lusas;beverages;32,0;congelados
79;800;2028-03-28;1638,36;FreshMart Gaia;2023-10-18;Casa Verde Horticolas;produce;2,0;peixaria
79;800;2027-07-29;1820,24;FreshMart Gaia;2023-10-18;Casa Verde Horticolas;produce;67,0;padaria
163;677;2024-02-16;4840,77;FreshMart Gaia;2021-05-29;Carnes Selectas;meat;;padaria
60;671;2023-01-05;3819,94;BomPreco;2021-08-03;Lacteos do Vale;dairy;;talho
234;636;2025-10-09;625,77;BomPreco;2022-02-27;Padaria Industrial;bakery supplies;;higiene
289;33;2025-08-18;2670,6;FreshMart Gaia;2024-01-14;Bebidas Lusas;beverages;70,0;higiene
289;33;2025-08-18;2193,77;FreshMart Gaia;2024-01-14;Bebidas Lusas;beverages;138,0;mercearia
354;950;2035-06-20;3500,0;BomPreco;2025-11-02;Casa Verde Horticolas;produce;;mercearia
335;269;2025-07-16;1425,81;Nova Compra;2024-12-25;SnackHouse Distribuicao;snacks;139,0;padaria
49;555;2024-07-01;972,99;FreshMart Gaia;2023-09-03;Higiene Plus;cleaning products;;bebidas
225;224;2026-07-11;3778,5;SuperNorte;2025-06-18;Congelados Norte;frozen goods;97,0;higiene
11;747;2024-10-27;7912,74;Nova Compra;2022-01-12;Carnes Selectas;meat;;talho
440;520;2026-05-25;2493,98;Mercado Central;2021-09-09;Casa Verde Horticolas;produce;;higiene
179;815;2027-02-10;1061,44;Nova Compra;2024-10-24;Higiene Plus;cleaning products;;laticinios
487;247;2033-02-11;4511,3;FreshMart Gaia;2024-08-09;Carnes Selectas;meat;;bebidas
257;621;2024-11-07;1116,84;Nova Compra;2021-04-16;Lacteos do Vale;dairy;21,0;mercearia
257;621;2024-11-07;2288,49;Nova Compra;2021-04-16;Lacteos do Vale;dairy;91,0;talho
36;433;2021-10-07;6677,87;BomPreco;2021-03-31;Bebidas Lusas;beverages;;peixaria
108;752;2024-03-26;1423,88;BomPreco;2021-06-26;Frutaria Atlantica;produce;;higiene
128;747;2025-06-20;7188,73;Mercado Central;2021-12-26;Carnes Selectas;meat;;congelados
456;241;2032-09-03;1654,53;BomPreco;2025-06-07;Lacteos do Vale;dairy;;peixaria
83;505;2027-09-14;839,8;Nova Compra;2025-01-15;Higiene Plus;cleaning products;157,0;padaria
83;505;2026-04-23;1867,46;Nova Compra;2025-01-15;Higiene Plus;cleaning products;182,0;peixaria
407;801;2024-08-01;4000,0;Nova Compra;2024-05-16;Lacteos do Vale;dairy;;higiene
244;19;2025-03-26;2107,11;Atlantico Market;2023-01-21;SnackHouse Distribuicao;snacks;133,0;higiene
244;19;2025-03-26;1369,63;Atlantico Market;2023-01-21;SnackHouse Distribuicao;snacks;168,0;bebidas
330;48;2025-06-07;5554,38;BomPreco;2025-02-18;Peixe Fresco Iberico;seafood;;mercearia
105;580;2025-04-27;3500,0;SuperNorte;2022-01-11;Casa Verde Horticolas;produce;;mercearia
262;631;2024-06-24;2468,5;Atlantico Market;2023-03-24;Lacteos do Vale;dairy;;mercearia
478;350;2035-03-15;1310,65;Atlantico Market;2025-11-21;Casa Verde Horticolas;produce;;bebidas
176;902;2028-07-26;1798,92;Mercado Central;2023-03-01;Frutaria Atlantica;produce;;higiene
72;817;2025-06-19;5948,93;BomPreco;2021-04-11;Carnes Selectas;meat;;congelados
145;281;2025-01-13;2655,45;FreshMart Gaia;2023-11-02;Lacteos do Vale;dairy;131,0;congelados
145;281;2025-01-13;4000,0;FreshMart Gaia;2023-11-02;Lacteos do Vale;dairy;177,0;bebidas
423;682;2028-11-18;3284,91;SuperNorte;2022-05-09;Frutaria Atlantica;produce;14,0;congelados
423;682;2027-01-14;2022,62;SuperNorte;2022-05-09;Frutaria Atlantica;produce;55,0;talho
449;311;2028-02-06;2110,23;Nova Compra;2024-02-23;Lacteos do Vale;dairy;;talho
262;618;2024-11-08;7767,87;Atlantico Market;2023-03-24;Peixe Fresco Iberico;seafood;;laticinios
258;811;2025-10-20;1635,2;BomPreco;2025-02-11;Lacteos do Vale;dairy;73,0;talho
258;811;2025-10-20;3341,67;BomPreco;2025-02-11;Lacteos do Vale;dairy;100,0;talho
379;741;2024-12-30;1961,88;FreshMart Gaia;2024-02-27;Lacteos do Vale;dairy;;peixaria
493;290;2034-05-28;2307,33;FreshMart Gaia;2025-06-26;Casa Verde Horticolas;produce;;laticinios
211;78;2024-05-24;12000,0;FreshMart Gaia;2024-02-14;Peixe Fresco Iberico;seafood;103,0;padaria
163;102;2023-06-09;2372,51;FreshMart Gaia;2021-05-29;Frutaria Atlantica;produce;;mercearia
39;72;2029-04-24;2052,38;SuperNorte;2022-08-08;Frutaria Atlantica;produce;;laticinios
385;89;2024-12-08;1307,28;FreshMart Gaia;2023-02-10;SnackHouse Distribuicao;snacks;;peixaria
162;506;2025-01-16;965,48;BomPreco;2024-11-21;Padaria Industrial;bakery supplies;;higiene
254;775;2023-03-14;824,67;Mercado Central;2022-08-29;Higiene Plus;cleaning products;90,0;laticinios
356;457;2026-02-01;6864,33;Mercado Central;2022-08-06;Carnes Selectas;meat;;higiene
142;228;2027-12-15;2487,65;Atlantico Market;2023-11-17;Peixe Fresco Iberico;seafood;;talho
182;330;2022-03-11;2860,42;Mercado Central;2021-08-07;Casa Verde Horticolas;produce;85,0;padaria
291;39;2025-02-21;2293,39;SuperNorte;2024-09-22;SnackHouse Distribuicao;snacks;;laticinios
208;615;2031-08-28;1437,11;Atlantico Market;2024-12-15;Higiene Plus;cleaning products;176,0;congelados
93;246;2031-01-16;786,74;SuperNorte;2023-02-02;Padaria Industrial;bakery supplies;102,0;mercearia
416;931;2030-03-26;2134,33;Mercado Central;2021-10-24;Lacteos do Vale;dairy;;talho
469;483;2032-05-06;1687,83;FreshMart Gaia;2023-05-24;Bebidas Lusas;beverages;126,0;laticinios
419;737;2033-06-01;7823,32;Nova Compra;2026-02-16;Carnes Selectas;meat;74,0;peixaria
482;972;2033-09-08;1718,52;Mercado Central;2023-10-18;Frutaria Atlantica;produce;156,0;mercearia
150;678;2031-10-29;12000,0;BomPreco;2025-02-06;Peixe Fresco Iberico;seafood;;congelados
3;467;2024-06-17;6441,71;SuperNorte;2022-12-19;Carnes Selectas;meat;;laticinios
488;362;2028-01-06;2053,06;Mercado Central;2022-02-12;Frutaria Atlantica;produce;;talho
239;257;2023-11-24;6467,73;Nova Compra;2022-04-05;Carnes Selectas;meat;120,0;mercearia
2;117;2024-10-19;3481,35;Mercado Central;2022-09-10;Carnes Selectas;meat;167,0;congelados
159;75;2031-01-04;1122,44;SuperNorte;2025-01-19;Higiene Plus;cleaning products;;peixaria
233;287;2024-12-15;5732,93;Nova Compra;2023-12-13;Carnes Selectas;meat;;padaria
37;24;2024-09-09;3752,65;FreshMart Gaia;2022-12-13;Congelados Norte;frozen goods;15,0;bebidas
365;217;2025-12-26;4166,05;Nova Compra;2023-06-30;Carnes Selectas;meat;;peixaria
486;675;2022-10-22;1210,91;BomPreco;2022-02-26;Higiene Plus;cleaning products;;talho
469;103;2029-07-11;3825,21;FreshMart Gaia;2023-05-24;Bebidas Lusas;beverages;126,0;laticinios
431;418;2027-11-11;12000,0;Nova Compra;2024-03-23;Peixe Fresco Iberico;seafood;194,0;congelados
313;424;2031-06-10;3714,3;FreshMart Gaia;2023-03-30;Congelados Norte;frozen goods;109,0;talho
74;180;2034-03-27;1363,89;Mercado Central;2025-11-11;Casa Verde Horticolas;produce;3,0;mercearia
68;695;2030-08-23;1283,67;Mercado Central;2023-11-14;Higiene Plus;cleaning products;;laticinios
499;410;2031-07-04;3500,0;FreshMart Gaia;2023-08-29;Casa Verde Horticolas;produce;;mercearia
120;792;2026-06-08;3500,0;BomPreco;2025-05-31;Frutaria Atlantica;produce;6,0;bebidas
72;642;2021-11-03;3500,0;BomPreco;2021-04-11;Frutaria Atlantica;produce;;mercearia
500;732;2025-06-23;1901,46;Mercado Central;2022-04-18;Frutaria Atlantica;produce;;fruta e legumes
103;966;2023-04-10;1334,71;FreshMart Gaia;2022-12-24;Padaria Industrial;bakery supplies;;congelados
402;56;2024-12-08;623,43;BomPreco;2023-09-28;Padaria Industrial;bakery supplies;;bebidas
88;531;2024-01-26;1833,85;Atlantico Market;2021-03-26;Lacteos do Vale;dairy;62,0;fruta e legumes
226;181;2025-02-28;1301,71;Atlantico Market;2022-06-05;Lacteos do Vale;dairy;;mercearia
373;496;2030-12-26;1237,34;FreshMart Gaia;2022-06-04;Padaria Industrial;bakery supplies;;padaria
47;233;2033-07-13;3815,39;Nova Compra;2025-02-04;Bebidas Lusas;beverages;86,0;congelados
15;251;2033-03-22;2380,36;SuperNorte;2024-07-30;Lacteos do Vale;dairy;;peixaria
177;516;2024-11-26;683,32;SuperNorte;2023-05-04;Padaria Industrial;bakery supplies;;padaria
374;277;2025-07-01;7918,55;Mercado Central;2023-02-24;Carnes Selectas;meat;;congelados
34;893;2024-09-12;1269,46;Atlantico Market;2021-09-25;Bebidas Lusas;beverages;;padaria
476;840;2030-05-06;1651,65;Mercado Central;2023-03-11;Casa Verde Horticolas;produce;;congelados
133;328;2025-07-04;6195,43;FreshMart Gaia;2023-08-18;Peixe Fresco Iberico;seafood;26,0;fruta e legumes
169;1;2032-11-15;865,67;FreshMart Gaia;2025-07-10;Lacteos do Vale;dairy;;fruta e legumes
10;585;2033-06-07;1634,46;Atlantico Market;2024-07-05;Higiene Plus;cleaning products;;higiene
212;744;2033-04-25;3977,47;Mercado Central;2024-06-29;Congelados Norte;frozen goods;;mercearia
107;331;2026-01-13;2767,57;Nova Compra;2025-07-14;Lacteos do Vale;dairy;141,0;bebidas
107;331;2033-08-08;4000,0;Nova Compra;2025-07-14;Lacteos do Vale;dairy;158,0;congelados
91;761;2034-01-22;2488,17;FreshMart Gaia;2025-05-06;Lacteos do Vale;dairy;92,0;peixaria
271;39;2035-04-04;2556,07;FreshMart Gaia;2025-10-11;SnackHouse Distribuicao;snacks;;bebidas
173;594;2031-05-20;8000,0;Nova Compra;2022-01-16;Congelados Norte;frozen goods;104,0;congelados
494;392;2032-12-28;2308,5;Mercado Central;2024-11-22;Frutaria Atlantica;produce;;fruta e legumes
42;230;2023-04-21;1253,0;BomPreco;2022-11-03;Casa Verde Horticolas;produce;;laticinios
403;206;2026-08-06;478,03;FreshMart Gaia;2021-04-09;Padaria Industrial;bakery supplies;;fruta e legumes
243;733;2026-04-20;4438,1;SuperNorte;2025-04-24;Bebidas Lusas;beverages;;talho
88;806;2023-01-18;835,17;Atlantico Market;2021-03-26;Padaria Industrial;bakery supplies;62,0;fruta e legumes
456;558;2034-09-06;11581,66;BomPreco;2025-06-07;Peixe Fresco Iberico;seafood;;laticinios
446;137;2023-05-02;4360,53;Mercado Central;2022-09-29;Carnes Selectas;meat;187,0;higiene
245;373;2031-04-27;3725,93;Nova Compra;2024-07-08;Bebidas Lusas;beverages;;talho
253;686;2024-05-20;593,6;FreshMart Gaia;2023-05-05;Padaria Industrial;bakery supplies;89,0;fruta e legumes
273;835;2021-11-27;1177,9;SuperNorte;2021-11-16;Higiene Plus;cleaning products;25,0;higiene
273;835;2021-11-27;899,58;SuperNorte;2021-11-16;Higiene Plus;cleaning products;101,0;peixaria
177;843;2023-10-06;2556,32;SuperNorte;2023-05-04;Bebidas Lusas;beverages;;mercearia
460;31;2027-12-21;2099,5;Atlantico Market;2024-04-23;Lacteos do Vale;dairy;;higiene
241;657;2029-08-05;4109,44;FreshMart Gaia;2022-04-14;Carnes Selectas;meat;51,0;bebidas
157;66;2029-12-17;1800,0;FreshMart Gaia;2024-10-04;Padaria Industrial;bakery supplies;;fruta e legumes
28;749;2025-09-01;2403,5;Atlantico Market;2023-02-26;SnackHouse Distribuicao;snacks;;fruta e legumes
149;32;2032-08-13;3014,02;Nova Compra;2025-09-19;Frutaria Atlantica;produce;41,0;congelados
455;138;2024-11-19;6183,6;Nova Compra;2024-05-14;Peixe Fresco Iberico;seafood;;mercearia
189;847;2024-05-25;5663,19;SuperNorte;2024-04-27;Carnes Selectas;meat;;mercearia
47;393;2034-01-30;3090,83;Nova Compra;2025-02-04;Bebidas Lusas;beverages;86,0;congelados
126;982;2025-10-21;3500,0;BomPreco;2022-12-13;Frutaria Atlantica;produce;;mercearia
400;558;2023-04-26;6189,25;Atlantico Market;2021-10-07;Peixe Fresco Iberico;seafood;;peixaria
94;569;2029-07-29;1257,45;Atlantico Market;2024-06-11;SnackHouse Distribuicao;snacks;1,0;talho
94;569;2024-12-19;1175,24;Atlantico Market;2024-06-11;SnackHouse Distribuicao;snacks;49,0;padaria
225;744;2035-04-04;5000,42;SuperNorte;2025-06-18;Congelados Norte;frozen goods;97,0;higiene
326;204;2028-07-22;8000,0;Mercado Central;2024-09-07;Congelados Norte;frozen goods;;congelados
453;62;2025-12-06;3017,16;SuperNorte;2025-10-17;Frutaria Atlantica;produce;;bebidas
7;343;2033-06-16;2668,21;FreshMart Gaia;2023-07-14;Bebidas Lusas;beverages;;laticinios
151;714;2025-01-30;3025,85;FreshMart Gaia;2024-04-02;Congelados Norte;frozen goods;;bebidas
221;927;2024-05-14;9461,39;Nova Compra;2022-05-20;Carnes Selectas;meat;;laticinios
234;725;2025-11-03;2500,0;BomPreco;2022-02-27;Higiene Plus;cleaning products;;padaria
175;633;2024-06-25;3513,12;FreshMart Gaia;2024-01-18;Bebidas Lusas;beverages;;laticinios
42;490;2029-04-18;3184,09;BomPreco;2022-11-03;Casa Verde Horticolas;produce;;mercearia
141;505;2026-08-08;710,86;SuperNorte;2021-05-17;Higiene Plus;cleaning products;;congelados
198;413;2033-12-09;2565,54;BomPreco;2025-11-21;Bebidas Lusas;beverages;;talho
378;256;2025-05-07;634,88;BomPreco;2021-04-27;Padaria Industrial;bakery supplies;137,0;peixaria
117;700;2029-09-30;2227,06;SuperNorte;2025-08-17;Casa Verde Horticolas;produce;;talho
313;22;2026-06-29;1706,84;FreshMart Gaia;2023-03-30;Frutaria Atlantica;produce;109,0;talho
321;500;2025-01-30;2059,22;SuperNorte;2022-07-21;Casa Verde Horticolas;produce;77,0;congelados
91;518;2027-04-25;11250,41;FreshMart Gaia;2025-05-06;Peixe Fresco Iberico;seafood;92,0;peixaria
239;330;2026-01-25;1378,87;Nova Compra;2022-04-05;Casa Verde Horticolas;produce;120,0;mercearia
277;305;2033-01-27;1434,41;FreshMart Gaia;2026-02-03;Higiene Plus;cleaning products;;laticinios
309;997;2024-04-22;2957,46;SuperNorte;2024-03-19;Carnes Selectas;meat;;laticinios
404;659;2025-06-27;2785,64;Mercado Central;2024-09-04;SnackHouse Distribuicao;snacks;;talho
109;45;2022-04-18;2252,05;FreshMart Gaia;2021-02-19;Higiene Plus;cleaning products;;mercearia
51;801;2025-06-20;2530,25;SuperNorte;2021-10-07;Lacteos do Vale;dairy;112,0;padaria
445;80;2030-10-31;1952,59;FreshMart Gaia;2025-09-12;Casa Verde Horticolas;produce;;talho
318;3;2023-02-03;2982,13;BomPreco;2021-03-16;Bebidas Lusas;beverages;88,0;higiene
424;493;2027-11-03;2001,22;Atlantico Market;2025-08-18;Bebidas Lusas;beverages;;talho
39;944;2024-03-04;4933,8;SuperNorte;2022-08-08;Congelados Norte;frozen goods;;talho
402;7;2029-08-26;7588,92;BomPreco;2023-09-28;Carnes Selectas;meat;;fruta e legumes
446;451;2023-05-20;4000,0;Mercado Central;2022-09-29;Lacteos do Vale;dairy;187,0;higiene
103;593;2023-08-31;3141,37;FreshMart Gaia;2022-12-24;Bebidas Lusas;beverages;;padaria
61;332;2025-10-18;2089,17;FreshMart Gaia;2021-12-07;Frutaria Atlantica;produce;;fruta e legumes
158;694;2033-02-07;7100,02;Mercado Central;2025-02-09;Congelados Norte;frozen goods;;congelados
290;10;2023-06-24;3096,35;Mercado Central;2022-12-23;Casa Verde Horticolas;produce;;talho
173;494;2024-07-19;3249,51;Nova Compra;2022-01-16;Congelados Norte;frozen goods;104,0;congelados
281;237;2032-04-18;4762,52;Nova Compra;2024-07-19;Carnes Selectas;meat;;bebidas
381;758;2025-09-13;5131,94;SuperNorte;2021-05-16;Peixe Fresco Iberico;seafood;;talho
37;928;2027-06-29;4331,75;FreshMart Gaia;2022-12-13;Peixe Fresco Iberico;seafood;15,0;bebidas
171;684;2028-05-24;8000,0;SuperNorte;2025-12-02;Congelados Norte;frozen goods;13,0;padaria
104;174;2023-03-25;4423,08;Mercado Central;2023-01-07;Congelados Norte;frozen goods;;higiene
470;434;2022-09-27;4158,71;Mercado Central;2022-09-27;Congelados Norte;frozen goods;84,0;mercearia
149;125;2031-08-05;1537,14;Nova Compra;2025-09-19;Higiene Plus;cleaning products;41,0;congelados
485;144;2027-10-14;4405,3;Nova Compra;2023-06-26;Congelados Norte;frozen goods;;higiene
331;275;2023-12-28;1244,85;FreshMart Gaia;2021-12-05;Higiene Plus;cleaning products;;fruta e legumes
159;176;2029-11-25;709,85;SuperNorte;2025-01-19;Padaria Industrial;bakery supplies;;congelados
131;464;2026-09-24;8000,0;Nova Compra;2022-05-27;Congelados Norte;frozen goods;152,0;fruta e legumes
202;440;2025-06-12;1431,27;Atlantico Market;2022-03-22;Casa Verde Horticolas;produce;;fruta e legumes
402;339;2024-03-17;1085,5;BomPreco;2023-09-28;SnackHouse Distribuicao;snacks;;talho
460;834;2026-08-01;4146,92;Atlantico Market;2024-04-23;Congelados Norte;frozen goods;;laticinios
118;348;2022-09-26;12000,0;Atlantico Market;2022-07-18;Peixe Fresco Iberico;seafood;;congelados
382;780;2024-02-02;1278,23;Atlantico Market;2023-09-03;Casa Verde Horticolas;produce;;laticinios
11;462;2023-12-12;2545,97;Nova Compra;2022-01-12;Frutaria Atlantica;produce;;mercearia
447;886;2030-11-04;895,07;SuperNorte;2023-10-11;Padaria Industrial;bakery supplies;64,0;talho
491;743;2028-05-29;4186,73;Nova Compra;2024-07-19;Bebidas Lusas;beverages;;bebidas
283;715;2025-07-27;2082,22;FreshMart Gaia;2022-11-06;Higiene Plus;cleaning products;43,0;higiene
373;536;2022-10-28;461,23;FreshMart Gaia;2022-06-04;Padaria Industrial;bakery supplies;;peixaria
491;862;2025-07-09;1235,94;Nova Compra;2024-07-19;Frutaria Atlantica;produce;;mercearia
235;917;2022-04-19;8125,48;FreshMart Gaia;2022-03-04;Carnes Selectas;meat;;mercearia
326;427;2030-02-17;5642,08;Mercado Central;2024-09-07;Carnes Selectas;meat;;mercearia
180;861;2024-01-29;2365,08;BomPreco;2023-10-07;Lacteos do Vale;dairy;;bebidas
35;933;2025-07-05;5164,86;Nova Compra;2021-05-08;Bebidas Lusas;beverages;;mercearia
44;679;2033-10-23;1105,67;Mercado Central;2024-10-03;SnackHouse Distribuicao;snacks;56,0;peixaria
451;988;2027-10-29;10449,82;FreshMart Gaia;2022-01-11;Peixe Fresco Iberico;seafood;63,0;laticinios
300;145;2032-05-18;1988,45;BomPreco;2022-06-18;Higiene Plus;cleaning products;;peixaria
262;933;2023-10-18;4174,52;Atlantico Market;2023-03-24;Bebidas Lusas;beverages;;bebidas
147;438;2029-01-21;8024,2;SuperNorte;2022-01-01;Peixe Fresco Iberico;seafood;;higiene
26;449;2024-07-09;2787,13;Mercado Central;2022-05-29;SnackHouse Distribuicao;snacks;;mercearia
278;750;2028-11-10;1416,17;Mercado Central;2021-03-28;Casa Verde Horticolas;produce;;higiene
83;824;2034-01-31;5790,54;Nova Compra;2025-01-15;Congelados Norte;frozen goods;157,0;padaria
83;824;2033-08-30;8000,0;Nova Compra;2025-01-15;Congelados Norte;frozen goods;182,0;peixaria
292;438;2026-05-04;8671,87;Atlantico Market;2023-07-16;Peixe Fresco Iberico;seafood;17,0;fruta e legumes
360;592;2032-12-06;1673,82;BomPreco;2023-03-19;Frutaria Atlantica;produce;200,0;peixaria
149;467;2032-10-19;10000,0;Nova Compra;2025-09-19;Carnes Selectas;meat;41,0;congelados
1;944;2033-01-31;4770,65;FreshMart Gaia;2023-11-13;Congelados Norte;frozen goods;;talho
16;374;2030-05-18;8000,0;Atlantico Market;2024-01-08;Congelados Norte;frozen goods;5,0;congelados
220;726;2025-08-27;827,22;Atlantico Market;2024-11-09;Padaria Industrial;bakery supplies;;talho
431;37;2029-10-04;8731,26;Nova Compra;2024-03-23;Carnes Selectas;meat;194,0;congelados
78;487;2024-11-23;4222,84;BomPreco;2022-12-29;Carnes Selectas;meat;46,0;talho
375;945;2024-12-16;1590,39;SuperNorte;2024-05-11;Higiene Plus;cleaning products;123,0;bebidas
138;298;2032-06-11;4946,94;BomPreco;2023-01-31;Peixe Fresco Iberico;seafood;58,0;padaria
338;788;2024-09-10;12000,0;Mercado Central;2023-02-16;Peixe Fresco Iberico;seafood;;bebidas
48;365;2032-03-19;1244,76;BomPreco;2022-10-06;Higiene Plus;cleaning products;;peixaria
121;447;2022-12-12;3279,95;FreshMart Gaia;2022-03-07;Carnes Selectas;meat;;higiene
496;986;2030-12-27;1043,73;Atlantico Market;2025-03-17;Padaria Industrial;bakery supplies;;fruta e legumes
97;681;2025-04-01;2737,82;FreshMart Gaia;2023-11-01;Lacteos do Vale;dairy;;mercearia
106;989;2025-01-15;1630,37;Atlantico Market;2024-07-22;SnackHouse Distribuicao;snacks;;bebidas
37;423;2026-02-01;2600,65;FreshMart Gaia;2022-12-13;Bebidas Lusas;beverages;15,0;bebidas
118;782;2024-07-15;2950,51;Atlantico Market;2022-07-18;Frutaria Atlantica;produce;;padaria
189;731;2025-09-29;3788,99;SuperNorte;2024-04-27;Lacteos do Vale;dairy;;laticinios
317;338;2024-10-04;3096,34;Nova Compra;2022-01-06;Peixe Fresco Iberico;seafood;16,0;higiene
443;830;2030-05-04;1246,73;Nova Compra;2025-05-20;Casa Verde Horticolas;produce;;bebidas
457;273;2026-01-30;3490,39;FreshMart Gaia;2022-06-06;Bebidas Lusas;beverages;107,0;fruta e legumes
157;504;2034-03-16;3386,17;FreshMart Gaia;2024-10-04;Congelados Norte;frozen goods;;congelados
144;280;2027-11-24;2344,01;BomPreco;2022-09-23;Casa Verde Horticolas;produce;;talho
44;901;2034-06-20;4000,0;Mercado Central;2024-10-03;Lacteos do Vale;dairy;56,0;peixaria
475;508;2025-11-21;5476,09;FreshMart Gaia;2025-02-17;Peixe Fresco Iberico;seafood;124,0;higiene
400;412;2022-10-24;3500,0;Atlantico Market;2021-10-07;Frutaria Atlantica;produce;;padaria
414;996;2032-05-01;516,46;BomPreco;2025-05-11;Padaria Industrial;bakery supplies;;padaria
305;664;2026-01-07;5278,97;Nova Compra;2023-08-27;Congelados Norte;frozen goods;;laticinios
432;987;2033-07-20;4132,07;BomPreco;2025-09-23;Carnes Selectas;meat;;padaria
31;610;2024-01-09;2293,34;FreshMart Gaia;2023-08-26;Casa Verde Horticolas;produce;;mercearia
231;746;2031-11-03;453,59;SuperNorte;2025-05-07;Padaria Industrial;bakery supplies;;fruta e legumes
125;427;2024-10-24;3028,21;Nova Compra;2024-01-05;Carnes Selectas;meat;;laticinios
467;863;2029-08-05;4644,33;Nova Compra;2023-05-01;Bebidas Lusas;beverages;71,0;fruta e legumes
463;566;2034-01-19;753,14;FreshMart Gaia;2025-03-11;Padaria Industrial;bakery supplies;108,0;laticinios
42;813;2024-04-23;3242,53;BomPreco;2022-11-03;Bebidas Lusas;beverages;;peixaria
435;854;2025-08-03;8000,0;SuperNorte;2024-08-06;Congelados Norte;frozen goods;;bebidas
266;728;2031-04-04;6915,11;Mercado Central;2022-11-17;Peixe Fresco Iberico;seafood;;mercearia
383;980;2024-05-06;2775,6;Nova Compra;2023-04-24;Casa Verde Horticolas;produce;;congelados
372;326;2027-10-29;710,58;BomPreco;2025-04-26;Padaria Industrial;bakery supplies;;peixaria
76;921;2022-05-12;1175,77;Atlantico Market;2022-03-16;Lacteos do Vale;dairy;180,0;laticinios
270;530;2022-09-03;1783,99;BomPreco;2022-05-19;Casa Verde Horticolas;produce;190,0;talho
450;180;2024-10-04;945,99;BomPreco;2021-02-18;Casa Verde Horticolas;produce;;congelados
24;348;2024-11-06;4746,64;BomPreco;2023-04-04;Peixe Fresco Iberico;seafood;;mercearia
389;167;2023-05-20;6009,78;Nova Compra;2023-02-14;Carnes Selectas;meat;;laticinios
223;414;2025-03-11;4090,01;FreshMart Gaia;2022-09-06;Congelados Norte;frozen goods;;talho
243;385;2026-06-06;1598,37;SuperNorte;2025-04-24;Higiene Plus;cleaning products;;padaria
23;236;2028-10-30;1310,15;Nova Compra;2023-11-14;Padaria Industrial;bakery supplies;;peixaria
474;902;2025-02-24;1080,16;BomPreco;2023-04-15;Frutaria Atlantica;produce;;padaria
339;305;2029-05-19;899,95;SuperNorte;2022-10-13;Higiene Plus;cleaning products;155,0;peixaria
366;199;2024-03-09;619,04;BomPreco;2021-10-13;SnackHouse Distribuicao;snacks;;talho
348;157;2026-01-16;4570,69;BomPreco;2024-01-26;Carnes Selectas;meat;;fruta e legumes
290;783;2024-06-23;5224,17;Mercado Central;2022-12-23;Bebidas Lusas;beverages;;higiene
80;690;2025-01-28;3500,0;Mercado Central;2021-08-21;Casa Verde Horticolas;produce;;padaria
457;507;2025-06-02;5883,29;FreshMart Gaia;2022-06-06;Carnes Selectas;meat;107,0;fruta e legumes
145;194;2033-05-22;7977,04;FreshMart Gaia;2023-11-02;Congelados Norte;frozen goods;131,0;congelados
145;194;2024-09-03;5110,7;FreshMart Gaia;2023-11-02;Congelados Norte;frozen goods;177,0;bebidas
270;592;2029-09-06;1941,65;BomPreco;2022-05-19;Frutaria Atlantica;produce;190,0;talho
83;23;2029-10-10;2848,17;Nova Compra;2025-01-15;Bebidas Lusas;beverages;157,0;padaria
83;23;2026-06-26;1282,02;Nova Compra;2025-01-15;Bebidas Lusas;beverages;182,0;peixaria
265;181;2023-06-06;3728,12;FreshMart Gaia;2022-10-08;Lacteos do Vale;dairy;72,0;laticinios
265;181;2023-06-06;2099,12;FreshMart Gaia;2022-10-08;Lacteos do Vale;dairy;114,0;bebidas
312;487;2029-12-07;10000,0;BomPreco;2025-12-24;Carnes Selectas;meat;;congelados
54;733;2023-12-19;2445,92;BomPreco;2021-08-12;Bebidas Lusas;beverages;;bebidas
137;224;2026-02-01;8000,0;Nova Compra;2021-03-16;Congelados Norte;frozen goods;150,0;bebidas
88;757;2027-02-17;4828,06;Atlantico Market;2021-03-26;Carnes Selectas;meat;62,0;fruta e legumes
453;599;2032-08-17;1208,39;SuperNorte;2025-10-17;SnackHouse Distribuicao;snacks;;mercearia
111;354;2025-11-24;3904,31;SuperNorte;2021-08-21;Congelados Norte;frozen goods;;higiene
379;988;2033-09-09;7018,21;FreshMart Gaia;2024-02-27;Peixe Fresco Iberico;seafood;;peixaria
127;683;2030-05-22;3633,88;FreshMart Gaia;2022-10-25;Bebidas Lusas;beverages;;higiene
356;208;2023-08-16;5154,67;Mercado Central;2022-08-06;Peixe Fresco Iberico;seafood;;congelados
72;772;2023-01-09;821,71;BomPreco;2021-04-11;Frutaria Atlantica;produce;;peixaria
494;459;2034-06-01;1148,93;Mercado Central;2024-11-22;SnackHouse Distribuicao;snacks;;peixaria
384;381;2026-02-14;3486,73;BomPreco;2024-10-07;Lacteos do Vale;dairy;;peixaria
450;926;2023-05-02;673,09;BomPreco;2021-02-18;Padaria Industrial;bakery supplies;;higiene
96;576;2032-09-16;461,8;BomPreco;2023-11-03;Padaria Industrial;bakery supplies;;mercearia
116;691;2022-11-17;1337,09;Mercado Central;2022-10-19;Lacteos do Vale;dairy;;bebidas
251;873;2026-01-01;3603,35;Nova Compra;2023-03-21;Bebidas Lusas;beverages;;congelados
198;566;2029-06-09;710,6;BomPreco;2025-11-21;Padaria Industrial;bakery supplies;;bebidas
476;543;2030-03-25;3306,3;Mercado Central;2023-03-11;Bebidas Lusas;beverages;;fruta e legumes
209;937;2023-09-09;3770,08;Nova Compra;2022-12-23;Carnes Selectas;meat;125,0;fruta e legumes
133;945;2024-12-04;2165,91;FreshMart Gaia;2023-08-18;Higiene Plus;cleaning products;26,0;fruta e legumes
409;595;2026-04-23;1714,87;FreshMart Gaia;2025-03-31;Higiene Plus;cleaning products;;higiene
368;92;2023-02-13;3500,0;Mercado Central;2022-05-09;Frutaria Atlantica;produce;;mercearia
292;294;2025-04-24;3621,33;Atlantico Market;2023-07-16;Congelados Norte;frozen goods;17,0;fruta e legumes
281;43;2032-05-27;3298,8;Nova Compra;2024-07-19;Bebidas Lusas;beverages;;mercearia
263;333;2023-05-13;6387,43;Nova Compra;2022-05-13;Bebidas Lusas;beverages;47,0;peixaria
333;810;2022-05-01;2205,91;SuperNorte;2021-06-28;Casa Verde Horticolas;produce;;padaria
155;403;2025-06-05;2454,88;Nova Compra;2021-06-09;Bebidas Lusas;beverages;121,0;padaria
467;371;2024-06-29;2761,73;Nova Compra;2023-05-01;Lacteos do Vale;dairy;71,0;fruta e legumes
267;829;2026-07-14;1972,33;SuperNorte;2025-12-26;SnackHouse Distribuicao;snacks;;mercearia
377;226;2024-09-05;446,1;Nova Compra;2023-06-29;Padaria Industrial;bakery supplies;;congelados
298;921;2024-05-18;1603,8;Atlantico Market;2023-03-05;Lacteos do Vale;dairy;;bebidas
402;809;2027-02-11;1797,54;BomPreco;2023-09-28;SnackHouse Distribuicao;snacks;;mercearia
258;287;2029-05-10;10000,0;BomPreco;2025-02-11;Carnes Selectas;meat;73,0;talho
258;287;2032-09-08;7392,74;BomPreco;2025-02-11;Carnes Selectas;meat;100,0;talho
84;992;2026-01-01;1435,29;BomPreco;2022-05-29;Frutaria Atlantica;produce;;laticinios
228;911;2034-11-11;1563,27;BomPreco;2025-05-03;Lacteos do Vale;dairy;44,0;fruta e legumes
131;770;2022-06-03;2648,96;Nova Compra;2022-05-27;Casa Verde Horticolas;produce;152,0;fruta e legumes
121;81;2025-06-26;721,53;FreshMart Gaia;2022-03-07;Lacteos do Vale;dairy;;mercearia
345;802;2025-11-30;1286,31;SuperNorte;2025-10-09;Frutaria Atlantica;produce;;fruta e legumes
163;449;2022-12-09;3000,0;FreshMart Gaia;2021-05-29;SnackHouse Distribuicao;snacks;;laticinios
75;792;2031-05-19;2114,36;SuperNorte;2024-05-04;Frutaria Atlantica;produce;65,0;peixaria
75;792;2025-06-13;1314,94;SuperNorte;2024-05-04;Frutaria Atlantica;produce;170,0;fruta e legumes
247;820;2022-02-18;1077,07;FreshMart Gaia;2021-04-17;Casa Verde Horticolas;produce;173,0;peixaria
257;353;2023-01-24;5471,96;Nova Compra;2021-04-16;Bebidas Lusas;beverages;21,0;mercearia
257;353;2023-01-24;3883,63;Nova Compra;2021-04-16;Bebidas Lusas;beverages;91,0;talho
428;276;2030-04-03;906,27;Mercado Central;2023-08-26;Padaria Industrial;bakery supplies;;fruta e legumes
96;79;2026-10-09;1952,41;BomPreco;2023-11-03;SnackHouse Distribuicao;snacks;;padaria
399;43;2024-08-05;4038,3;SuperNorte;2024-04-02;Bebidas Lusas;beverages;;bebidas
264;519;2024-06-24;1716,58;BomPreco;2024-03-30;SnackHouse Distribuicao;snacks;;mercearia
368;931;2028-11-10;1184,81;Mercado Central;2022-05-09;Lacteos do Vale;dairy;;fruta e legumes
331;409;2026-01-19;1039,65;FreshMart Gaia;2021-12-05;SnackHouse Distribuicao;snacks;;laticinios
498;339;2024-01-09;2310,59;BomPreco;2023-08-24;SnackHouse Distribuicao;snacks;;mercearia
131;791;2022-12-30;2765,13;Nova Compra;2022-05-27;Lacteos do Vale;dairy;152,0;fruta e legumes
412;633;2027-07-27;4453,59;Atlantico Market;2024-08-06;Bebidas Lusas;beverages;36,0;laticinios
12;916;2028-08-18;768,03;BomPreco;2024-07-15;Padaria Industrial;bakery supplies;;congelados
224;34;2024-12-06;6067,52;Mercado Central;2024-04-11;Congelados Norte;frozen goods;98,0;fruta e legumes
308;160;2025-07-26;1565,73;Mercado Central;2022-07-13;Casa Verde Horticolas;produce;;higiene
454;876;2022-09-21;1796,23;Atlantico Market;2022-02-05;Padaria Industrial;bakery supplies;;fruta e legumes
121;466;2025-03-22;714,57;FreshMart Gaia;2022-03-07;Padaria Industrial;bakery supplies;;peixaria
371;238;2025-06-23;5131,63;Nova Compra;2022-09-12;Peixe Fresco Iberico;seafood;;laticinios
110;732;2029-04-08;1728,12;Mercado Central;2024-05-11;Frutaria Atlantica;produce;;fruta e legumes
460;245;2025-01-21;2013,23;Atlantico Market;2024-04-23;Higiene Plus;cleaning products;;bebidas
263;663;2031-01-21;3691,27;Nova Compra;2022-05-13;Bebidas Lusas;beverages;47,0;peixaria
500;562;2025-10-10;1881,64;Mercado Central;2022-04-18;Frutaria Atlantica;produce;;higiene
303;31;2035-01-16;1802,64;SuperNorte;2025-02-15;Lacteos do Vale;dairy;;fruta e legumes
202;550;2029-02-17;2087,21;Atlantico Market;2022-03-22;Casa Verde Horticolas;produce;;talho
392;83;2030-09-02;3632,52;Mercado Central;2023-08-21;Bebidas Lusas;beverages;;higiene
466;633;2024-04-21;2634,83;Atlantico Market;2022-02-26;Bebidas Lusas;beverages;99,0;laticinios
477;251;2023-11-12;2276,75;SuperNorte;2022-01-25;Lacteos do Vale;dairy;;laticinios
323;828;2024-04-24;6956,43;Nova Compra;2021-06-14;Peixe Fresco Iberico;seafood;82,0;talho
101;968;2024-10-23;12000,0;Nova Compra;2023-02-01;Peixe Fresco Iberico;seafood;;peixaria
149;17;2028-03-25;4101,85;Nova Compra;2025-09-19;Carnes Selectas;meat;41,0;congelados
376;986;2025-12-30;685,42;Atlantico Market;2025-07-22;Padaria Industrial;bakery supplies;;fruta e legumes
301;978;2029-09-27;7369,63;FreshMart Gaia;2021-11-05;Peixe Fresco Iberico;seafood;20,0;peixaria
301;978;2025-05-19;4157,97;FreshMart Gaia;2021-11-05;Peixe Fresco Iberico;seafood;147,0;mercearia
159;77;2034-07-08;3331,85;SuperNorte;2025-01-19;Carnes Selectas;meat;;higiene
312;206;2026-09-29;523,82;BomPreco;2025-12-24;Padaria Industrial;bakery supplies;;fruta e legumes
402;290;2026-09-27;1305,55;BomPreco;2023-09-28;Casa Verde Horticolas;produce;;laticinios
155;714;2024-02-01;3068,43;Nova Compra;2021-06-09;Congelados Norte;frozen goods;121,0;padaria
51;400;2023-12-31;1038,44;SuperNorte;2021-10-07;Casa Verde Horticolas;produce;112,0;padaria
195;979;2023-06-07;1474,25;SuperNorte;2022-02-10;SnackHouse Distribuicao;snacks;162,0;laticinios
14;177;2025-10-11;1862,1;Mercado Central;2022-12-20;Carnes Selectas;meat;12,0;mercearia
396;268;2026-07-08;8109,99;BomPreco;2025-10-21;Peixe Fresco Iberico;seafood;57,0;mercearia
284;19;2028-08-20;1284,31;Mercado Central;2023-04-30;SnackHouse Distribuicao;snacks;153,0;laticinios
486;33;2022-11-14;3118,5;BomPreco;2022-02-26;Bebidas Lusas;beverages;;congelados
89;865;2023-01-10;1790,59;Nova Compra;2021-05-28;Higiene Plus;cleaning products;;talho
92;730;2025-08-04;2186,87;Mercado Central;2024-11-30;Casa Verde Horticolas;produce;37,0;talho
448;335;2025-08-26;1035,62;Atlantico Market;2025-02-18;Higiene Plus;cleaning products;;higiene
329;951;2025-01-12;2634,71;Nova Compra;2023-01-15;Lacteos do Vale;dairy;198,0;laticinios
364;405;2024-01-25;2500,0;Atlantico Market;2021-12-06;Higiene Plus;cleaning products;;fruta e legumes
53;893;2024-08-31;2378,03;Nova Compra;2022-04-27;Bebidas Lusas;beverages;;fruta e legumes
315;269;2034-06-28;2316,31;SuperNorte;2025-10-02;SnackHouse Distribuicao;snacks;;padaria
284;605;2024-07-06;833,23;Mercado Central;2023-04-30;Higiene Plus;cleaning products;153,0;laticinios
61;373;2024-02-22;6364,26;FreshMart Gaia;2021-12-07;Bebidas Lusas;beverages;;peixaria
190;525;2031-08-11;998,09;Atlantico Market;2025-05-26;Higiene Plus;cleaning products;;higiene
494;181;2025-10-19;1534,05;Mercado Central;2024-11-22;Lacteos do Vale;dairy;;peixaria
490;960;2025-03-08;3102,88;Atlantico Market;2023-10-13;Casa Verde Horticolas;produce;;congelados
142;62;2033-05-30;2559,71;Atlantico Market;2023-11-17;Frutaria Atlantica;produce;;fruta e legumes
76;517;2022-08-19;3978,11;Atlantico Market;2022-03-16;Carnes Selectas;meat;180,0;laticinios
468;5;2024-09-09;1456,11;BomPreco;2021-07-29;Higiene Plus;cleaning products;;congelados
3;694;2023-05-23;3124,07;SuperNorte;2022-12-19;Congelados Norte;frozen goods;;talho
255;439;2025-02-17;805,77;SuperNorte;2024-01-22;SnackHouse Distribuicao;snacks;129,0;mercearia
106;6;2029-03-16;1088,91;Atlantico Market;2024-07-22;Padaria Industrial;bakery supplies;;talho
456;673;2032-02-25;3194,29;BomPreco;2025-06-07;Bebidas Lusas;beverages;;peixaria
192;509;2031-04-03;1078,05;BomPreco;2023-05-20;SnackHouse Distribuicao;snacks;80,0;fruta e legumes
59;915;2026-01-20;2473,35;Nova Compra;2024-05-26;Higiene Plus;cleaning products;;bebidas
288;977;2026-07-27;3582,25;BomPreco;2025-10-31;Carnes Selectas;meat;;fruta e legumes
446;89;2026-11-03;1760,44;Mercado Central;2022-09-29;SnackHouse Distribuicao;snacks;187,0;higiene
20;399;2034-02-12;2682,46;Mercado Central;2025-07-10;SnackHouse Distribuicao;snacks;;laticinios
209;193;2025-10-14;3341,87;Nova Compra;2022-12-23;Bebidas Lusas;beverages;125,0;fruta e legumes
57;693;2024-12-11;2694,94;SuperNorte;2024-02-07;Bebidas Lusas;beverages;;padaria
337;632;2034-04-10;2115,25;FreshMart Gaia;2025-05-15;Frutaria Atlantica;produce;117,0;laticinios
388;588;2030-03-28;7979,43;Atlantico Market;2022-12-28;Peixe Fresco Iberico;seafood;;bebidas
459;483;2025-06-06;5563,39;SuperNorte;2023-06-20;Bebidas Lusas;beverages;;padaria
58;105;2031-05-11;2500,0;Atlantico Market;2023-08-09;Higiene Plus;cleaning products;;fruta e legumes
181;752;2022-05-10;1505,92;FreshMart Gaia;2021-08-25;Frutaria Atlantica;produce;113,0;congelados
157;607;2028-09-16;5897,53;FreshMart Gaia;2024-10-04;Carnes Selectas;meat;;peixaria
465;754;2026-01-16;2428,94;SuperNorte;2024-12-20;Congelados Norte;frozen goods;;padaria
8;195;2024-05-03;1855,81;Mercado Central;2024-02-04;Higiene Plus;cleaning products;172,0;talho
153;88;2024-08-26;7060,21;SuperNorte;2024-02-05;Peixe Fresco Iberico;seafood;;peixaria
131;511;2022-06-09;1983,89;Nova Compra;2022-05-27;Lacteos do Vale;dairy;152,0;fruta e legumes
102;362;2022-12-11;1400,82;BomPreco;2022-07-06;Frutaria Atlantica;produce;;laticinios
386;699;2027-01-12;1410,55;Mercado Central;2024-08-11;SnackHouse Distribuicao;snacks;;padaria
351;963;2021-03-17;4170,79;SuperNorte;2021-03-14;Bebidas Lusas;beverages;;fruta e legumes
394;557;2023-11-06;3496,01;Atlantico Market;2023-07-15;Carnes Selectas;meat;;peixaria
179;483;2033-09-11;3265,95;Nova Compra;2024-10-24;Bebidas Lusas;beverages;;fruta e legumes
194;552;2032-02-26;1863,94;Mercado Central;2025-10-06;Frutaria Atlantica;produce;;talho
148;90;2031-02-12;925,29;Atlantico Market;2025-02-26;Casa Verde Horticolas;produce;174,0;mercearia
387;756;2029-10-22;623,08;SuperNorte;2022-10-15;Padaria Industrial;bakery supplies;66,0;mercearia
349;662;2027-09-01;1374,63;FreshMart Gaia;2023-10-31;Frutaria Atlantica;produce;;fruta e legumes
485;838;2030-08-30;12000,0;Nova Compra;2023-06-26;Peixe Fresco Iberico;seafood;;talho
359;819;2030-11-05;1135,36;Nova Compra;2021-05-09;SnackHouse Distribuicao;snacks;;talho
187;575;2026-01-26;1340,91;FreshMart Gaia;2023-07-04;Higiene Plus;cleaning products;;mercearia
460;495;2024-05-10;860,88;Atlantico Market;2024-04-23;Higiene Plus;cleaning products;;laticinios
439;356;2029-04-27;705,12;FreshMart Gaia;2026-01-08;Padaria Industrial;bakery supplies;;talho
373;331;2022-06-07;1124,14;FreshMart Gaia;2022-06-04;Lacteos do Vale;dairy;;padaria
175;644;2024-09-14;5813,9;FreshMart Gaia;2024-01-18;Congelados Norte;frozen goods;;bebidas
285;969;2030-08-31;908,72;SuperNorte;2023-05-21;SnackHouse Distribuicao;snacks;;mercearia
491;970;2032-01-10;2782,47;Nova Compra;2024-07-19;Casa Verde Horticolas;produce;;laticinios
419;38;2032-06-27;8023,35;Nova Compra;2026-02-16;Peixe Fresco Iberico;seafood;74,0;peixaria
68;841;2024-03-18;2078,27;Mercado Central;2023-11-14;Lacteos do Vale;dairy;;laticinios
128;188;2022-12-28;9922,59;Mercado Central;2021-12-26;Peixe Fresco Iberico;seafood;;peixaria
250;111;2026-01-16;4000,0;Atlantico Market;2025-01-13;Lacteos do Vale;dairy;;fruta e legumes
335;852;2029-02-09;2293,48;Nova Compra;2024-12-25;Frutaria Atlantica;produce;139,0;padaria
126;565;2026-01-23;830,63;BomPreco;2022-12-13;Higiene Plus;cleaning products;;laticinios
22;994;2035-11-26;8000,0;Atlantico Market;2026-02-12;Congelados Norte;frozen goods;;padaria
199;501;2023-03-02;2337,82;FreshMart Gaia;2022-06-22;Lacteos do Vale;dairy;;peixaria
343;803;2024-07-27;7000,0;FreshMart Gaia;2021-12-03;Bebidas Lusas;beverages;146,0;peixaria
12;734;2025-02-15;3424,28;BomPreco;2024-07-15;Congelados Norte;frozen goods;;fruta e legumes
261;873;2024-03-30;6676,75;SuperNorte;2023-10-28;Bebidas Lusas;beverages;;padaria
424;703;2032-03-31;3749,74;Atlantico Market;2025-08-18;Bebidas Lusas;beverages;;fruta e legumes
24;1;2032-03-14;4000,0;BomPreco;2023-04-04;Lacteos do Vale;dairy;;bebidas
83;741;2026-11-26;1894,11;Nova Compra;2025-01-15;Lacteos do Vale;dairy;157,0;padaria
83;741;2029-04-26;4000,0;Nova Compra;2025-01-15;Lacteos do Vale;dairy;182,0;peixaria
341;208;2032-05-31;7922,64;Nova Compra;2022-09-13;Peixe Fresco Iberico;seafood;;bebidas
47;569;2032-08-15;2415,51;Nova Compra;2025-02-04;SnackHouse Distribuicao;snacks;86,0;congelados
194;766;2029-10-11;1800,0;Mercado Central;2025-10-06;Padaria Industrial;bakery supplies;;talho
121;184;2024-08-20;3016,59;FreshMart Gaia;2022-03-07;Congelados Norte;frozen goods;;talho
448;866;2034-05-29;1546,65;Atlantico Market;2025-02-18;Padaria Industrial;bakery supplies;;peixaria
126;601;2032-07-27;1884,62;BomPreco;2022-12-13;Lacteos do Vale;dairy;;peixaria
369;703;2032-10-30;4013,88;SuperNorte;2024-02-08;Bebidas Lusas;beverages;;laticinios
179;406;2025-04-10;1038,08;Nova Compra;2024-10-24;Padaria Industrial;bakery supplies;;bebidas
325;921;2025-07-02;2781,67;FreshMart Gaia;2024-03-27;Lacteos do Vale;dairy;;mercearia
317;787;2025-09-06;6855,02;Nova Compra;2022-01-06;Carnes Selectas;meat;16,0;higiene
343;782;2022-09-13;1428,1;FreshMart Gaia;2021-12-03;Frutaria Atlantica;produce;146,0;peixaria
120;808;2028-03-05;6875,65;BomPreco;2025-05-31;Peixe Fresco Iberico;seafood;6,0;bebidas
321;703;2026-02-10;1311,67;SuperNorte;2022-07-21;Bebidas Lusas;beverages;77,0;congelados
137;635;2029-12-25;2146,91;Nova Compra;2021-03-16;Higiene Plus;cleaning products;150,0;bebidas
110;270;2030-04-05;3500,0;Mercado Central;2024-05-11;Casa Verde Horticolas;produce;;bebidas
366;269;2026-01-29;1797,79;BomPreco;2021-10-13;SnackHouse Distribuicao;snacks;;laticinios
449;398;2031-11-01;3155,33;Nova Compra;2024-02-23;Peixe Fresco Iberico;seafood;;higiene
399;961;2024-04-27;3003,55;SuperNorte;2024-04-02;Lacteos do Vale;dairy;;talho
385;877;2024-04-30;3829,38;FreshMart Gaia;2023-02-10;Carnes Selectas;meat;;padaria
40;507;2024-08-11;5861,71;Atlantico Market;2022-08-09;Carnes Selectas;meat;111,0;mercearia
128;342;2023-09-07;2518,5;Mercado Central;2021-12-26;Frutaria Atlantica;produce;;talho
86;972;2032-08-14;2365,73;Mercado Central;2025-11-24;Frutaria Atlantica;produce;;congelados
440;354;2025-08-10;6993,63;Mercado Central;2021-09-09;Congelados Norte;frozen goods;;congelados
388;837;2023-09-25;5767,68;Atlantico Market;2022-12-28;Carnes Selectas;meat;;padaria
125;85;2024-03-17;1486,56;Nova Compra;2024-01-05;Higiene Plus;cleaning products;;mercearia
284;539;2028-10-07;2298,67;Mercado Central;2023-04-30;SnackHouse Distribuicao;snacks;153,0;laticinios
281;47;2027-12-12;5229,27;Nova Compra;2024-07-19;Carnes Selectas;meat;;talho
86;789;2033-07-10;1210,72;Mercado Central;2025-11-24;SnackHouse Distribuicao;snacks;;bebidas
408;224;2024-09-13;5269,96;BomPreco;2022-04-15;Congelados Norte;frozen goods;;bebidas
260;406;2029-06-20;601,7;Mercado Central;2025-07-07;Padaria Industrial;bakery supplies;;congelados
85;731;2030-12-22;2073,15;FreshMart Gaia;2025-09-24;Lacteos do Vale;dairy;;bebidas
163;281;2023-11-12;1156,58;FreshMart Gaia;2021-05-29;Lacteos do Vale;dairy;;congelados
160;709;2029-06-21;1285,45;Atlantico Market;2024-12-25;SnackHouse Distribuicao;snacks;;laticinios
484;643;2026-10-10;2976,51;Atlantico Market;2024-03-22;Bebidas Lusas;beverages;;bebidas
325;838;2024-10-21;4174,13;FreshMart Gaia;2024-03-27;Peixe Fresco Iberico;seafood;;peixaria
464;704;2031-11-08;7055,83;Mercado Central;2022-08-25;Congelados Norte;frozen goods;;peixaria
383;627;2023-11-10;8537,73;Nova Compra;2023-04-24;Carnes Selectas;meat;;congelados
15;802;2032-06-30;3341,74;SuperNorte;2024-07-30;Frutaria Atlantica;produce;;fruta e legumes
37;756;2032-03-28;918,94;FreshMart Gaia;2022-12-13;Padaria Industrial;bakery supplies;15,0;bebidas
125;516;2030-02-02;822,73;Nova Compra;2024-01-05;Padaria Industrial;bakery supplies;;congelados
197;982;2028-08-20;2655,94;Nova Compra;2023-07-18;Frutaria Atlantica;produce;;laticinios
161;172;2024-02-22;1960,05;Nova Compra;2021-02-26;Frutaria Atlantica;produce;;talho
193;774;2025-11-14;4545,77;FreshMart Gaia;2022-02-11;Congelados Norte;frozen goods;;fruta e legumes
482;20;2025-08-06;588,88;Mercado Central;2023-10-18;Casa Verde Horticolas;produce;156,0;mercearia
116;651;2024-05-09;3021,94;Mercado Central;2022-10-19;Lacteos do Vale;dairy;;fruta e legumes
283;202;2025-10-30;2449,72;FreshMart Gaia;2022-11-06;Frutaria Atlantica;produce;43,0;higiene
333;344;2025-10-06;4289,53;SuperNorte;2021-06-28;Congelados Norte;frozen goods;;laticinios
325;638;2025-12-16;9383,32;FreshMart Gaia;2024-03-27;Peixe Fresco Iberico;seafood;;padaria
379;638;2024-07-20;8521,29;FreshMart Gaia;2024-02-27;Peixe Fresco Iberico;seafood;;fruta e legumes
301;116;2024-04-01;730,88;FreshMart Gaia;2021-11-05;Padaria Industrial;bakery supplies;20,0;peixaria
301;116;2024-04-01;905,83;FreshMart Gaia;2021-11-05;Padaria Industrial;bakery supplies;147,0;mercearia
66;460;2024-03-15;1175,49;BomPreco;2022-09-19;Casa Verde Horticolas;produce;;fruta e legumes
197;631;2024-04-29;4000,0;Nova Compra;2023-07-18;Lacteos do Vale;dairy;;higiene
248;570;2033-09-05;2871,74;Mercado Central;2025-02-23;Casa Verde Horticolas;produce;8,0;fruta e legumes
139;970;2023-10-01;1282,64;FreshMart Gaia;2023-09-26;Casa Verde Horticolas;produce;148,0;padaria
475;969;2026-01-23;2179,88;FreshMart Gaia;2025-02-17;SnackHouse Distribuicao;snacks;124,0;higiene
135;527;2027-07-20;6121,24;SuperNorte;2022-07-27;Carnes Selectas;meat;;mercearia
489;841;2027-03-29;1579,0;SuperNorte;2023-09-27;Lacteos do Vale;dairy;;talho
305;530;2024-01-04;1956,45;Nova Compra;2023-08-27;Casa Verde Horticolas;produce;;padaria
311;783;2025-08-22;5518,07;Nova Compra;2023-04-01;Bebidas Lusas;beverages;;padaria
311;448;2032-04-02;9922,11;Nova Compra;2023-04-01;Peixe Fresco Iberico;seafood;;fruta e legumes
6;578;2026-03-31;12000,0;BomPreco;2026-02-05;Peixe Fresco Iberico;seafood;;mercearia
61;496;2023-12-22;1043,34;FreshMart Gaia;2021-12-07;Padaria Industrial;bakery supplies;;padaria
233;636;2024-11-10;898,52;Nova Compra;2023-12-13;Padaria Industrial;bakery supplies;;padaria
247;899;2022-05-23;2124,93;FreshMart Gaia;2021-04-17;SnackHouse Distribuicao;snacks;173,0;peixaria
71;888;2025-03-22;5986,27;Nova Compra;2024-03-23;Peixe Fresco Iberico;seafood;136,0;talho
35;200;2025-04-08;1421,88;Nova Compra;2021-05-08;Casa Verde Horticolas;produce;;fruta e legumes
122;815;2025-01-28;906,51;Mercado Central;2022-11-09;Higiene Plus;cleaning products;30,0;mercearia
23;85;2030-11-23;294,05;Nova Compra;2023-11-14;Higiene Plus;cleaning products;;talho
368;103;2031-07-02;5219,67;Mercado Central;2022-05-09;Bebidas Lusas;beverages;;mercearia
353;543;2022-06-25;1794,39;Nova Compra;2021-02-20;Bebidas Lusas;beverages;;laticinios
54;327;2025-07-28;3634,48;BomPreco;2021-08-12;Carnes Selectas;meat;;mercearia
25;890;2027-10-13;2110,21;FreshMart Gaia;2024-05-31;Casa Verde Horticolas;produce;;padaria
409;975;2026-05-08;1189,79;FreshMart Gaia;2025-03-31;Higiene Plus;cleaning products;;laticinios
189;691;2026-04-01;4000,0;SuperNorte;2024-04-27;Lacteos do Vale;dairy;;talho
321;546;2030-03-24;507,04;SuperNorte;2022-07-21;Padaria Industrial;bakery supplies;77,0;congelados
495;557;2026-05-08;10000,0;SuperNorte;2022-10-02;Carnes Selectas;meat;110,0;peixaria
56;492;2024-06-17;3443,36;Mercado Central;2023-09-26;Frutaria Atlantica;produce;78,0;bebidas
56;492;2027-11-19;2785,09;Mercado Central;2023-09-26;Frutaria Atlantica;produce;134,0;fruta e legumes
94;667;2025-12-03;10000,0;Atlantico Market;2024-06-11;Carnes Selectas;meat;1,0;talho
94;667;2025-12-03;6478,41;Atlantico Market;2024-06-11;Carnes Selectas;meat;49,0;padaria
467;505;2025-03-17;638,9;Nova Compra;2023-05-01;Higiene Plus;cleaning products;71,0;fruta e legumes
447;459;2028-01-21;2080,19;SuperNorte;2023-10-11;SnackHouse Distribuicao;snacks;64,0;talho
469;142;2029-04-08;950,17;FreshMart Gaia;2023-05-24;Frutaria Atlantica;produce;126,0;laticinios
273;661;2024-12-31;1695,04;SuperNorte;2021-11-16;Lacteos do Vale;dairy;25,0;higiene
273;661;2024-12-31;2075,77;SuperNorte;2021-11-16;Lacteos do Vale;dairy;101,0;peixaria
292;943;2025-10-30;2488,74;Atlantico Market;2023-07-16;Bebidas Lusas;beverages;17,0;fruta e legumes
471;538;2025-08-19;9949,5;SuperNorte;2024-09-26;Peixe Fresco Iberico;seafood;119,0;peixaria
143;470;2034-04-27;1680,34;Nova Compra;2025-12-20;Casa Verde Horticolas;produce;128,0;peixaria
13;379;2023-10-10;1983,7;FreshMart Gaia;2022-10-16;SnackHouse Distribuicao;snacks;;padaria
50;59;2028-09-23;1643,03;Mercado Central;2025-02-27;SnackHouse Distribuicao;snacks;;higiene
280;713;2032-07-30;3969,09;Atlantico Market;2025-05-05;Bebidas Lusas;beverages;115,0;higiene
444;108;2033-06-22;4361,05;BomPreco;2025-11-27;Peixe Fresco Iberico;seafood;164,0;peixaria
384;200;2026-11-10;1090,75;BomPreco;2024-10-07;Casa Verde Horticolas;produce;;talho
415;586;2033-08-11;933,14;FreshMart Gaia;2024-03-20;Padaria Industrial;bakery supplies;;laticinios
148;970;2035-01-02;1197,74;Atlantico Market;2025-02-26;Casa Verde Horticolas;produce;174,0;mercearia
163;895;2022-05-26;2500,0;FreshMart Gaia;2021-05-29;Higiene Plus;cleaning products;;higiene
125;902;2026-11-20;995,8;Nova Compra;2024-01-05;Frutaria Atlantica;produce;;higiene
61;747;2025-09-07;10000,0;FreshMart Gaia;2021-12-07;Carnes Selectas;meat;;bebidas
349;163;2024-07-14;4295,93;FreshMart Gaia;2023-10-31;Bebidas Lusas;beverages;;padaria
137;366;2022-09-16;1031,69;Nova Compra;2021-03-16;Padaria Industrial;bakery supplies;150,0;bebidas
213;243;2024-11-16;2940,67;SuperNorte;2022-08-14;Bebidas Lusas;beverages;19,0;talho
144;844;2024-09-07;5778,99;BomPreco;2022-09-23;Congelados Norte;frozen goods;;bebidas
215;662;2023-12-05;1687,52;Nova Compra;2022-05-12;Frutaria Atlantica;produce;;padaria
481;124;2025-07-14;4922,56;FreshMart Gaia;2023-11-19;Congelados Norte;frozen goods;166,0;padaria
168;157;2029-06-19;7887,03;BomPreco;2024-01-25;Carnes Selectas;meat;;talho
393;202;2032-05-27;2500,21;SuperNorte;2025-10-05;Frutaria Atlantica;produce;;talho
81;585;2030-01-14;2402,22;SuperNorte;2024-04-22;Higiene Plus;cleaning products;130,0;padaria
286;929;2026-09-13;2101,82;Atlantico Market;2026-01-18;SnackHouse Distribuicao;snacks;;talho
442;898;2031-11-08;4236,48;Atlantico Market;2024-05-24;Peixe Fresco Iberico;seafood;143,0;fruta e legumes
402;486;2032-05-07;392,23;BomPreco;2023-09-28;Padaria Industrial;bakery supplies;;bebidas
100;563;2027-12-21;4123,58;Atlantico Market;2025-03-23;Bebidas Lusas;beverages;;padaria
290;968;2023-03-05;7194,1;Mercado Central;2022-12-23;Peixe Fresco Iberico;seafood;;fruta e legumes
149;502;2033-04-11;3500,0;Nova Compra;2025-09-19;Frutaria Atlantica;produce;41,0;congelados
102;531;2027-11-15;2040,8;BomPreco;2022-07-06;Lacteos do Vale;dairy;;talho
72;167;2023-08-27;6391,19;BomPreco;2021-04-11;Carnes Selectas;meat;;bebidas
34;800;2026-03-28;2624,56;Atlantico Market;2021-09-25;Casa Verde Horticolas;produce;;padaria
218;128;2030-05-01;8189,36;Mercado Central;2025-07-13;Peixe Fresco Iberico;seafood;;fruta e legumes
391;69;2030-12-12;2412,23;FreshMart Gaia;2024-03-07;SnackHouse Distribuicao;snacks;;mercearia
114;597;2032-08-17;3736,71;BomPreco;2025-03-11;Carnes Selectas;meat;;mercearia
486;992;2025-05-07;1192,22;BomPreco;2022-02-26;Frutaria Atlantica;produce;;congelados
278;728;2024-08-14;5729,05;Mercado Central;2021-03-28;Peixe Fresco Iberico;seafood;;congelados
493;770;2032-03-18;695,49;FreshMart Gaia;2025-06-26;Casa Verde Horticolas;produce;;laticinios
65;988;2027-02-06;6385,25;Nova Compra;2024-07-21;Peixe Fresco Iberico;seafood;;padaria
472;102;2025-01-06;1374,89;Atlantico Market;2022-12-04;Frutaria Atlantica;produce;154,0;talho
366;379;2022-03-02;1907,46;BomPreco;2021-10-13;SnackHouse Distribuicao;snacks;;fruta e legumes
293;329;2033-11-20;1464,47;Nova Compra;2024-07-22;SnackHouse Distribuicao;snacks;;padaria
229;209;2023-08-05;1044,81;FreshMart Gaia;2022-07-08;SnackHouse Distribuicao;snacks;;congelados
99;693;2028-07-28;6764,18;SuperNorte;2025-09-02;Bebidas Lusas;beverages;;talho
163;305;2027-02-26;1427,02;FreshMart Gaia;2021-05-29;Higiene Plus;cleaning products;;talho
109;425;2023-02-14;2027,37;FreshMart Gaia;2021-02-19;Higiene Plus;cleaning products;;bebidas
3;25;2024-07-06;1493,37;SuperNorte;2022-12-19;Higiene Plus;cleaning products;;fruta e legumes
263;515;2025-07-08;1694,27;Nova Compra;2022-05-13;Higiene Plus;cleaning products;47,0;peixaria
146;983;2023-03-17;2032,58;Mercado Central;2022-01-30;Bebidas Lusas;beverages;;higiene
332;951;2025-02-09;3821,39;Mercado Central;2024-11-20;Lacteos do Vale;dairy;;fruta e legumes
76;538;2024-05-23;9652,42;Atlantico Market;2022-03-16;Peixe Fresco Iberico;seafood;180,0;laticinios
188;757;2031-09-24;5354,41;Mercado Central;2025-01-21;Carnes Selectas;meat;;talho
279;801;2024-07-02;2447,5;SuperNorte;2022-10-07;Lacteos do Vale;dairy;;laticinios
270;593;2026-02-14;5888,07;BomPreco;2022-05-19;Bebidas Lusas;beverages;190,0;talho
225;457;2034-10-08;4567,65;SuperNorte;2025-06-18;Carnes Selectas;meat;97,0;higiene
164;180;2024-11-01;907,37;Mercado Central;2022-03-01;Casa Verde Horticolas;produce;165,0;mercearia
164;180;2024-11-01;1578,09;Mercado Central;2022-03-01;Casa Verde Horticolas;produce;181,0;talho
99;80;2033-06-12;1981,32;SuperNorte;2025-09-02;Casa Verde Horticolas;produce;;congelados
61;628;2025-03-24;6405,8;FreshMart Gaia;2021-12-07;Peixe Fresco Iberico;seafood;;peixaria
11;251;2024-09-13;3889,86;Nova Compra;2022-01-12;Lacteos do Vale;dairy;;congelados
312;876;2034-06-12;649,24;BomPreco;2025-12-24;Padaria Industrial;bakery supplies;;padaria
202;616;2024-10-28;687,3;Atlantico Market;2022-03-22;Padaria Industrial;bakery supplies;;mercearia
12;219;2030-09-02;1024,96;BomPreco;2024-07-15;SnackHouse Distribuicao;snacks;;higiene
294;276;2024-11-10;1212,8;BomPreco;2022-04-03;Padaria Industrial;bakery supplies;;padaria
107;930;2031-03-04;930,97;Nova Compra;2025-07-14;Casa Verde Horticolas;produce;141,0;bebidas
107;930;2034-05-05;2585,39;Nova Compra;2025-07-14;Casa Verde Horticolas;produce;158,0;congelados
162;485;2025-03-15;903,62;BomPreco;2024-11-21;Higiene Plus;cleaning products;;higiene
239;896;2025-02-12;706,17;Nova Compra;2022-04-05;Padaria Industrial;bakery supplies;120,0;mercearia
226;22;2025-10-13;3500,0;Atlantico Market;2022-06-05;Frutaria Atlantica;produce;;laticinios
221;274;2025-10-07;7487,81;Nova Compra;2022-05-20;Congelados Norte;frozen goods;;higiene
260;964;2025-11-19;4536,98;Mercado Central;2025-07-07;Congelados Norte;frozen goods;;higiene
169;404;2030-06-25;2383,69;FreshMart Gaia;2025-07-10;Congelados Norte;frozen goods;;padaria
450;183;2024-10-14;7000,0;BomPreco;2021-02-18;Bebidas Lusas;beverages;;mercearia
457;718;2025-09-02;5950,39;FreshMart Gaia;2022-06-06;Peixe Fresco Iberico;seafood;107,0;fruta e legumes
155;259;2025-04-29;1844,46;Nova Compra;2021-06-09;SnackHouse Distribuicao;snacks;121,0;padaria
63;636;2025-01-09;1507,38;SuperNorte;2023-01-21;Padaria Industrial;bakery supplies;50,0;congelados
63;636;2025-01-09;413,42;SuperNorte;2023-01-21;Padaria Industrial;bakery supplies;132,0;bebidas
124;501;2027-07-07;1611,96;Atlantico Market;2022-03-28;Lacteos do Vale;dairy;;congelados
327;945;2024-03-31;1333,52;SuperNorte;2023-06-01;Higiene Plus;cleaning products;94,0;padaria
168;30;2025-04-24;1962,09;BomPreco;2024-01-25;Casa Verde Horticolas;produce;;congelados
11;328;2023-03-04;3615,32;Nova Compra;2022-01-12;Peixe Fresco Iberico;seafood;;mercearia
309;89;2025-07-23;1911,0;SuperNorte;2024-03-19;SnackHouse Distribuicao;snacks;;padaria
409;430;2029-07-10;1878,3;FreshMart Gaia;2025-03-31;Casa Verde Horticolas;produce;;higiene
112;141;2025-03-08;4000,0;Atlantico Market;2022-05-22;Lacteos do Vale;dairy;40,0;padaria
324;862;2033-04-30;2901,76;BomPreco;2023-12-10;Frutaria Atlantica;produce;;padaria
480;759;2029-06-21;1461,71;BomPreco;2022-01-15;SnackHouse Distribuicao;snacks;;talho
2;441;2030-05-15;1968,43;Mercado Central;2022-09-10;Lacteos do Vale;dairy;167,0;congelados
349;332;2032-01-10;2920,37;FreshMart Gaia;2023-10-31;Frutaria Atlantica;produce;;talho
219;801;2026-03-07;2442,69;SuperNorte;2025-01-12;Lacteos do Vale;dairy;175,0;padaria
452;769;2023-05-25;890,27;Mercado Central;2022-07-29;SnackHouse Distribuicao;snacks;193,0;padaria
452;769;2022-11-04;3000,0;Mercado Central;2022-07-29;SnackHouse Distribuicao;snacks;195,0;bebidas
416;901;2022-08-21;1377,16;Mercado Central;2021-10-24;Lacteos do Vale;dairy;;padaria
188;24;2033-05-30;8000,0;Mercado Central;2025-01-21;Congelados Norte;frozen goods;;peixaria
193;843;2023-07-17;4546,4;FreshMart Gaia;2022-02-11;Bebidas Lusas;beverages;;fruta e legumes
450;198;2022-06-19;4883,46;BomPreco;2021-02-18;Peixe Fresco Iberico;seafood;;fruta e legumes
36;940;2022-02-07;637,64;BomPreco;2021-03-31;Casa Verde Horticolas;produce;;talho
17;83;2024-03-20;5319,08;Nova Compra;2021-06-10;Bebidas Lusas;beverages;;mercearia
180;598;2024-10-16;3235,43;BomPreco;2023-10-07;Peixe Fresco Iberico;seafood;;laticinios
14;778;2032-10-09;7633,79;Mercado Central;2022-12-20;Peixe Fresco Iberico;seafood;12,0;mercearia
412;879;2033-10-15;3000,0;Atlantico Market;2024-08-06;SnackHouse Distribuicao;snacks;36,0;laticinios
135;880;2027-08-22;1108,75;SuperNorte;2022-07-27;Casa Verde Horticolas;produce;;laticinios
186;639;2026-01-25;2299,98;BomPreco;2021-08-09;SnackHouse Distribuicao;snacks;;higiene
354;300;2028-01-14;1283,98;BomPreco;2025-11-02;Casa Verde Horticolas;produce;;higiene
241;148;2023-07-19;10823,5;FreshMart Gaia;2022-04-14;Peixe Fresco Iberico;seafood;51,0;bebidas
481;413;2033-06-05;3862,74;FreshMart Gaia;2023-11-19;Bebidas Lusas;beverages;166,0;padaria
330;25;2028-06-02;1363,25;BomPreco;2025-02-18;Higiene Plus;cleaning products;;fruta e legumes
311;579;2025-12-23;2840,71;Nova Compra;2023-04-01;SnackHouse Distribuicao;snacks;;congelados
247;916;2021-11-14;1324,96;FreshMart Gaia;2021-04-17;Padaria Industrial;bakery supplies;173,0;peixaria
353;270;2022-05-17;1287,98;Nova Compra;2021-02-20;Casa Verde Horticolas;produce;;bebidas
225;922;2029-10-15;3500,0;SuperNorte;2025-06-18;Frutaria Atlantica;produce;97,0;higiene
175;923;2024-08-07;1878,8;FreshMart Gaia;2024-01-18;Bebidas Lusas;beverages;;fruta e legumes
30;78;2027-09-22;7358,57;BomPreco;2025-01-06;Peixe Fresco Iberico;seafood;29,0;peixaria
30;78;2028-10-29;4488,48;BomPreco;2025-01-06;Peixe Fresco Iberico;seafood;199,0;talho
481;990;2032-11-09;947,37;FreshMart Gaia;2023-11-19;Casa Verde Horticolas;produce;166,0;padaria
494;890;2025-03-04;1110,49;Mercado Central;2024-11-22;Casa Verde Horticolas;produce;;laticinios
202;981;2023-04-26;2102,88;Atlantico Market;2022-03-22;Lacteos do Vale;dairy;;congelados
185;111;2026-06-29;2516,44;Nova Compra;2023-05-21;Lacteos do Vale;dairy;;higiene
372;655;2030-11-23;2214,38;BomPreco;2025-04-26;Higiene Plus;cleaning products;;bebidas
18;203;2028-02-20;7000,0;BomPreco;2025-02-11;Bebidas Lusas;beverages;;fruta e legumes
302;816;2024-11-15;1133,1;Mercado Central;2023-08-01;Padaria Industrial;bakery supplies;;mercearia
140;658;2024-03-31;5324,75;Mercado Central;2022-07-22;Peixe Fresco Iberico;seafood;;padaria
460;373;2030-09-23;5985,34;Atlantico Market;2024-04-23;Bebidas Lusas;beverages;;bebidas
454;29;2031-12-07;1251,3;Atlantico Market;2022-02-05;SnackHouse Distribuicao;snacks;;bebidas
384;579;2034-09-02;804,73;BomPreco;2024-10-07;SnackHouse Distribuicao;snacks;;bebidas
424;173;2028-01-14;5721,96;Atlantico Market;2025-08-18;Bebidas Lusas;beverages;;padaria
458;374;2025-09-09;7801,96;Mercado Central;2024-04-06;Congelados Norte;frozen goods;169,0;higiene
399;9;2032-08-18;1139,92;SuperNorte;2024-04-02;SnackHouse Distribuicao;snacks;;peixaria
18;756;2030-03-19;1800,0;BomPreco;2025-02-11;Padaria Industrial;bakery supplies;;higiene
107;232;2028-05-05;2405,02;Nova Compra;2025-07-14;Frutaria Atlantica;produce;141,0;bebidas
107;232;2035-04-02;2248,96;Nova Compra;2025-07-14;Frutaria Atlantica;produce;158,0;congelados
195;424;2023-02-15;3407,93;SuperNorte;2022-02-10;Congelados Norte;frozen goods;162,0;laticinios
496;947;2031-08-07;8535,03;Atlantico Market;2025-03-17;Carnes Selectas;meat;;congelados
131;942;2030-10-14;931,66;Nova Compra;2022-05-27;Frutaria Atlantica;produce;152,0;fruta e legumes
290;712;2028-09-08;1587,69;Mercado Central;2022-12-23;Frutaria Atlantica;produce;;padaria
151;93;2025-03-18;2696,17;FreshMart Gaia;2024-04-02;Bebidas Lusas;beverages;;peixaria
95;177;2022-07-05;2996,3;Nova Compra;2021-11-19;Carnes Selectas;meat;;padaria
320;858;2025-04-28;9584,49;Mercado Central;2024-03-23;Peixe Fresco Iberico;seafood;;bebidas
286;974;2031-01-30;5013,47;Atlantico Market;2026-01-18;Congelados Norte;frozen goods;;padaria
272;188;2032-01-20;9336,33;Mercado Central;2025-06-25;Peixe Fresco Iberico;seafood;122,0;congelados
289;52;2025-05-24;1632,24;FreshMart Gaia;2024-01-14;Frutaria Atlantica;produce;70,0;higiene
289;52;2025-05-24;2881,96;FreshMart Gaia;2024-01-14;Frutaria Atlantica;produce;138,0;mercearia
215;757;2026-03-08;5590,75;Nova Compra;2022-05-12;Carnes Selectas;meat;;peixaria
62;574;2033-02-11;3476,93;Mercado Central;2023-12-03;Congelados Norte;frozen goods;186,0;bebidas
56;519;2031-12-10;1237,73;Mercado Central;2023-09-26;SnackHouse Distribuicao;snacks;78,0;bebidas
56;519;2027-01-09;676,02;Mercado Central;2023-09-26;SnackHouse Distribuicao;snacks;134,0;fruta e legumes
446;605;2025-12-19;2321,98;Mercado Central;2022-09-29;Higiene Plus;cleaning products;187,0;higiene
395;925;2030-01-09;2206,4;Nova Compra;2023-10-24;Higiene Plus;cleaning products;;peixaria
434;65;2026-01-05;2500,0;Mercado Central;2025-07-06;Higiene Plus;cleaning products;95,0;congelados
239;491;2024-11-05;1849,45;Nova Compra;2022-04-05;Lacteos do Vale;dairy;120,0;mercearia
384;674;2025-10-05;3185,34;BomPreco;2024-10-07;Congelados Norte;frozen goods;;fruta e legumes
195;78;2025-05-02;3022,72;SuperNorte;2022-02-10;Peixe Fresco Iberico;seafood;162,0;laticinios
355;434;2029-02-20;6623,34;FreshMart Gaia;2025-09-12;Congelados Norte;frozen goods;60,0;bebidas
365;881;2023-08-04;2985,87;Nova Compra;2023-06-30;Lacteos do Vale;dairy;;padaria
18;747;2025-07-01;10000,0;BomPreco;2025-02-11;Carnes Selectas;meat;;fruta e legumes
42;370;2022-12-27;1224,7;BomPreco;2022-11-03;Casa Verde Horticolas;produce;;bebidas
417;823;2027-05-09;5176,45;SuperNorte;2023-07-19;Bebidas Lusas;beverages;;bebidas
284;849;2025-06-30;1304,55;Mercado Central;2023-04-30;SnackHouse Distribuicao;snacks;153,0;laticinios
127;837;2023-02-16;9885,52;FreshMart Gaia;2022-10-25;Carnes Selectas;meat;;congelados
164;133;2023-12-28;4773,37;Mercado Central;2022-03-01;Bebidas Lusas;beverages;165,0;mercearia
164;133;2023-12-28;1862,08;Mercado Central;2022-03-01;Bebidas Lusas;beverages;181,0;talho
385;820;2025-10-02;1743,94;FreshMart Gaia;2023-02-10;Casa Verde Horticolas;produce;;congelados
30;192;2029-03-11;769,92;BomPreco;2025-01-06;Frutaria Atlantica;produce;29,0;peixaria
30;192;2031-10-26;1096,05;BomPreco;2025-01-06;Frutaria Atlantica;produce;199,0;talho
186;659;2022-03-17;1004,53;BomPreco;2021-08-09;SnackHouse Distribuicao;snacks;;talho
279;576;2027-02-11;749,44;SuperNorte;2022-10-07;Padaria Industrial;bakery supplies;;padaria
383;885;2026-07-10;1221,7;Nova Compra;2023-04-24;Higiene Plus;cleaning products;;fruta e legumes
307;107;2024-05-27;5815,12;FreshMart Gaia;2022-08-19;Carnes Selectas;meat;197,0;fruta e legumes
245;835;2027-07-22;1447,73;Nova Compra;2024-07-08;Higiene Plus;cleaning products;;padaria
366;809;2025-10-14;1632,38;BomPreco;2021-10-13;SnackHouse Distribuicao;snacks;;padaria
28;899;2025-09-28;1916,21;Atlantico Market;2023-02-26;SnackHouse Distribuicao;snacks;;laticinios
28;318;2029-12-09;3703,93;Atlantico Market;2023-02-26;Peixe Fresco Iberico;seafood;;peixaria
286;120;2027-07-15;1911,94;Atlantico Market;2026-01-18;Casa Verde Horticolas;produce;;higiene
294;367;2025-08-28;10000,0;BomPreco;2022-04-03;Carnes Selectas;meat;;laticinios
420;283;2024-08-07;3480,39;BomPreco;2021-05-15;Bebidas Lusas;beverages;;talho
392;797;2024-09-15;6746,35;Mercado Central;2023-08-21;Carnes Selectas;meat;;padaria
121;72;2023-03-15;2216,47;FreshMart Gaia;2022-03-07;Frutaria Atlantica;produce;;higiene
289;875;2024-03-16;2026,83;FreshMart Gaia;2024-01-14;Higiene Plus;cleaning products;70,0;higiene
289;875;2029-09-14;1564,66;FreshMart Gaia;2024-01-14;Higiene Plus;cleaning products;138,0;mercearia
398;992;2031-02-02;2706,35;Mercado Central;2026-02-14;Frutaria Atlantica;produce;;mercearia
272;853;2033-03-21;4711,64;Mercado Central;2025-06-25;Bebidas Lusas;beverages;122,0;congelados
30;689;2026-10-17;2217,88;BomPreco;2025-01-06;SnackHouse Distribuicao;snacks;29,0;peixaria
30;689;2025-11-02;2013,21;BomPreco;2025-01-06;SnackHouse Distribuicao;snacks;199,0;talho
309;299;2025-05-15;1048,88;SuperNorte;2024-03-19;SnackHouse Distribuicao;snacks;;mercearia
285;926;2027-04-05;590,47;SuperNorte;2023-05-21;Padaria Industrial;bakery supplies;;laticinios
287;631;2032-05-01;1834,03;Nova Compra;2024-10-19;Lacteos do Vale;dairy;83,0;peixaria
170;192;2026-03-11;3500,0;Mercado Central;2024-11-23;Frutaria Atlantica;produce;149,0;congelados
233;129;2033-09-22;1527,35;Nova Compra;2023-12-13;SnackHouse Distribuicao;snacks;;bebidas
337;488;2030-05-25;7471,56;FreshMart Gaia;2025-05-15;Peixe Fresco Iberico;seafood;117,0;laticinios
182;704;2023-11-06;1774,16;Mercado Central;2021-08-07;Congelados Norte;frozen goods;85,0;padaria
424;544;2026-02-11;4691,72;Atlantico Market;2025-08-18;Congelados Norte;frozen goods;;congelados
346;110;2023-09-07;1922,92;Atlantico Market;2021-02-27;Casa Verde Horticolas;produce;;congelados
385;746;2030-02-01;300,29;FreshMart Gaia;2023-02-10;Padaria Industrial;bakery supplies;;talho
183;731;2025-11-23;2450,69;SuperNorte;2022-11-01;Lacteos do Vale;dairy;178,0;higiene
113;528;2022-05-13;3092,13;Nova Compra;2021-11-05;Peixe Fresco Iberico;seafood;188,0;fruta e legumes
254;50;2025-11-30;1334,8;Mercado Central;2022-08-29;Casa Verde Horticolas;produce;90,0;laticinios
289;357;2025-10-30;8447,84;FreshMart Gaia;2024-01-14;Carnes Selectas;meat;70,0;higiene
289;357;2025-10-30;5796,49;FreshMart Gaia;2024-01-14;Carnes Selectas;meat;138,0;mercearia
126;25;2024-07-07;1123,73;BomPreco;2022-12-13;Higiene Plus;cleaning products;;mercearia
329;787;2025-05-28;4246,37;Nova Compra;2023-01-15;Carnes Selectas;meat;198,0;laticinios
300;616;2028-11-08;828,53;BomPreco;2022-06-18;Padaria Industrial;bakery supplies;;higiene
110;767;2025-03-05;5805,46;Mercado Central;2024-05-11;Carnes Selectas;meat;;peixaria
67;219;2029-07-04;961,26;FreshMart Gaia;2023-11-18;SnackHouse Distribuicao;snacks;;laticinios
121;43;2023-03-23;6219,84;FreshMart Gaia;2022-03-07;Bebidas Lusas;beverages;;talho
463;467;2026-04-13;3221,98;FreshMart Gaia;2025-03-11;Carnes Selectas;meat;108,0;laticinios
222;445;2028-04-17;632,09;BomPreco;2021-07-06;Higiene Plus;cleaning products;;padaria
40;113;2025-01-19;5857,8;Atlantico Market;2022-08-09;Bebidas Lusas;beverages;111,0;mercearia
233;796;2026-03-04;821,51;Nova Compra;2023-12-13;Padaria Industrial;bakery supplies;;congelados
122;379;2028-08-11;1703,15;Mercado Central;2022-11-09;SnackHouse Distribuicao;snacks;30,0;mercearia
253;595;2033-03-26;1846,03;FreshMart Gaia;2023-05-05;Higiene Plus;cleaning products;89,0;fruta e legumes
158;320;2025-05-16;1338,35;Mercado Central;2025-02-09;Casa Verde Horticolas;produce;;fruta e legumes
275;90;2026-12-18;1967,77;Nova Compra;2025-12-22;Casa Verde Horticolas;produce;35,0;fruta e legumes
18;351;2032-04-12;2878,2;BomPreco;2025-02-11;Lacteos do Vale;dairy;;higiene
70;318;2022-04-01;12000,0;Atlantico Market;2021-12-25;Peixe Fresco Iberico;seafood;;higiene
408;281;2028-04-05;1708,29;BomPreco;2022-04-15;Lacteos do Vale;dairy;;bebidas
362;151;2025-02-04;1745,68;Mercado Central;2021-04-28;Lacteos do Vale;dairy;144,0;laticinios
270;982;2024-10-24;2383,77;BomPreco;2022-05-19;Frutaria Atlantica;produce;190,0;talho
288;638;2028-01-18;7139,69;BomPreco;2025-10-31;Peixe Fresco Iberico;seafood;;bebidas
114;274;2025-11-26;4042,85;BomPreco;2025-03-11;Congelados Norte;frozen goods;;padaria
485;439;2031-08-09;3000,0;Nova Compra;2023-06-26;SnackHouse Distribuicao;snacks;;padaria
110;238;2025-09-15;3048,67;Mercado Central;2024-05-11;Peixe Fresco Iberico;seafood;;mercearia
48;492;2024-03-12;975,7;BomPreco;2022-10-06;Frutaria Atlantica;produce;;bebidas
92;21;2032-08-02;1013,66;Mercado Central;2024-11-30;Lacteos do Vale;dairy;37,0;talho
87;746;2024-05-03;1717,3;SuperNorte;2022-03-07;Padaria Industrial;bakery supplies;;mercearia
120;349;2029-07-22;2080,07;BomPreco;2025-05-31;SnackHouse Distribuicao;snacks;6,0;bebidas
325;582;2025-06-28;998,35;FreshMart Gaia;2024-03-27;Frutaria Atlantica;produce;;congelados
257;678;2031-02-23;6149,91;Nova Compra;2021-04-16;Peixe Fresco Iberico;seafood;21,0;mercearia
257;678;2028-03-05;6419,55;Nova Compra;2021-04-16;Peixe Fresco Iberico;seafood;91,0;talho
268;295;2034-06-15;508,8;Atlantico Market;2025-06-15;Higiene Plus;cleaning products;;congelados
8;962;2033-08-05;2013,57;Mercado Central;2024-02-04;Frutaria Atlantica;produce;172,0;talho
36;201;2025-02-05;1265,63;BomPreco;2021-03-31;Lacteos do Vale;dairy;;peixaria
131;349;2025-01-28;2267,72;Nova Compra;2022-05-27;SnackHouse Distribuicao;snacks;152,0;fruta e legumes
72;428;2023-02-19;3879,39;BomPreco;2021-04-11;Peixe Fresco Iberico;seafood;;bebidas
243;117;2031-05-24;5959,7;SuperNorte;2025-04-24;Carnes Selectas;meat;;congelados
290;516;2024-07-20;1790,61;Mercado Central;2022-12-23;Padaria Industrial;bakery supplies;;fruta e legumes
116;385;2030-05-29;2131,88;Mercado Central;2022-10-19;Higiene Plus;cleaning products;;congelados
258;394;2025-05-25;5402,38;BomPreco;2025-02-11;Congelados Norte;frozen goods;73,0;talho
258;394;2027-12-23;4145,46;BomPreco;2025-02-11;Congelados Norte;frozen goods;100,0;talho
146;241;2022-08-22;1094,63;Mercado Central;2022-01-30;Lacteos do Vale;dairy;;talho
447;455;2029-02-20;1128,47;SuperNorte;2023-10-11;Higiene Plus;cleaning products;64,0;talho
221;163;2023-12-10;3387,37;Nova Compra;2022-05-20;Bebidas Lusas;beverages;;padaria
289;489;2033-11-23;1443,04;FreshMart Gaia;2024-01-14;SnackHouse Distribuicao;snacks;70,0;higiene
289;489;2026-10-01;827,53;FreshMart Gaia;2024-01-14;SnackHouse Distribuicao;snacks;138,0;mercearia
66;295;2024-12-26;1671,88;BomPreco;2022-09-19;Higiene Plus;cleaning products;;higiene
373;353;2031-03-01;2204,15;FreshMart Gaia;2022-06-04;Bebidas Lusas;beverages;;padaria
10;709;2027-07-15;3000,0;Atlantico Market;2024-07-05;SnackHouse Distribuicao;snacks;;peixaria
333;237;2021-09-16;5771,94;SuperNorte;2021-06-28;Carnes Selectas;meat;;congelados
358;887;2025-06-28;8390,22;Atlantico Market;2024-06-13;Carnes Selectas;meat;;fruta e legumes
353;548;2024-12-23;10005,84;Nova Compra;2021-02-20;Peixe Fresco Iberico;seafood;;talho
175;582;2026-04-24;3500,0;FreshMart Gaia;2024-01-18;Frutaria Atlantica;produce;;bebidas
414;188;2028-04-14;7054,38;BomPreco;2025-05-11;Peixe Fresco Iberico;seafood;;talho
49;413;2023-12-12;3146,3;FreshMart Gaia;2023-09-03;Bebidas Lusas;beverages;;fruta e legumes
6;639;2032-02-29;1396,43;BomPreco;2026-02-05;SnackHouse Distribuicao;snacks;;peixaria
160;868;2032-06-18;12000,0;Atlantico Market;2024-12-25;Peixe Fresco Iberico;seafood;;congelados
450;741;2023-04-09;1186,92;BomPreco;2021-02-18;Lacteos do Vale;dairy;;padaria
288;928;2028-02-01;4378,24;BomPreco;2025-10-31;Peixe Fresco Iberico;seafood;;talho
375;251;2025-11-26;2391,96;SuperNorte;2024-05-11;Lacteos do Vale;dairy;123,0;bebidas
120;841;2026-01-04;2007,14;BomPreco;2025-05-31;Lacteos do Vale;dairy;6,0;bebidas
332;134;2025-09-24;6646,26;Mercado Central;2024-11-20;Congelados Norte;frozen goods;;mercearia
322;586;2028-11-14;547,49;Atlantico Market;2026-01-04;Padaria Industrial;bakery supplies;34,0;higiene
74;579;2027-05-21;1601,03;Mercado Central;2025-11-11;SnackHouse Distribuicao;snacks;3,0;mercearia
133;323;2024-12-17;3447,33;FreshMart Gaia;2023-08-18;Bebidas Lusas;beverages;26,0;fruta e legumes
467;852;2027-12-25;1141,88;Nova Compra;2023-05-01;Frutaria Atlantica;produce;71,0;fruta e legumes
242;270;2028-11-02;2747,2;Mercado Central;2022-10-19;Casa Verde Horticolas;produce;;mercearia
60;496;2025-07-16;959,54;BomPreco;2021-08-03;Padaria Industrial;bakery supplies;;peixaria
303;546;2031-02-15;941,45;SuperNorte;2025-02-15;Padaria Industrial;bakery supplies;;bebidas
379;745;2027-04-12;948,7;FreshMart Gaia;2024-02-27;Higiene Plus;cleaning products;;congelados
343;135;2024-05-30;1164,18;FreshMart Gaia;2021-12-03;Higiene Plus;cleaning products;146,0;peixaria
28;283;2024-08-23;2367,95;Atlantico Market;2023-02-26;Bebidas Lusas;beverages;;talho
107;933;2031-11-03;5531,45;Nova Compra;2025-07-14;Bebidas Lusas;beverages;141,0;bebidas
107;933;2031-07-24;5968,66;Nova Compra;2025-07-14;Bebidas Lusas;beverages;158,0;congelados
473;618;2025-07-24;12000,0;Nova Compra;2021-08-09;Peixe Fresco Iberico;seafood;69,0;bebidas
185;706;2023-11-19;1215,7;Nova Compra;2023-05-21;Padaria Industrial;bakery supplies;;laticinios
132;267;2024-08-24;4635,53;BomPreco;2022-11-23;Carnes Selectas;meat;76,0;padaria
396;154;2030-05-20;3481,91;BomPreco;2025-10-21;Congelados Norte;frozen goods;57,0;mercearia
472;286;2028-12-18;1247,06;Atlantico Market;2022-12-04;Padaria Industrial;bakery supplies;154,0;talho
149;959;2026-01-03;1806,09;Nova Compra;2025-09-19;SnackHouse Distribuicao;snacks;41,0;congelados
110;881;2030-12-28;1987,89;Mercado Central;2024-05-11;Lacteos do Vale;dairy;;bebidas
216;327;2026-08-12;4799,27;BomPreco;2025-09-23;Carnes Selectas;meat;;mercearia
418;166;2030-09-18;1693,9;Atlantico Market;2023-10-04;Padaria Industrial;bakery supplies;24,0;bebidas
363;336;2033-07-28;823,39;SuperNorte;2025-10-30;Padaria Industrial;bakery supplies;;talho
396;717;2030-03-15;9898,7;BomPreco;2025-10-21;Carnes Selectas;meat;57,0;mercearia
219;118;2033-11-27;7055,19;SuperNorte;2025-01-12;Peixe Fresco Iberico;seafood;175,0;padaria
324;930;2024-02-19;1567,75;BomPreco;2023-12-10;Casa Verde Horticolas;produce;;bebidas
472;1000;2027-01-13;1299,29;Atlantico Market;2022-12-04;Casa Verde Horticolas;produce;154,0;talho
126;836;2024-05-23;932,83;BomPreco;2022-12-13;Padaria Industrial;bakery supplies;;congelados
387;934;2026-01-18;5393,15;SuperNorte;2022-10-15;Congelados Norte;frozen goods;66,0;mercearia
44;736;2024-12-03;843,96;Mercado Central;2024-10-03;Padaria Industrial;bakery supplies;56,0;peixaria
269;689;2024-06-23;2419,17;Nova Compra;2023-10-19;SnackHouse Distribuicao;snacks;;peixaria
414;429;2025-07-16;1361,58;BomPreco;2025-05-11;SnackHouse Distribuicao;snacks;;fruta e legumes
63;310;2024-01-12;1748,98;SuperNorte;2023-01-21;Casa Verde Horticolas;produce;50,0;congelados
63;310;2024-01-12;1036,84;SuperNorte;2023-01-21;Casa Verde Horticolas;produce;132,0;bebidas
221;462;2023-11-04;2379,64;Nova Compra;2022-05-20;Frutaria Atlantica;produce;;higiene
280;358;2032-04-10;5763,66;Atlantico Market;2025-05-05;Peixe Fresco Iberico;seafood;115,0;higiene
6;706;2027-01-26;1800,0;BomPreco;2026-02-05;Padaria Industrial;bakery supplies;;laticinios
413;365;2029-08-31;1888,19;Nova Compra;2025-04-04;Higiene Plus;cleaning products;79,0;higiene
413;365;2027-07-04;1428,29;Nova Compra;2025-04-04;Higiene Plus;cleaning products;81,0;laticinios
247;933;2027-11-02;6508,34;FreshMart Gaia;2021-04-17;Bebidas Lusas;beverages;173,0;peixaria
234;622;2025-08-08;2219,95;BomPreco;2022-02-27;Frutaria Atlantica;produce;;laticinios
340;537;2023-05-26;8500,42;Atlantico Market;2022-05-12;Carnes Selectas;meat;68,0;congelados
340;537;2023-05-26;3663,18;Atlantico Market;2022-05-12;Carnes Selectas;meat;151,0;higiene
365;573;2025-11-02;4614,9;Nova Compra;2023-06-30;Bebidas Lusas;beverages;;higiene
390;872;2022-12-07;2319,64;BomPreco;2021-05-05;Frutaria Atlantica;produce;;peixaria
369;110;2024-12-26;923,16;SuperNorte;2024-02-08;Casa Verde Horticolas;produce;;peixaria
412;164;2025-02-03;8000,0;Atlantico Market;2024-08-06;Congelados Norte;frozen goods;36,0;laticinios
458;83;2024-11-16;2224,66;Mercado Central;2024-04-06;Bebidas Lusas;beverages;169,0;higiene
262;931;2025-07-02;1198,34;Atlantico Market;2023-03-24;Lacteos do Vale;dairy;;talho
497;605;2029-09-08;381,57;Nova Compra;2024-09-10;Higiene Plus;cleaning products;105,0;bebidas
320;716;2024-04-12;1237,68;Mercado Central;2024-03-23;Padaria Industrial;bakery supplies;;higiene
76;860;2024-12-03;883,21;Atlantico Market;2022-03-16;Casa Verde Horticolas;produce;180,0;laticinios
311;794;2024-04-09;3407,58;Nova Compra;2023-04-01;Congelados Norte;frozen goods;;higiene
270;834;2026-11-07;6269,24;BomPreco;2022-05-19;Congelados Norte;frozen goods;190,0;talho
406;188;2024-01-12;7086,74;Atlantico Market;2022-12-02;Peixe Fresco Iberico;seafood;93,0;mercearia
98;729;2030-09-02;1246,22;Mercado Central;2022-12-11;SnackHouse Distribuicao;snacks;;bebidas
276;779;2023-12-20;806,52;BomPreco;2021-06-07;SnackHouse Distribuicao;snacks;;bebidas
200;7;2029-09-18;5144,73;Mercado Central;2025-03-04;Carnes Selectas;meat;;talho
288;814;2027-11-18;6318,54;BomPreco;2025-10-31;Congelados Norte;frozen goods;;bebidas
347;320;2024-11-21;2535,93;Nova Compra;2023-12-27;Casa Verde Horticolas;produce;;fruta e legumes
96;31;2033-02-11;4000,0;BomPreco;2023-11-03;Lacteos do Vale;dairy;;talho
463;925;2026-01-27;1024,7;FreshMart Gaia;2025-03-11;Higiene Plus;cleaning products;108,0;laticinios
140;652;2022-12-12;1022,78;Mercado Central;2022-07-22;Frutaria Atlantica;produce;;higiene
417;325;2027-12-13;1580,8;SuperNorte;2023-07-19;Higiene Plus;cleaning products;;padaria
420;600;2030-02-03;2034,65;BomPreco;2021-05-15;Casa Verde Horticolas;produce;;padaria
31;769;2024-01-31;1646,4;FreshMart Gaia;2023-08-26;SnackHouse Distribuicao;snacks;;laticinios
380;773;2031-06-30;2680,16;Mercado Central;2022-09-25;Bebidas Lusas;beverages;;congelados
448;54;2032-12-07;1302,9;Atlantico Market;2025-02-18;Congelados Norte;frozen goods;;peixaria
4;357;2025-11-02;3432,96;Atlantico Market;2024-06-23;Carnes Selectas;meat;;mercearia
477;500;2022-09-03;2377,06;SuperNorte;2022-01-25;Casa Verde Horticolas;produce;;peixaria
236;965;2025-06-13;1562,42;Mercado Central;2024-07-03;Higiene Plus;cleaning products;;congelados
123;825;2024-04-01;2122,98;SuperNorte;2023-03-06;Higiene Plus;cleaning products;185,0;congelados
379;19;2030-05-22;1927,28;FreshMart Gaia;2024-02-27;SnackHouse Distribuicao;snacks;;mercearia
181;663;2023-07-03;5222,43;FreshMart Gaia;2021-08-25;Bebidas Lusas;beverages;113,0;congelados
425;678;2024-08-19;9169,95;Nova Compra;2022-01-23;Peixe Fresco Iberico;seafood;;laticinios
98;734;2024-12-09;4339,8;Mercado Central;2022-12-11;Congelados Norte;frozen goods;;congelados
400;699;2021-12-02;1670,54;Atlantico Market;2021-10-07;SnackHouse Distribuicao;snacks;;talho
476;295;2025-01-02;371,38;Mercado Central;2023-03-11;Higiene Plus;cleaning products;;laticinios
119;227;2024-12-01;4018,61;Nova Compra;2024-10-31;Carnes Selectas;meat;;congelados
27;85;2024-02-28;1043,34;SuperNorte;2022-08-07;Higiene Plus;cleaning products;42,0;bebidas
57;400;2029-05-12;1761,6;SuperNorte;2024-02-07;Casa Verde Horticolas;produce;;talho
169;796;2027-12-30;657,93;FreshMart Gaia;2025-07-10;Padaria Industrial;bakery supplies;;talho
250;732;2032-02-15;2820,99;Atlantico Market;2025-01-13;Frutaria Atlantica;produce;;fruta e legumes
108;436;2023-03-22;672,55;BomPreco;2021-06-26;Padaria Industrial;bakery supplies;;mercearia
88;584;2024-04-03;7061,87;Atlantico Market;2021-03-26;Congelados Norte;frozen goods;62,0;fruta e legumes
414;876;2033-02-11;648,87;BomPreco;2025-05-11;Padaria Industrial;bakery supplies;;padaria
93;330;2031-12-17;1409,85;SuperNorte;2023-02-02;Casa Verde Horticolas;produce;102,0;mercearia
56;272;2024-02-22;1362,43;Mercado Central;2023-09-26;Frutaria Atlantica;produce;78,0;bebidas
56;272;2024-02-22;1479,76;Mercado Central;2023-09-26;Frutaria Atlantica;produce;134,0;fruta e legumes
286;874;2030-04-18;7308,24;Atlantico Market;2026-01-18;Congelados Norte;frozen goods;;talho
188;760;2031-07-15;1596,79;Mercado Central;2025-01-21;Casa Verde Horticolas;produce;;fruta e legumes
407;634;2028-06-14;3754,18;Nova Compra;2024-05-16;Congelados Norte;frozen goods;;laticinios
496;497;2030-02-17;3867,43;Atlantico Market;2025-03-17;Carnes Selectas;meat;;laticinios
77;338;2027-05-27;5782,84;Nova Compra;2023-01-26;Peixe Fresco Iberico;seafood;;mercearia
173;566;2026-09-17;1102,3;Nova Compra;2022-01-16;Padaria Industrial;bakery supplies;104,0;congelados
487;321;2026-02-02;1951,59;FreshMart Gaia;2024-08-09;Lacteos do Vale;dairy;;congelados
426;482;2028-08-02;1729,02;BomPreco;2025-03-14;Frutaria Atlantica;produce;11,0;peixaria
464;567;2022-10-16;8530,2;Mercado Central;2022-08-25;Carnes Selectas;meat;;congelados
267;467;2030-04-16;6107,64;SuperNorte;2025-12-26;Carnes Selectas;meat;;padaria
477;489;2031-06-22;983,02;SuperNorte;2022-01-25;SnackHouse Distribuicao;snacks;;peixaria
440;140;2029-12-10;1780,36;Mercado Central;2021-09-09;Casa Verde Horticolas;produce;;congelados
394;805;2033-05-16;1079,17;Atlantico Market;2023-07-15;Higiene Plus;cleaning products;;bebidas
143;498;2030-05-26;8217,48;Nova Compra;2025-12-20;Peixe Fresco Iberico;seafood;128,0;peixaria
437;891;2028-10-19;2251,94;Nova Compra;2023-11-18;Lacteos do Vale;dairy;;padaria
290;75;2029-12-05;2286,66;Mercado Central;2022-12-23;Higiene Plus;cleaning products;;fruta e legumes
496;888;2029-10-05;4658,92;Atlantico Market;2025-03-17;Peixe Fresco Iberico;seafood;;laticinios
168;198;2025-01-17;5960,85;BomPreco;2024-01-25;Peixe Fresco Iberico;seafood;;padaria
13;580;2023-07-31;1146,06;FreshMart Gaia;2022-10-16;Casa Verde Horticolas;produce;;fruta e legumes
460;43;2025-04-04;3680,12;Atlantico Market;2024-04-23;Bebidas Lusas;beverages;;bebidas
10;32;2033-07-13;926,56;Atlantico Market;2024-07-05;Frutaria Atlantica;produce;;peixaria
87;461;2025-03-22;2484,66;SuperNorte;2022-03-07;Lacteos do Vale;dairy;;fruta e legumes
156;422;2029-08-02;1804,4;BomPreco;2026-01-04;Frutaria Atlantica;produce;48,0;mercearia
346;870;2027-06-02;1983,81;Atlantico Market;2021-02-27;Casa Verde Horticolas;produce;;peixaria
321;864;2022-12-12;6130,5;SuperNorte;2022-07-21;Congelados Norte;frozen goods;77,0;congelados
286;968;2026-05-01;7191,96;Atlantico Market;2026-01-18;Peixe Fresco Iberico;seafood;;laticinios
37;324;2024-04-10;2420,72;FreshMart Gaia;2022-12-13;Congelados Norte;frozen goods;15,0;bebidas
410;728;2032-08-25;5061,48;Mercado Central;2025-10-07;Peixe Fresco Iberico;seafood;;higiene
218;630;2035-06-09;1784,44;Mercado Central;2025-07-13;Casa Verde Horticolas;produce;;higiene
217;766;2027-01-15;862,74;FreshMart Gaia;2021-10-15;Padaria Industrial;bakery supplies;171,0;laticinios
389;602;2024-03-06;1686,25;Nova Compra;2023-02-14;Frutaria Atlantica;produce;;bebidas
145;546;2025-10-07;1800,0;FreshMart Gaia;2023-11-02;Padaria Industrial;bakery supplies;131,0;congelados
145;546;2031-09-30;1046,2;FreshMart Gaia;2023-11-02;Padaria Industrial;bakery supplies;177,0;bebidas
109;865;2025-06-26;1633,08;FreshMart Gaia;2021-02-19;Higiene Plus;cleaning products;;padaria
313;294;2023-05-30;1741,34;FreshMart Gaia;2023-03-30;Congelados Norte;frozen goods;109,0;talho
236;574;2028-05-22;6015,37;Mercado Central;2024-07-03;Congelados Norte;frozen goods;;higiene
481;566;2026-01-03;1800,0;FreshMart Gaia;2023-11-19;Padaria Industrial;bakery supplies;166,0;padaria
437;740;2025-08-23;3389,66;Nova Compra;2023-11-18;Casa Verde Horticolas;produce;;talho
73;248;2025-06-05;5331,95;FreshMart Gaia;2025-01-05;Peixe Fresco Iberico;seafood;61,0;higiene
482;454;2024-07-20;8000,0;Mercado Central;2023-10-18;Congelados Norte;frozen goods;156,0;mercearia
327;597;2025-03-10;5467,23;SuperNorte;2023-06-01;Carnes Selectas;meat;94,0;padaria
370;921;2024-12-02;2468,01;Atlantico Market;2023-01-22;Lacteos do Vale;dairy;7,0;higiene
234;117;2023-10-07;4787,71;BomPreco;2022-02-27;Carnes Selectas;meat;;laticinios
426;988;2026-07-04;5696,25;BomPreco;2025-03-14;Peixe Fresco Iberico;seafood;11,0;peixaria
116;380;2023-09-11;672,7;Mercado Central;2022-10-19;Casa Verde Horticolas;produce;;mercearia
238;942;2024-01-24;2636,78;Atlantico Market;2023-01-21;Frutaria Atlantica;produce;;higiene
449;682;2030-03-29;1618,56;Nova Compra;2024-02-23;Frutaria Atlantica;produce;;laticinios
140;749;2023-03-03;1516,11;Mercado Central;2022-07-22;SnackHouse Distribuicao;snacks;;talho
282;468;2022-12-16;7350,76;BomPreco;2022-10-01;Peixe Fresco Iberico;seafood;31,0;padaria
282;468;2022-12-16;5393,76;BomPreco;2022-10-01;Peixe Fresco Iberico;seafood;142,0;higiene
335;985;2026-02-15;1548,33;Nova Compra;2024-12-25;Higiene Plus;cleaning products;139,0;padaria
337;522;2029-03-13;3178,99;FreshMart Gaia;2025-05-15;Frutaria Atlantica;produce;117,0;laticinios
255;995;2024-12-04;1649,74;SuperNorte;2024-01-22;Higiene Plus;cleaning products;129,0;mercearia
369;99;2031-02-17;1539,88;SuperNorte;2024-02-08;SnackHouse Distribuicao;snacks;;padaria
8;491;2025-12-29;2033,78;Mercado Central;2024-02-04;Lacteos do Vale;dairy;172,0;talho
104;202;2030-03-15;2024,76;Mercado Central;2023-01-07;Frutaria Atlantica;produce;;bebidas
14;251;2025-03-31;1478,46;Mercado Central;2022-12-20;Lacteos do Vale;dairy;12,0;mercearia
472;249;2025-05-24;1811,78;Atlantico Market;2022-12-04;SnackHouse Distribuicao;snacks;154,0;talho
397;36;2029-08-12;1360,78;FreshMart Gaia;2023-10-31;Padaria Industrial;bakery supplies;32,0;congelados
107;320;2028-11-15;1924,31;Nova Compra;2025-07-14;Casa Verde Horticolas;produce;141,0;bebidas
107;320;2033-05-31;1528,56;Nova Compra;2025-07-14;Casa Verde Horticolas;produce;158,0;congelados
68;929;2026-12-18;1450,02;Mercado Central;2023-11-14;SnackHouse Distribuicao;snacks;;padaria
392;138;2027-07-21;8717,03;Mercado Central;2023-08-21;Peixe Fresco Iberico;seafood;;peixaria
33;164;2024-08-12;2620,95;SuperNorte;2024-06-15;Congelados Norte;frozen goods;;mercearia
138;122;2024-12-24;1281,18;BomPreco;2023-01-31;Frutaria Atlantica;produce;58,0;padaria
361;609;2024-08-22;800,65;FreshMart Gaia;2023-03-12;SnackHouse Distribuicao;snacks;;higiene
437;912;2025-07-09;1878,52;Nova Compra;2023-11-18;Frutaria Atlantica;produce;;mercearia
34;289;2031-05-25;2431,78;Atlantico Market;2021-09-25;SnackHouse Distribuicao;snacks;;bebidas
63;90;2023-08-18;3368,11;SuperNorte;2023-01-21;Casa Verde Horticolas;produce;50,0;congelados
63;90;2023-08-18;3500,0;SuperNorte;2023-01-21;Casa Verde Horticolas;produce;132,0;bebidas
84;768;2024-07-08;4764,01;BomPreco;2022-05-29;Peixe Fresco Iberico;seafood;;mercearia
110;258;2029-04-12;7274,07;Mercado Central;2024-05-11;Peixe Fresco Iberico;seafood;;padaria
360;258;2029-09-27;5423,61;BomPreco;2023-03-19;Peixe Fresco Iberico;seafood;200,0;peixaria
13;472;2031-12-17;3500,0;FreshMart Gaia;2022-10-16;Frutaria Atlantica;produce;;higiene
428;975;2025-10-07;2471,94;Mercado Central;2023-08-26;Higiene Plus;cleaning products;;laticinios
388;681;2025-08-11;2318,92;Atlantico Market;2022-12-28;Lacteos do Vale;dairy;;bebidas
200;224;2025-07-29;3254,06;Mercado Central;2025-03-04;Congelados Norte;frozen goods;;mercearia
77;502;2023-12-15;392,02;Nova Compra;2023-01-26;Frutaria Atlantica;produce;;mercearia
181;569;2022-03-28;865,59;FreshMart Gaia;2021-08-25;SnackHouse Distribuicao;snacks;113,0;congelados
271;7;2030-03-06;2346,36;FreshMart Gaia;2025-10-11;Carnes Selectas;meat;;padaria
13;62;2024-06-09;965,01;FreshMart Gaia;2022-10-16;Frutaria Atlantica;produce;;padaria
375;791;2024-11-29;4000,0;SuperNorte;2024-05-11;Lacteos do Vale;dairy;123,0;bebidas
223;984;2022-09-22;2400,91;FreshMart Gaia;2022-09-06;Congelados Norte;frozen goods;;higiene
495;776;2025-08-10;620,38;SuperNorte;2022-10-02;Padaria Industrial;bakery supplies;110,0;peixaria
262;609;2031-10-19;1090,39;Atlantico Market;2023-03-24;SnackHouse Distribuicao;snacks;;bebidas
235;76;2025-07-02;1800,0;FreshMart Gaia;2022-03-04;Padaria Industrial;bakery supplies;;fruta e legumes
185;790;2024-11-13;1798,73;Nova Compra;2023-05-21;Casa Verde Horticolas;produce;;fruta e legumes
75;637;2024-09-01;8446,83;SuperNorte;2024-05-04;Carnes Selectas;meat;65,0;peixaria
75;637;2024-09-01;5843,48;SuperNorte;2024-05-04;Carnes Selectas;meat;170,0;fruta e legumes
143;142;2034-07-15;757,45;Nova Compra;2025-12-20;Frutaria Atlantica;produce;128,0;peixaria
45;599;2023-10-23;3000,0;SuperNorte;2021-03-03;SnackHouse Distribuicao;snacks;145,0;talho
325;878;2025-09-24;7785,75;FreshMart Gaia;2024-03-27;Peixe Fresco Iberico;seafood;;mercearia
251;985;2026-02-05;1301,72;Nova Compra;2023-03-21;Higiene Plus;cleaning products;;fruta e legumes
36;516;2024-05-08;1800,0;BomPreco;2021-03-31;Padaria Industrial;bakery supplies;;mercearia
356;809;2026-08-23;1411,75;Mercado Central;2022-08-06;SnackHouse Distribuicao;snacks;;laticinios
243;997;2034-10-17;5060,23;SuperNorte;2025-04-24;Carnes Selectas;meat;;congelados
462;624;2031-01-01;3681,49;BomPreco;2022-01-14;Congelados Norte;frozen goods;38,0;peixaria
231;128;2026-04-05;10550,08;SuperNorte;2025-05-07;Peixe Fresco Iberico;seafood;;peixaria
372;460;2030-06-15;2668,2;BomPreco;2025-04-26;Casa Verde Horticolas;produce;;bebidas
389;281;2031-04-14;2437,19;Nova Compra;2023-02-14;Lacteos do Vale;dairy;;congelados
448;171;2027-01-14;1339,33;Atlantico Market;2025-02-18;Lacteos do Vale;dairy;;higiene
330;535;2033-03-20;1163,98;BomPreco;2025-02-18;Higiene Plus;cleaning products;;laticinios
22;831;2031-01-08;1339,14;Atlantico Market;2026-02-12;Lacteos do Vale;dairy;;padaria
412;210;2029-03-23;3118,5;Atlantico Market;2024-08-06;Casa Verde Horticolas;produce;36,0;laticinios
306;892;2033-05-21;910,79;BomPreco;2025-04-13;Frutaria Atlantica;produce;;talho
118;78;2024-10-19;12000,0;Atlantico Market;2022-07-18;Peixe Fresco Iberico;seafood;;congelados
27;12;2030-02-12;3302,33;SuperNorte;2022-08-07;Frutaria Atlantica;produce;42,0;bebidas
58;780;2025-07-22;1223,66;Atlantico Market;2023-08-09;Casa Verde Horticolas;produce;;peixaria
117;877;2033-07-26;4477,12;SuperNorte;2025-08-17;Carnes Selectas;meat;;talho
109;2;2022-09-04;1342,58;FreshMart Gaia;2021-02-19;Frutaria Atlantica;produce;;fruta e legumes
99;11;2030-06-27;2609,28;SuperNorte;2025-09-02;Lacteos do Vale;dairy;;bebidas
329;583;2023-10-08;7000,0;Nova Compra;2023-01-15;Bebidas Lusas;beverages;198,0;laticinios
69;349;2024-05-01;2813,15;SuperNorte;2021-06-05;SnackHouse Distribuicao;snacks;;congelados
299;469;2028-11-16;1357,92;Nova Compra;2025-02-06;SnackHouse Distribuicao;snacks;;mercearia
285;223;2025-07-29;6595,71;SuperNorte;2023-05-21;Bebidas Lusas;beverages;;mercearia
251;832;2024-02-19;3134,61;Nova Compra;2023-03-21;Frutaria Atlantica;produce;;padaria
88;411;2023-12-02;1974,85;Atlantico Market;2021-03-26;Lacteos do Vale;dairy;62,0;fruta e legumes
77;654;2024-07-24;4281,74;Nova Compra;2023-01-26;Congelados Norte;frozen goods;;talho
350;5;2034-11-09;2500,0;Mercado Central;2025-07-14;Higiene Plus;cleaning products;;fruta e legumes
18;745;2030-02-13;2213,81;BomPreco;2025-02-11;Higiene Plus;cleaning products;;laticinios
362;773;2024-04-15;6507,2;Mercado Central;2021-04-28;Bebidas Lusas;beverages;144,0;laticinios
315;440;2030-03-30;3500,0;SuperNorte;2025-10-02;Casa Verde Horticolas;produce;;fruta e legumes
112;466;2022-08-26;1279,25;Atlantico Market;2022-05-22;Padaria Industrial;bakery supplies;40,0;padaria
368;57;2024-03-27;6252,29;Mercado Central;2022-05-09;Carnes Selectas;meat;;congelados
255;482;2024-11-20;3408,45;SuperNorte;2024-01-22;Frutaria Atlantica;produce;129,0;mercearia
220;428;2025-04-10;12000,0;Atlantico Market;2024-11-09;Peixe Fresco Iberico;seafood;;bebidas
426;383;2028-04-20;2848,03;BomPreco;2025-03-14;Bebidas Lusas;beverages;11,0;peixaria
9;987;2024-04-28;4931,1;SuperNorte;2022-10-26;Carnes Selectas;meat;23,0;congelados
407;157;2031-03-19;3414,54;Nova Compra;2024-05-16;Carnes Selectas;meat;;higiene
149;539;2035-04-14;1925,17;Nova Compra;2025-09-19;SnackHouse Distribuicao;snacks;41,0;congelados
92;160;2028-07-04;2760,33;Mercado Central;2024-11-30;Casa Verde Horticolas;produce;37,0;talho
239;304;2031-12-12;2805,61;Nova Compra;2022-04-05;Congelados Norte;frozen goods;120,0;mercearia
483;43;2031-01-25;6246,14;SuperNorte;2025-01-22;Bebidas Lusas;beverages;;higiene
43;878;2026-01-31;5300,52;FreshMart Gaia;2025-06-14;Peixe Fresco Iberico;seafood;;higiene
487;257;2024-11-25;4245,01;FreshMart Gaia;2024-08-09;Carnes Selectas;meat;;fruta e legumes
425;417;2030-03-23;8978,84;Nova Compra;2022-01-23;Carnes Selectas;meat;;congelados
310;229;2023-09-10;1245,41;Atlantico Market;2022-09-29;SnackHouse Distribuicao;snacks;;peixaria
489;450;2025-10-10;983,74;SuperNorte;2023-09-27;Casa Verde Horticolas;produce;;peixaria
382;661;2024-03-18;3004,51;Atlantico Market;2023-09-03;Lacteos do Vale;dairy;;fruta e legumes
251;221;2024-09-29;2026,28;Nova Compra;2023-03-21;Lacteos do Vale;dairy;;talho
15;360;2025-09-14;3171,84;SuperNorte;2024-07-30;Casa Verde Horticolas;produce;;fruta e legumes
378;263;2022-01-07;5455,38;BomPreco;2021-04-27;Bebidas Lusas;beverages;137,0;peixaria
99;919;2033-05-22;751,29;SuperNorte;2025-09-02;SnackHouse Distribuicao;snacks;;padaria
167;642;2025-05-26;3344,03;Nova Compra;2024-08-25;Frutaria Atlantica;produce;;peixaria
135;584;2023-06-19;8000,0;SuperNorte;2022-07-27;Congelados Norte;frozen goods;;higiene
246;82;2025-03-10;2945,58;BomPreco;2021-03-04;Frutaria Atlantica;produce;161,0;fruta e legumes
246;82;2025-03-10;2999,43;BomPreco;2021-03-04;Frutaria Atlantica;produce;191,0;peixaria
187;875;2027-05-21;1229,98;FreshMart Gaia;2023-07-04;Higiene Plus;cleaning products;;bebidas
317;682;2022-07-02;1492,83;Nova Compra;2022-01-06;Frutaria Atlantica;produce;16,0;higiene
163;658;2024-08-20;7152,07;FreshMart Gaia;2021-05-29;Peixe Fresco Iberico;seafood;;higiene
327;11;2025-07-30;3252,5;SuperNorte;2023-06-01;Lacteos do Vale;dairy;94,0;padaria
291;847;2033-03-31;8077,07;SuperNorte;2024-09-22;Carnes Selectas;meat;;laticinios
219;423;2033-09-09;3079,46;SuperNorte;2025-01-12;Bebidas Lusas;beverages;175,0;padaria
231;671;2034-11-23;1686,82;SuperNorte;2025-05-07;Lacteos do Vale;dairy;;bebidas
272;872;2026-03-26;946,12;Mercado Central;2025-06-25;Frutaria Atlantica;produce;122,0;congelados
392;55;2025-11-17;1839,64;Mercado Central;2023-08-21;Higiene Plus;cleaning products;;padaria
81;498;2025-09-06;5454,28;SuperNorte;2024-04-22;Peixe Fresco Iberico;seafood;130,0;padaria
63;992;2024-10-26;1615,61;SuperNorte;2023-01-21;Frutaria Atlantica;produce;50,0;congelados
63;992;2024-10-26;3500,0;SuperNorte;2023-01-21;Frutaria Atlantica;produce;132,0;bebidas
46;373;2026-02-17;4908,81;Atlantico Market;2023-02-06;Bebidas Lusas;beverages;;peixaria
139;405;2025-01-07;1590,04;FreshMart Gaia;2023-09-26;Higiene Plus;cleaning products;148,0;padaria
313;490;2025-06-09;2687,94;FreshMart Gaia;2023-03-30;Casa Verde Horticolas;produce;109,0;talho
335;924;2025-11-25;8000,0;Nova Compra;2024-12-25;Congelados Norte;frozen goods;139,0;padaria
228;780;2030-10-02;893,44;BomPreco;2025-05-03;Casa Verde Horticolas;produce;44,0;fruta e legumes
208;399;2025-03-24;1279,21;Atlantico Market;2024-12-15;SnackHouse Distribuicao;snacks;176,0;congelados
15;951;2029-09-14;1936,74;SuperNorte;2024-07-30;Lacteos do Vale;dairy;;laticinios
299;984;2030-01-17;2768,65;Nova Compra;2025-02-06;Congelados Norte;frozen goods;;talho
292;804;2027-04-28;3816,24;Atlantico Market;2023-07-16;Congelados Norte;frozen goods;17,0;fruta e legumes
132;404;2024-11-10;2139,57;BomPreco;2022-11-23;Congelados Norte;frozen goods;76,0;padaria
125;211;2027-12-12;3255,83;Nova Compra;2024-01-05;Lacteos do Vale;dairy;;fruta e legumes
7;791;2024-03-07;1703,34;FreshMart Gaia;2023-07-14;Lacteos do Vale;dairy;;peixaria
373;901;2027-03-29;2353,49;FreshMart Gaia;2022-06-04;Lacteos do Vale;dairy;;peixaria
339;297;2025-02-13;5526,13;SuperNorte;2022-10-13;Carnes Selectas;meat;155,0;peixaria
192;140;2025-05-18;2377,44;BomPreco;2023-05-20;Casa Verde Horticolas;produce;80,0;fruta e legumes
454;747;2022-08-22;1784,25;Atlantico Market;2022-02-05;Carnes Selectas;meat;;bebidas
174;559;2024-09-20;2020,6;BomPreco;2021-10-25;SnackHouse Distribuicao;snacks;52,0;higiene
174;559;2024-09-20;1457,88;BomPreco;2021-10-25;SnackHouse Distribuicao;snacks;163,0;talho
466;800;2025-09-03;2221,7;Atlantico Market;2022-02-26;Casa Verde Horticolas;produce;99,0;laticinios
58;497;2025-12-17;3176,07;Atlantico Market;2023-08-09;Carnes Selectas;meat;;fruta e legumes
74;554;2029-01-01;5179,81;Mercado Central;2025-11-11;Congelados Norte;frozen goods;3,0;mercearia
461;365;2025-08-13;2466,46;Nova Compra;2025-03-18;Higiene Plus;cleaning products;;bebidas
373;172;2024-01-26;2014,92;FreshMart Gaia;2022-06-04;Frutaria Atlantica;produce;;mercearia
393;583;2031-04-10;2715,56;SuperNorte;2025-10-05;Bebidas Lusas;beverages;;talho
30;287;2032-06-19;3988,08;BomPreco;2025-01-06;Carnes Selectas;meat;29,0;peixaria
30;287;2026-05-09;6998,58;BomPreco;2025-01-06;Carnes Selectas;meat;199,0;talho
377;152;2024-12-28;2390,56;Nova Compra;2023-06-29;Frutaria Atlantica;produce;;laticinios
9;287;2027-04-30;6339,77;SuperNorte;2022-10-26;Carnes Selectas;meat;23,0;congelados
182;103;2025-09-12;3687,21;Mercado Central;2021-08-07;Bebidas Lusas;beverages;85,0;padaria
16;283;2024-06-21;4108,62;Atlantico Market;2024-01-08;Bebidas Lusas;beverages;5,0;congelados
413;850;2030-07-02;1796,74;Nova Compra;2025-04-04;Casa Verde Horticolas;produce;79,0;higiene
413;850;2032-07-24;1558,6;Nova Compra;2025-04-04;Casa Verde Horticolas;produce;81,0;laticinios
31;488;2027-09-29;9140,06;FreshMart Gaia;2023-08-26;Peixe Fresco Iberico;seafood;;mercearia
213;215;2029-09-25;1580,92;SuperNorte;2022-08-14;Higiene Plus;cleaning products;19,0;talho
179;834;2027-12-31;7685,68;Nova Compra;2024-10-24;Congelados Norte;frozen goods;;fruta e legumes
332;868;2027-01-21;10744,47;Mercado Central;2024-11-20;Peixe Fresco Iberico;seafood;;padaria
200;612;2025-10-13;2096,04;Mercado Central;2025-03-04;Frutaria Atlantica;produce;;mercearia
244;856;2031-02-28;1307,24;Atlantico Market;2023-01-21;Padaria Industrial;bakery supplies;133,0;higiene
244;856;2030-09-17;650,03;Atlantico Market;2023-01-21;Padaria Industrial;bakery supplies;168,0;bebidas
486;891;2023-08-06;2076,23;BomPreco;2022-02-26;Lacteos do Vale;dairy;;mercearia
216;561;2034-08-18;2508,45;BomPreco;2025-09-23;Lacteos do Vale;dairy;;congelados
180;889;2024-01-04;809,4;BomPreco;2023-10-07;SnackHouse Distribuicao;snacks;;talho
185;694;2026-01-22;5216,65;Nova Compra;2023-05-21;Congelados Norte;frozen goods;;laticinios
15;501;2028-01-30;1396,29;SuperNorte;2024-07-30;Lacteos do Vale;dairy;;mercearia
189;128;2030-11-22;4434,83;SuperNorte;2024-04-27;Peixe Fresco Iberico;seafood;;congelados
221;504;2025-12-23;3388,36;Nova Compra;2022-05-20;Congelados Norte;frozen goods;;fruta e legumes
385;123;2030-06-11;3698,87;FreshMart Gaia;2023-02-10;Bebidas Lusas;beverages;;fruta e legumes
379;964;2030-01-12;2365,53;FreshMart Gaia;2024-02-27;Congelados Norte;frozen goods;;padaria
205;749;2035-05-05;2426,05;FreshMart Gaia;2026-01-02;SnackHouse Distribuicao;snacks;;peixaria
190;797;2030-11-20;5848,8;Atlantico Market;2025-05-26;Carnes Selectas;meat;;congelados
368;869;2027-07-26;3000,0;Mercado Central;2022-05-09;SnackHouse Distribuicao;snacks;;higiene
184;539;2033-04-16;1888,55;Atlantico Market;2024-11-20;SnackHouse Distribuicao;snacks;118,0;talho
128;567;2025-12-01;6981,48;Mercado Central;2021-12-26;Carnes Selectas;meat;;laticinios
449;807;2031-02-28;3677,23;Nova Compra;2024-02-23;Carnes Selectas;meat;;bebidas
336;132;2024-12-26;1086,94;BomPreco;2021-05-18;Frutaria Atlantica;produce;10,0;talho
153;495;2033-02-01;1816,8;SuperNorte;2024-02-05;Higiene Plus;cleaning products;;laticinios
156;247;2030-06-04;3301,64;BomPreco;2026-01-04;Carnes Selectas;meat;48,0;mercearia
471;605;2029-10-18;1835,44;SuperNorte;2024-09-26;Higiene Plus;cleaning products;119,0;peixaria
154;146;2030-06-23;1800,0;Atlantico Market;2025-10-16;Padaria Industrial;bakery supplies;184,0;padaria
251;385;2025-12-29;2104,44;Nova Compra;2023-03-21;Higiene Plus;cleaning products;;padaria
498;192;2030-07-19;2391,42;BomPreco;2023-08-24;Frutaria Atlantica;produce;;fruta e legumes
207;436;2023-12-09;1128,93;SuperNorte;2022-08-16;Padaria Industrial;bakery supplies;;higiene
375;587;2032-08-27;4543,13;SuperNorte;2024-05-11;Carnes Selectas;meat;123,0;bebidas
382;840;2025-06-04;1757,04;Atlantico Market;2023-09-03;Casa Verde Horticolas;produce;;bebidas
316;237;2024-11-14;4186,88;Atlantico Market;2022-06-02;Carnes Selectas;meat;75,0;mercearia
486;965;2023-10-27;760,73;BomPreco;2022-02-26;Higiene Plus;cleaning products;;padaria
188;83;2029-05-07;3810,26;Mercado Central;2025-01-21;Bebidas Lusas;beverages;;padaria
256;709;2024-05-29;2716,45;Atlantico Market;2023-04-01;SnackHouse Distribuicao;snacks;33,0;bebidas
256;709;2028-11-19;923,87;Atlantico Market;2023-04-01;SnackHouse Distribuicao;snacks;135,0;laticinios
25;598;2032-03-04;12000,0;FreshMart Gaia;2024-05-31;Peixe Fresco Iberico;seafood;;laticinios
78;319;2026-02-25;2853,39;BomPreco;2022-12-29;SnackHouse Distribuicao;snacks;46,0;talho
438;281;2025-03-02;2570,54;BomPreco;2022-04-17;Lacteos do Vale;dairy;116,0;fruta e legumes
325;591;2025-10-29;2579,87;FreshMart Gaia;2024-03-27;Lacteos do Vale;dairy;;mercearia
101;751;2031-06-26;1977,15;Nova Compra;2023-02-01;Lacteos do Vale;dairy;;bebidas
162;244;2025-05-10;4382,08;BomPreco;2024-11-21;Congelados Norte;frozen goods;;higiene
437;950;2027-03-23;1501,66;Nova Compra;2023-11-18;Casa Verde Horticolas;produce;;bebidas
210;118;2024-03-02;6593,2;BomPreco;2023-03-24;Peixe Fresco Iberico;seafood;;higiene
221;173;2022-10-26;3993,54;Nova Compra;2022-05-20;Bebidas Lusas;beverages;;peixaria
432;112;2035-04-15;3500,0;BomPreco;2025-09-23;Frutaria Atlantica;produce;;mercearia
462;253;2023-07-21;4836,94;BomPreco;2022-01-14;Bebidas Lusas;beverages;38,0;peixaria
11;172;2024-08-02;1683,63;Nova Compra;2022-01-12;Frutaria Atlantica;produce;;congelados
71;662;2031-03-31;1769,47;Nova Compra;2024-03-23;Frutaria Atlantica;produce;136,0;talho
434;895;2025-10-15;997,49;Mercado Central;2025-07-06;Higiene Plus;cleaning products;95,0;congelados
76;805;2024-09-03;1074,29;Atlantico Market;2022-03-16;Higiene Plus;cleaning products;180,0;laticinios
248;394;2025-11-18;6478,11;Mercado Central;2025-02-23;Congelados Norte;frozen goods;8,0;fruta e legumes
31;933;2033-01-15;3002,58;FreshMart Gaia;2023-08-26;Bebidas Lusas;beverages;;congelados
13;143;2024-08-19;2840,17;FreshMart Gaia;2022-10-16;Bebidas Lusas;beverages;;peixaria
64;336;2035-07-18;765,96;Atlantico Market;2025-08-22;Padaria Industrial;bakery supplies;;bebidas
103;318;2024-09-16;4681,75;FreshMart Gaia;2022-12-24;Peixe Fresco Iberico;seafood;;padaria
350;925;2034-06-23;2283,45;Mercado Central;2025-07-14;Higiene Plus;cleaning products;;mercearia
180;682;2025-09-11;1972,7;BomPreco;2023-10-07;Frutaria Atlantica;produce;;bebidas
499;467;2029-06-07;4755,76;FreshMart Gaia;2023-08-29;Carnes Selectas;meat;;peixaria
98;500;2029-02-19;1874,54;Mercado Central;2022-12-11;Casa Verde Horticolas;produce;;laticinios
490;424;2027-01-18;4741,7;Atlantico Market;2023-10-13;Congelados Norte;frozen goods;;laticinios
15;101;2029-12-18;1536,01;SuperNorte;2024-07-30;Lacteos do Vale;dairy;;congelados
282;245;2032-01-10;735,75;BomPreco;2022-10-01;Higiene Plus;cleaning products;31,0;padaria
282;245;2029-10-16;2500,0;BomPreco;2022-10-01;Higiene Plus;cleaning products;142,0;higiene
203;571;2026-02-09;3353,75;Nova Compra;2024-03-02;Lacteos do Vale;dairy;45,0;laticinios
323;309;2024-08-27;1955,77;Nova Compra;2021-06-14;SnackHouse Distribuicao;snacks;82,0;talho
396;232;2025-12-09;2797,77;BomPreco;2025-10-21;Frutaria Atlantica;produce;57,0;mercearia
42;340;2032-04-28;3500,0;BomPreco;2022-11-03;Casa Verde Horticolas;produce;;laticinios
52;995;2026-01-29;1080,61;Atlantico Market;2025-01-08;Higiene Plus;cleaning products;;laticinios
468;702;2025-06-05;1117,59;BomPreco;2021-07-29;Frutaria Atlantica;produce;;congelados
121;430;2024-12-01;2491,46;FreshMart Gaia;2022-03-07;Casa Verde Horticolas;produce;;higiene
2;725;2023-10-28;710,62;Mercado Central;2022-09-10;Higiene Plus;cleaning products;167,0;congelados
113;164;2024-07-03;4374,11;Nova Compra;2021-11-05;Congelados Norte;frozen goods;188,0;fruta e legumes
32;914;2024-10-25;3759,63;Mercado Central;2023-07-31;Congelados Norte;frozen goods;;padaria
378;810;2022-12-22;2505,37;BomPreco;2021-04-27;Casa Verde Horticolas;produce;137,0;peixaria
427;675;2028-11-07;1106,75;FreshMart Gaia;2023-12-18;Higiene Plus;cleaning products;;mercearia
246;588;2023-01-22;11152,89;BomPreco;2021-03-04;Peixe Fresco Iberico;seafood;161,0;fruta e legumes
246;588;2023-01-22;4644,6;BomPreco;2021-03-04;Peixe Fresco Iberico;seafood;191,0;peixaria
396;922;2026-07-17;2541,61;BomPreco;2025-10-21;Frutaria Atlantica;produce;57,0;mercearia
23;198;2027-08-09;4815,87;Nova Compra;2023-11-14;Peixe Fresco Iberico;seafood;;talho
248;259;2027-06-10;2111,88;Mercado Central;2025-02-23;SnackHouse Distribuicao;snacks;8,0;fruta e legumes
144;681;2024-12-05;1361,9;BomPreco;2022-09-23;Lacteos do Vale;dairy;;fruta e legumes
396;931;2025-12-15;2126,8;BomPreco;2025-10-21;Lacteos do Vale;dairy;57,0;mercearia
71;256;2029-08-22;1800,0;Nova Compra;2024-03-23;Padaria Industrial;bakery supplies;136,0;talho
303;327;2034-03-20;5686,82;SuperNorte;2025-02-15;Carnes Selectas;meat;;laticinios
136;723;2031-04-24;6386,21;Atlantico Market;2021-09-27;Bebidas Lusas;beverages;;padaria
21;196;2030-12-09;988,25;SuperNorte;2024-04-14;Padaria Industrial;bakery supplies;;laticinios
291;800;2025-06-19;1473,9;SuperNorte;2024-09-22;Casa Verde Horticolas;produce;;padaria
309;349;2033-04-12;1782,77;SuperNorte;2024-03-19;SnackHouse Distribuicao;snacks;;padaria
83;915;2026-12-29;1816,17;Nova Compra;2025-01-15;Higiene Plus;cleaning products;157,0;padaria
83;915;2032-03-08;583,31;Nova Compra;2025-01-15;Higiene Plus;cleaning products;182,0;peixaria
141;694;2026-12-12;5439,26;SuperNorte;2021-05-17;Congelados Norte;frozen goods;;congelados
14;247;2024-01-05;3537,69;Mercado Central;2022-12-20;Carnes Selectas;meat;12,0;mercearia
318;154;2024-12-30;2518,89;BomPreco;2021-03-16;Congelados Norte;frozen goods;88,0;higiene
15;946;2033-05-01;1274,25;SuperNorte;2024-07-30;Padaria Industrial;bakery supplies;;fruta e legumes
48;791;2030-10-14;3926,68;BomPreco;2022-10-06;Lacteos do Vale;dairy;;padaria
98;678;2023-11-26;7164,83;Mercado Central;2022-12-11;Peixe Fresco Iberico;seafood;;talho
39;909;2023-04-23;896,59;SuperNorte;2022-08-08;SnackHouse Distribuicao;snacks;;laticinios
339;181;2025-04-04;1589,97;SuperNorte;2022-10-13;Lacteos do Vale;dairy;155,0;peixaria
360;831;2024-04-08;1781,13;BomPreco;2023-03-19;Lacteos do Vale;dairy;200,0;peixaria
426;200;2030-12-17;2020,67;BomPreco;2025-03-14;Casa Verde Horticolas;produce;11,0;peixaria
426;977;2026-01-31;5228,13;BomPreco;2025-03-14;Carnes Selectas;meat;11,0;peixaria
371;292;2025-04-20;2311,83;Nova Compra;2022-09-12;Frutaria Atlantica;produce;;higiene
82;114;2025-11-11;6743,66;Atlantico Market;2023-01-31;Congelados Norte;frozen goods;54,0;laticinios
177;691;2024-05-06;2510,8;SuperNorte;2023-05-04;Lacteos do Vale;dairy;;bebidas
182;201;2026-01-11;3220,72;Mercado Central;2021-08-07;Lacteos do Vale;dairy;85,0;padaria
187;754;2032-12-07;3808,54;FreshMart Gaia;2023-07-04;Congelados Norte;frozen goods;;mercearia
411;640;2030-01-27;3500,0;SuperNorte;2023-06-02;Casa Verde Horticolas;produce;;mercearia
136;62;2024-05-14;2372,91;Atlantico Market;2021-09-27;Frutaria Atlantica;produce;;laticinios
28;733;2024-09-29;5101,72;Atlantico Market;2023-02-26;Bebidas Lusas;beverages;;padaria
306;328;2025-07-27;12000,0;BomPreco;2025-04-13;Peixe Fresco Iberico;seafood;;padaria
143;224;2028-08-03;4474,06;Nova Compra;2025-12-20;Congelados Norte;frozen goods;128,0;peixaria
343;25;2023-02-09;1028,37;FreshMart Gaia;2021-12-03;Higiene Plus;cleaning products;146,0;peixaria
143;380;2029-06-26;3330,36;Nova Compra;2025-12-20;Casa Verde Horticolas;produce;128,0;peixaria
476;590;2031-04-10;3419,52;Mercado Central;2023-03-11;Casa Verde Horticolas;produce;;talho
308;691;2024-01-26;2303,77;Mercado Central;2022-07-13;Lacteos do Vale;dairy;;laticinios
388;995;2023-09-17;2500,0;Atlantico Market;2022-12-28;Higiene Plus;cleaning products;;mercearia
226;287;2027-03-26;5201,36;Atlantico Market;2022-06-05;Carnes Selectas;meat;;congelados
112;368;2024-10-15;9888,08;Atlantico Market;2022-05-22;Peixe Fresco Iberico;seafood;40,0;padaria
8;582;2028-01-07;3500,0;Mercado Central;2024-02-04;Frutaria Atlantica;produce;172,0;talho
428;306;2029-06-14;1045,24;Mercado Central;2023-08-26;Padaria Industrial;bakery supplies;;padaria
244;778;2024-04-09;7983,38;Atlantico Market;2023-01-21;Peixe Fresco Iberico;seafood;133,0;higiene
244;778;2029-05-19;10314,07;Atlantico Market;2023-01-21;Peixe Fresco Iberico;seafood;168,0;bebidas
482;315;2026-01-25;1166,11;Mercado Central;2023-10-18;Higiene Plus;cleaning products;156,0;mercearia
231;708;2033-04-30;4506,11;SuperNorte;2025-05-07;Peixe Fresco Iberico;seafood;;talho
254;978;2032-08-02;11841,9;Mercado Central;2022-08-29;Peixe Fresco Iberico;seafood;90,0;laticinios
301;700;2022-08-10;2123,85;FreshMart Gaia;2021-11-05;Casa Verde Horticolas;produce;20,0;peixaria
301;700;2022-08-10;1473,54;FreshMart Gaia;2021-11-05;Casa Verde Horticolas;produce;147,0;mercearia
378;411;2024-01-02;2243,01;BomPreco;2021-04-27;Lacteos do Vale;dairy;137,0;peixaria
127;228;2032-10-21;8171,41;FreshMart Gaia;2022-10-25;Peixe Fresco Iberico;seafood;;mercearia
141;584;2024-07-20;2122,15;SuperNorte;2021-05-17;Congelados Norte;frozen goods;;congelados
148;150;2025-06-10;2553,29;Atlantico Market;2025-02-26;Casa Verde Horticolas;produce;174,0;mercearia
416;789;2023-08-20;1982,93;Mercado Central;2021-10-24;SnackHouse Distribuicao;snacks;;talho
53;863;2024-11-05;7000,0;Nova Compra;2022-04-27;Bebidas Lusas;beverages;;mercearia
106;600;2025-11-16;1676,38;Atlantico Market;2024-07-22;Casa Verde Horticolas;produce;;mercearia
490;738;2033-02-07;12000,0;Atlantico Market;2023-10-13;Peixe Fresco Iberico;seafood;;congelados
59;718;2027-12-20;6370,71;Nova Compra;2024-05-26;Peixe Fresco Iberico;seafood;;congelados
479;810;2032-01-08;1969,57;Nova Compra;2025-03-24;Casa Verde Horticolas;produce;18,0;laticinios
78;877;2027-05-01;6127,75;BomPreco;2022-12-29;Carnes Selectas;meat;46,0;talho
334;618;2026-08-09;12000,0;Atlantico Market;2024-10-12;Peixe Fresco Iberico;seafood;127,0;talho
235;537;2024-05-23;3091,41;FreshMart Gaia;2022-03-04;Carnes Selectas;meat;;congelados
78;840;2029-12-27;2311,67;BomPreco;2022-12-29;Casa Verde Horticolas;produce;46,0;talho
111;810;2021-09-16;1885,49;SuperNorte;2021-08-21;Casa Verde Horticolas;produce;;peixaria
389;777;2024-09-17;5331,1;Nova Compra;2023-02-14;Carnes Selectas;meat;;laticinios
37;403;2029-09-14;4874,95;FreshMart Gaia;2022-12-13;Bebidas Lusas;beverages;15,0;bebidas
180;770;2025-08-22;3043,13;BomPreco;2023-10-07;Casa Verde Horticolas;produce;;congelados
77;656;2025-05-28;1270,28;Nova Compra;2023-01-26;Padaria Industrial;bakery supplies;;bebidas
6;811;2035-02-28;3748,33;BomPreco;2026-02-05;Lacteos do Vale;dairy;;talho
385;572;2024-12-31;1652,44;FreshMart Gaia;2023-02-10;Frutaria Atlantica;produce;;congelados
372;840;2027-02-23;1810,02;BomPreco;2025-04-26;Casa Verde Horticolas;produce;;bebidas
187;649;2027-08-31;1051,67;FreshMart Gaia;2023-07-04;SnackHouse Distribuicao;snacks;;laticinios
29;582;2026-10-20;3500,0;Nova Compra;2025-01-17;Frutaria Atlantica;produce;;bebidas
199;633;2030-04-02;3447,8;FreshMart Gaia;2022-06-22;Bebidas Lusas;beverages;;laticinios
199;198;2022-10-23;5686,28;FreshMart Gaia;2022-06-22;Peixe Fresco Iberico;seafood;;higiene
118;832;2032-02-19;2430,71;Atlantico Market;2022-07-18;Frutaria Atlantica;produce;;higiene
94;173;2025-03-10;6171,5;Atlantico Market;2024-06-11;Bebidas Lusas;beverages;1,0;talho
94;173;2025-03-10;2746,48;Atlantico Market;2024-06-11;Bebidas Lusas;beverages;49,0;padaria
477;412;2024-07-14;3155,65;SuperNorte;2022-01-25;Frutaria Atlantica;produce;;mercearia
212;115;2033-07-17;1199,58;Mercado Central;2024-06-29;Higiene Plus;cleaning products;;congelados
122;39;2024-08-06;3000,0;Mercado Central;2022-11-09;SnackHouse Distribuicao;snacks;30,0;mercearia
396;382;2032-04-22;1450,31;BomPreco;2025-10-21;Frutaria Atlantica;produce;57,0;mercearia
491;692;2025-04-17;2575,74;Nova Compra;2024-07-19;Frutaria Atlantica;produce;;laticinios
218;369;2025-10-21;1682,02;Mercado Central;2025-07-13;SnackHouse Distribuicao;snacks;;fruta e legumes
372;520;2032-07-27;1114,4;BomPreco;2025-04-26;Casa Verde Horticolas;produce;;peixaria
47;269;2025-02-26;872,49;Nova Compra;2025-02-04;SnackHouse Distribuicao;snacks;86,0;congelados
105;988;2022-10-03;4652,82;SuperNorte;2022-01-11;Peixe Fresco Iberico;seafood;;padaria
119;521;2028-06-01;3360,6;Nova Compra;2024-10-31;Lacteos do Vale;dairy;;fruta e legumes
270;380;2025-07-22;771,64;BomPreco;2022-05-19;Casa Verde Horticolas;produce;190,0;talho
465;142;2025-03-15;2149,99;SuperNorte;2024-12-20;Frutaria Atlantica;produce;;peixaria
367;976;2022-12-11;1117,51;FreshMart Gaia;2022-02-26;Padaria Industrial;bakery supplies;;talho
225;634;2026-11-24;2016,94;SuperNorte;2025-06-18;Congelados Norte;frozen goods;97,0;higiene
372;426;2035-01-31;698,65;BomPreco;2025-04-26;Padaria Industrial;bakery supplies;;mercearia
340;863;2025-06-28;2617,72;Atlantico Market;2022-05-12;Bebidas Lusas;beverages;68,0;congelados
340;863;2025-06-28;3839,98;Atlantico Market;2022-05-12;Bebidas Lusas;beverages;151,0;higiene
25;404;2032-10-09;8000,0;FreshMart Gaia;2024-05-31;Congelados Norte;frozen goods;;laticinios
37;923;2028-10-02;6082,94;FreshMart Gaia;2022-12-13;Bebidas Lusas;beverages;15,0;bebidas
257;975;2022-06-27;1169,19;Nova Compra;2021-04-16;Higiene Plus;cleaning products;21,0;mercearia
257;975;2022-06-27;946,69;Nova Compra;2021-04-16;Higiene Plus;cleaning products;91,0;talho
410;447;2026-12-22;2678,16;Mercado Central;2025-10-07;Carnes Selectas;meat;;padaria
211;1;2027-05-19;1813,2;FreshMart Gaia;2024-02-14;Lacteos do Vale;dairy;103,0;padaria
450;39;2022-02-22;1101,11;BomPreco;2021-02-18;SnackHouse Distribuicao;snacks;;bebidas
468;547;2023-07-09;5312,87;BomPreco;2021-07-29;Carnes Selectas;meat;;higiene
376;496;2031-12-29;1000,79;Atlantico Market;2025-07-22;Padaria Industrial;bakery supplies;;peixaria
33;548;2033-11-21;5247,69;SuperNorte;2024-06-15;Peixe Fresco Iberico;seafood;;peixaria
222;900;2023-10-01;1507,72;BomPreco;2021-07-06;Casa Verde Horticolas;produce;;congelados
277;475;2033-11-12;1006,27;FreshMart Gaia;2026-02-03;Higiene Plus;cleaning products;;fruta e legumes
92;63;2027-11-09;2977,67;Mercado Central;2024-11-30;Bebidas Lusas;beverages;37,0;talho
346;685;2023-05-19;2500,0;Atlantico Market;2021-02-27;Higiene Plus;cleaning products;;fruta e legumes
496;513;2033-08-24;4734,0;Atlantico Market;2025-03-17;Bebidas Lusas;beverages;;congelados
7;231;2029-08-22;2730,75;FreshMart Gaia;2023-07-14;Lacteos do Vale;dairy;;peixaria
164;838;2024-06-24;10248,96;Mercado Central;2022-03-01;Peixe Fresco Iberico;seafood;165,0;mercearia
164;838;2024-06-24;9849,17;Mercado Central;2022-03-01;Peixe Fresco Iberico;seafood;181,0;talho
201;576;2031-06-05;1800,0;SuperNorte;2024-04-10;Padaria Industrial;bakery supplies;;peixaria
320;379;2025-10-22;2150,21;Mercado Central;2024-03-23;SnackHouse Distribuicao;snacks;;peixaria
133;896;2025-04-20;1096,71;FreshMart Gaia;2023-08-18;Padaria Industrial;bakery supplies;26,0;fruta e legumes
163;167;2025-02-02;4139,4;FreshMart Gaia;2021-05-29;Carnes Selectas;meat;;laticinios
330;940;2027-09-11;1276,75;BomPreco;2025-02-18;Casa Verde Horticolas;produce;;mercearia
360;345;2025-04-01;2045,15;BomPreco;2023-03-19;Higiene Plus;cleaning products;200,0;peixaria
247;716;2022-06-30;951,25;FreshMart Gaia;2021-04-17;Padaria Industrial;bakery supplies;173,0;peixaria
143;599;2033-01-10;894,79;Nova Compra;2025-12-20;SnackHouse Distribuicao;snacks;128,0;peixaria
161;989;2023-10-23;643,34;Nova Compra;2021-02-26;SnackHouse Distribuicao;snacks;;laticinios
351;676;2022-03-30;1800,0;SuperNorte;2021-03-14;Padaria Industrial;bakery supplies;;bebidas
365;725;2025-06-21;882,3;Nova Compra;2023-06-30;Higiene Plus;cleaning products;;bebidas
390;325;2024-09-25;1009,69;BomPreco;2021-05-05;Higiene Plus;cleaning products;;bebidas
140;460;2027-07-30;3214,98;Mercado Central;2022-07-22;Casa Verde Horticolas;produce;;congelados
146;853;2022-08-28;2176,89;Mercado Central;2022-01-30;Bebidas Lusas;beverages;;higiene
453;665;2030-10-02;1746,46;SuperNorte;2025-10-17;Higiene Plus;cleaning products;;higiene
458;347;2029-01-19;10000,0;Mercado Central;2024-04-06;Carnes Selectas;meat;169,0;higiene
429;545;2022-08-30;2500,0;SuperNorte;2021-08-21;Higiene Plus;cleaning products;;congelados
321;759;2023-01-31;1349,08;SuperNorte;2022-07-21;SnackHouse Distribuicao;snacks;77,0;congelados
158;373;2033-05-30;3729,74;Mercado Central;2025-02-09;Bebidas Lusas;beverages;;mercearia
178;449;2031-06-15;1380,44;Atlantico Market;2023-12-25;SnackHouse Distribuicao;snacks;;fruta e legumes
323;317;2024-10-17;5356,56;Nova Compra;2021-06-14;Carnes Selectas;meat;82,0;talho
334;812;2029-01-19;3318,15;Atlantico Market;2024-10-12;Frutaria Atlantica;produce;127,0;talho
270;794;2022-09-16;2290,85;BomPreco;2022-05-19;Congelados Norte;frozen goods;190,0;talho
385;860;2023-12-22;2476,3;FreshMart Gaia;2023-02-10;Casa Verde Horticolas;produce;;peixaria
303;820;2026-07-13;1694,2;SuperNorte;2025-02-15;Casa Verde Horticolas;produce;;mercearia
372;700;2025-05-28;3424,69;BomPreco;2025-04-26;Casa Verde Horticolas;produce;;talho
338;660;2025-01-20;3343,86;Mercado Central;2023-02-16;Casa Verde Horticolas;produce;;higiene
177;236;2032-10-18;832,59;SuperNorte;2023-05-04;Padaria Industrial;bakery supplies;;bebidas
232;28;2021-05-30;6183,91;Atlantico Market;2021-05-12;Peixe Fresco Iberico;seafood;;congelados
499;858;2031-05-20;9713,78;FreshMart Gaia;2023-08-29;Peixe Fresco Iberico;seafood;;fruta e legumes
257;773;2022-12-29;5837,19;Nova Compra;2021-04-16;Bebidas Lusas;beverages;21,0;mercearia
257;773;2022-12-29;1232,61;Nova Compra;2021-04-16;Bebidas Lusas;beverages;91,0;talho
196;988;2028-05-25;9699,75;Atlantico Market;2025-12-17;Peixe Fresco Iberico;seafood;4,0;padaria
196;988;2026-06-22;12000,0;Atlantico Market;2025-12-17;Peixe Fresco Iberico;seafood;159,0;bebidas
348;448;2031-05-09;7292,35;BomPreco;2024-01-26;Peixe Fresco Iberico;seafood;;peixaria
475;450;2027-08-21;2837,05;FreshMart Gaia;2025-02-17;Casa Verde Horticolas;produce;124,0;higiene
350;130;2025-08-29;3289,14;Mercado Central;2025-07-14;Casa Verde Horticolas;produce;;bebidas
241;491;2022-11-11;2375,45;FreshMart Gaia;2022-04-14;Lacteos do Vale;dairy;51,0;bebidas
105;414;2031-12-29;6202,91;SuperNorte;2022-01-11;Congelados Norte;frozen goods;;fruta e legumes
323;632;2023-08-08;1860,59;Nova Compra;2021-06-14;Frutaria Atlantica;produce;82,0;talho
464;778;2024-01-01;6349,19;Mercado Central;2022-08-25;Peixe Fresco Iberico;seafood;;congelados
413;65;2031-06-03;1020,98;Nova Compra;2025-04-04;Higiene Plus;cleaning products;79,0;higiene
413;65;2033-06-06;1486,34;Nova Compra;2025-04-04;Higiene Plus;cleaning products;81,0;laticinios
390;462;2021-12-27;3500,0;BomPreco;2021-05-05;Frutaria Atlantica;produce;;laticinios
294;436;2023-01-13;666,23;BomPreco;2022-04-03;Padaria Industrial;bakery supplies;;fruta e legumes
413;914;2030-01-19;5675,78;Nova Compra;2025-04-04;Congelados Norte;frozen goods;79,0;higiene
413;914;2026-09-13;4968,14;Nova Compra;2025-04-04;Congelados Norte;frozen goods;81,0;laticinios
276;374;2025-05-07;8000,0;BomPreco;2021-06-07;Congelados Norte;frozen goods;;higiene
229;528;2030-06-18;12000,0;FreshMart Gaia;2022-07-08;Peixe Fresco Iberico;seafood;;fruta e legumes
32;317;2024-02-08;3562,54;Mercado Central;2023-07-31;Carnes Selectas;meat;;fruta e legumes
45;21;2025-10-11;1660,42;SuperNorte;2021-03-03;Lacteos do Vale;dairy;145,0;talho
28;243;2027-03-06;2968,16;Atlantico Market;2023-02-26;Bebidas Lusas;beverages;;congelados
221;657;2025-02-19;4342,76;Nova Compra;2022-05-20;Carnes Selectas;meat;;bebidas
333;320;2023-08-22;1546,33;SuperNorte;2021-06-28;Casa Verde Horticolas;produce;;peixaria
382;633;2025-12-16;4383,88;Atlantico Market;2023-09-03;Bebidas Lusas;beverages;;talho
409;662;2025-11-13;1261,2;FreshMart Gaia;2025-03-31;Frutaria Atlantica;produce;;laticinios
188;489;2029-08-26;1198,32;Mercado Central;2025-01-21;SnackHouse Distribuicao;snacks;;congelados
14;659;2031-05-13;1156,05;Mercado Central;2022-12-20;SnackHouse Distribuicao;snacks;12,0;mercearia
185;120;2024-04-17;2309,12;Nova Compra;2023-05-21;Casa Verde Horticolas;produce;;congelados
36;815;2025-06-20;1336,1;BomPreco;2021-03-31;Higiene Plus;cleaning products;;fruta e legumes
205;297;2032-05-07;4844,35;FreshMart Gaia;2026-01-02;Carnes Selectas;meat;;higiene
498;386;2025-06-15;684,65;BomPreco;2023-08-24;Padaria Industrial;bakery supplies;;higiene
476;209;2028-05-08;801,68;Mercado Central;2023-03-11;SnackHouse Distribuicao;snacks;;congelados
24;726;2029-06-30;1800,0;BomPreco;2023-04-04;Padaria Industrial;bakery supplies;;padaria
19;153;2024-10-17;3293,1;FreshMart Gaia;2023-01-09;Bebidas Lusas;beverages;160,0;higiene
399;60;2026-05-11;3500,0;SuperNorte;2024-04-02;Casa Verde Horticolas;produce;;bebidas
272;923;2025-12-15;5309,58;Mercado Central;2025-06-25;Bebidas Lusas;beverages;122,0;congelados
269;214;2024-10-04;8000,0;Nova Compra;2023-10-19;Congelados Norte;frozen goods;;congelados
391;180;2032-06-03;2892,89;FreshMart Gaia;2024-03-07;Casa Verde Horticolas;produce;;congelados
294;610;2022-08-30;1986,79;BomPreco;2022-04-03;Casa Verde Horticolas;produce;;talho
352;261;2029-10-08;1643,0;Atlantico Market;2022-04-17;Lacteos do Vale;dairy;;bebidas
113;704;2022-11-23;2770,53;Nova Compra;2021-11-05;Congelados Norte;frozen goods;188,0;fruta e legumes
27;304;2028-08-30;7116,8;SuperNorte;2022-08-07;Congelados Norte;frozen goods;42,0;bebidas
27;469;2026-02-15;1859,0;SuperNorte;2022-08-07;SnackHouse Distribuicao;snacks;42,0;bebidas
298;956;2026-05-05;1319,73;Atlantico Market;2023-03-05;Padaria Industrial;bakery supplies;;higiene
178;114;2024-02-28;6204,01;Atlantico Market;2023-12-25;Congelados Norte;frozen goods;;padaria
434;421;2032-01-28;2523,52;Mercado Central;2025-07-06;Lacteos do Vale;dairy;95,0;congelados
184;268;2033-02-20;5256,5;Atlantico Market;2024-11-20;Peixe Fresco Iberico;seafood;118,0;talho
391;160;2026-06-03;2918,01;FreshMart Gaia;2024-03-07;Casa Verde Horticolas;produce;;fruta e legumes
305;26;2031-06-20;914,68;Nova Compra;2023-08-27;Padaria Industrial;bakery supplies;;bebidas
143;435;2027-10-29;1432,2;Nova Compra;2025-12-20;Higiene Plus;cleaning products;128,0;peixaria
491;744;2025-09-23;5938,41;Nova Compra;2024-07-19;Congelados Norte;frozen goods;;higiene
154;178;2029-01-01;6329,8;Atlantico Market;2025-10-16;Peixe Fresco Iberico;seafood;184,0;padaria
493;204;2031-05-12;1897,59;FreshMart Gaia;2025-06-26;Congelados Norte;frozen goods;;talho
51;915;2027-08-16;2196,18;SuperNorte;2021-10-07;Higiene Plus;cleaning products;112,0;padaria
180;509;2028-06-11;2902,27;BomPreco;2023-10-07;SnackHouse Distribuicao;snacks;;talho
405;544;2025-05-25;1886,29;SuperNorte;2023-01-07;Congelados Norte;frozen goods;22,0;padaria
283;839;2028-11-12;1031,79;FreshMart Gaia;2022-11-06;SnackHouse Distribuicao;snacks;43,0;higiene
357;951;2025-07-10;4000,0;SuperNorte;2021-05-17;Lacteos do Vale;dairy;;congelados
37;305;2024-02-28;1526,33;FreshMart Gaia;2022-12-13;Higiene Plus;cleaning products;15,0;bebidas
182;709;2028-09-12;1652,64;Mercado Central;2021-08-07;SnackHouse Distribuicao;snacks;85,0;padaria
213;815;2032-03-20;1134,94;SuperNorte;2022-08-14;Higiene Plus;cleaning products;19,0;talho
488;94;2022-04-22;2704,18;Mercado Central;2022-02-12;Congelados Norte;frozen goods;;higiene
410;651;2033-03-07;1969,89;Mercado Central;2025-10-07;Lacteos do Vale;dairy;;congelados
239;824;2031-10-06;6666,57;Nova Compra;2022-04-05;Congelados Norte;frozen goods;120,0;mercearia
495;868;2023-02-16;6454,3;SuperNorte;2022-10-02;Peixe Fresco Iberico;seafood;110,0;peixaria
252;320;2026-01-17;2434,68;BomPreco;2022-11-20;Casa Verde Horticolas;produce;;congelados
207;293;2025-11-20;7000,0;SuperNorte;2022-08-16;Bebidas Lusas;beverages;;mercearia
414;529;2028-11-16;1270,69;BomPreco;2025-05-11;SnackHouse Distribuicao;snacks;;talho
42;629;2031-10-20;1890,93;BomPreco;2022-11-03;SnackHouse Distribuicao;snacks;;talho
247;435;2021-05-17;2160,7;FreshMart Gaia;2021-04-17;Higiene Plus;cleaning products;173,0;peixaria
180;698;2028-08-12;4271,63;BomPreco;2023-10-07;Peixe Fresco Iberico;seafood;;laticinios
299;998;2034-03-11;7042,24;Nova Compra;2025-02-06;Peixe Fresco Iberico;seafood;;mercearia
179;944;2032-03-18;8000,0;Nova Compra;2024-10-24;Congelados Norte;frozen goods;;fruta e legumes
281;834;2031-02-22;3689,54;Nova Compra;2024-07-19;Congelados Norte;frozen goods;;mercearia
191;477;2027-08-03;8733,4;Nova Compra;2024-01-10;Carnes Selectas;meat;;peixaria
166;407;2028-04-13;5067,7;Atlantico Market;2024-12-15;Carnes Selectas;meat;192,0;mercearia
412;775;2029-08-05;2500,0;Atlantico Market;2024-08-06;Higiene Plus;cleaning products;36,0;laticinios
245;525;2030-02-23;655,73;Nova Compra;2024-07-08;Higiene Plus;cleaning products;;peixaria
194;468;2035-08-08;6692,8;Mercado Central;2025-10-06;Peixe Fresco Iberico;seafood;;padaria
239;847;2022-08-10;2775,73;Nova Compra;2022-04-05;Carnes Selectas;meat;120,0;mercearia
249;893;2025-08-02;2735,63;SuperNorte;2023-09-28;Bebidas Lusas;beverages;27,0;laticinios
157;284;2034-02-02;3128,48;FreshMart Gaia;2024-10-04;Congelados Norte;frozen goods;;mercearia
323;330;2025-06-04;1640,59;Nova Compra;2021-06-14;Casa Verde Horticolas;produce;82,0;talho
197;252;2025-08-31;1083,78;Nova Compra;2023-07-18;Frutaria Atlantica;produce;;peixaria
494;223;2033-04-28;3630,87;Mercado Central;2024-11-22;Bebidas Lusas;beverages;;laticinios
65;106;2025-10-09;1230,24;Nova Compra;2024-07-21;Padaria Industrial;bakery supplies;;peixaria
69;142;2024-03-02;928,51;SuperNorte;2021-06-05;Frutaria Atlantica;produce;;higiene
425;949;2030-03-17;1239,93;Nova Compra;2022-01-23;SnackHouse Distribuicao;snacks;;peixaria
56;456;2025-05-17;1800,0;Mercado Central;2023-09-26;Padaria Industrial;bakery supplies;78,0;bebidas
56;456;2024-03-23;1159,69;Mercado Central;2023-09-26;Padaria Industrial;bakery supplies;134,0;fruta e legumes
286;814;2031-10-15;1897,68;Atlantico Market;2026-01-18;Congelados Norte;frozen goods;;padaria
374;345;2023-04-14;732,16;Mercado Central;2023-02-24;Higiene Plus;cleaning products;;fruta e legumes
64;257;2032-04-20;5977,82;Atlantico Market;2025-08-22;Carnes Selectas;meat;;padaria
366;917;2022-09-02;5650,24;BomPreco;2021-10-13;Carnes Selectas;meat;;fruta e legumes
47;924;2032-11-07;3301,13;Nova Compra;2025-02-04;Congelados Norte;frozen goods;86,0;congelados
321;577;2028-01-10;10000,0;SuperNorte;2022-07-21;Carnes Selectas;meat;77,0;congelados
489;587;2032-04-07;10000,0;SuperNorte;2023-09-27;Carnes Selectas;meat;;mercearia
78;400;2024-12-01;1642,49;BomPreco;2022-12-29;Casa Verde Horticolas;produce;46,0;talho
81;783;2026-07-18;5554,38;SuperNorte;2024-04-22;Bebidas Lusas;beverages;130,0;padaria
500;435;2028-10-21;2083,14;Mercado Central;2022-04-18;Higiene Plus;cleaning products;;congelados
244;279;2028-04-13;2653,6;Atlantico Market;2023-01-21;SnackHouse Distribuicao;snacks;133,0;higiene
244;279;2032-05-17;1237,06;Atlantico Market;2023-01-21;SnackHouse Distribuicao;snacks;168,0;bebidas
46;900;2026-08-21;3500,0;Atlantico Market;2023-02-06;Casa Verde Horticolas;produce;;padaria
459;806;2031-05-31;969,6;SuperNorte;2023-06-20;Padaria Industrial;bakery supplies;;padaria
208;447;2025-02-13;6529,27;Atlantico Market;2024-12-15;Carnes Selectas;meat;176,0;congelados
199;488;2023-06-05;6505,98;FreshMart Gaia;2022-06-22;Peixe Fresco Iberico;seafood;;peixaria
127;657;2025-12-29;5071,01;FreshMart Gaia;2022-10-25;Carnes Selectas;meat;;peixaria
198;899;2034-03-04;1870,22;BomPreco;2025-11-21;SnackHouse Distribuicao;snacks;;talho
26;953;2023-12-28;2199,23;Mercado Central;2022-05-29;Bebidas Lusas;beverages;;talho
345;391;2034-07-15;885,55;SuperNorte;2025-10-09;Lacteos do Vale;dairy;;padaria
199;470;2023-12-23;1680,62;FreshMart Gaia;2022-06-22;Casa Verde Horticolas;produce;;fruta e legumes
112;557;2023-03-28;3633,54;Atlantico Market;2022-05-22;Carnes Selectas;meat;40,0;padaria
342;328;2023-11-26;8315,98;BomPreco;2021-05-14;Peixe Fresco Iberico;seafood;196,0;higiene
314;705;2024-11-07;1671,4;Mercado Central;2024-07-14;Higiene Plus;cleaning products;;higiene
440;366;2028-08-23;1006,08;Mercado Central;2021-09-09;Padaria Industrial;bakery supplies;;peixaria
184;672;2029-04-19;3500,0;Atlantico Market;2024-11-20;Frutaria Atlantica;produce;118,0;talho
155;833;2023-12-28;3739,51;Nova Compra;2021-06-09;Bebidas Lusas;beverages;121,0;padaria
497;123;2025-09-02;1945,63;Nova Compra;2024-09-10;Bebidas Lusas;beverages;105,0;bebidas
447;539;2026-02-03;1492,03;SuperNorte;2023-10-11;SnackHouse Distribuicao;snacks;64,0;talho
259;701;2026-08-07;3641,53;FreshMart Gaia;2025-05-28;Lacteos do Vale;dairy;39,0;mercearia
259;701;2028-03-11;920,86;FreshMart Gaia;2025-05-28;Lacteos do Vale;dairy;96,0;bebidas
242;569;2025-11-24;1581,63;Mercado Central;2022-10-19;SnackHouse Distribuicao;snacks;;laticinios
423;202;2029-07-21;2396,82;SuperNorte;2022-05-09;Frutaria Atlantica;produce;14,0;congelados
423;202;2030-07-03;3500,0;SuperNorte;2022-05-09;Frutaria Atlantica;produce;55,0;talho
210;819;2029-03-04;2841,95;BomPreco;2023-03-24;SnackHouse Distribuicao;snacks;;bebidas
339;354;2030-02-04;4564,42;SuperNorte;2022-10-13;Congelados Norte;frozen goods;155,0;peixaria
365;234;2023-09-07;5435,53;Nova Compra;2023-06-30;Congelados Norte;frozen goods;;bebidas
276;555;2025-06-10;585,37;BomPreco;2021-06-07;Higiene Plus;cleaning products;;peixaria
326;674;2027-11-13;2681,13;Mercado Central;2024-09-07;Congelados Norte;frozen goods;;talho
86;469;2026-05-31;2211,58;Mercado Central;2025-11-24;SnackHouse Distribuicao;snacks;;mercearia
315;735;2031-07-27;1478,43;SuperNorte;2025-10-02;Higiene Plus;cleaning products;;higiene
431;466;2030-11-20;1138,75;Nova Compra;2024-03-23;Padaria Industrial;bakery supplies;194,0;congelados
33;89;2028-10-15;1675,53;SuperNorte;2024-06-15;SnackHouse Distribuicao;snacks;;bebidas
37;674;2023-08-01;4290,16;FreshMart Gaia;2022-12-13;Congelados Norte;frozen goods;15,0;bebidas
444;344;2029-07-05;4503,86;BomPreco;2025-11-27;Congelados Norte;frozen goods;164,0;peixaria
195;612;2029-04-21;1150,24;SuperNorte;2022-02-10;Frutaria Atlantica;produce;162,0;laticinios
29;26;2033-08-12;902,11;Nova Compra;2025-01-17;Padaria Industrial;bakery supplies;;bebidas
305;422;2025-06-08;1056,9;Nova Compra;2023-08-27;Frutaria Atlantica;produce;;mercearia
197;631;2026-06-23;1626,86;Nova Compra;2023-07-18;Lacteos do Vale;dairy;;padaria
33;48;2024-11-27;11133,51;SuperNorte;2024-06-15;Peixe Fresco Iberico;seafood;;mercearia
402;807;2032-02-21;4978,16;BomPreco;2023-09-28;Carnes Selectas;meat;;congelados
353;849;2022-06-20;2157,4;Nova Compra;2021-02-20;SnackHouse Distribuicao;snacks;;padaria
359;578;2024-06-25;6846,14;Nova Compra;2021-05-09;Peixe Fresco Iberico;seafood;;peixaria
10;162;2032-12-21;1555,79;Atlantico Market;2024-07-05;Frutaria Atlantica;produce;;bebidas
82;673;2025-12-28;2381,9;Atlantico Market;2023-01-31;Bebidas Lusas;beverages;54,0;laticinios
42;210;2025-04-25;1545,21;BomPreco;2022-11-03;Casa Verde Horticolas;produce;;peixaria
460;633;2034-03-31;4072,21;Atlantico Market;2024-04-23;Bebidas Lusas;beverages;;peixaria
67;227;2027-08-20;7010,91;FreshMart Gaia;2023-11-18;Carnes Selectas;meat;;laticinios
4;744;2029-10-24;4543,36;Atlantico Market;2024-06-23;Congelados Norte;frozen goods;;padaria
416;790;2025-03-28;2478,0;Mercado Central;2021-10-24;Casa Verde Horticolas;produce;;mercearia
488;529;2022-04-22;832,52;Mercado Central;2022-02-12;SnackHouse Distribuicao;snacks;;laticinios
9;571;2026-12-30;3175,5;SuperNorte;2022-10-26;Lacteos do Vale;dairy;23,0;congelados
399;834;2026-01-04;2588,04;SuperNorte;2024-04-02;Congelados Norte;frozen goods;;laticinios
136;229;2023-02-01;2568,58;Atlantico Market;2021-09-27;SnackHouse Distribuicao;snacks;;fruta e legumes
264;902;2032-12-28;2319,31;BomPreco;2024-03-30;Frutaria Atlantica;produce;;congelados
227;147;2030-08-24;2327,54;Nova Compra;2022-03-15;Carnes Selectas;meat;;fruta e legumes
327;678;2023-08-27;9056,07;SuperNorte;2023-06-01;Peixe Fresco Iberico;seafood;94,0;padaria
189;685;2032-08-22;2151,68;SuperNorte;2024-04-27;Higiene Plus;cleaning products;;peixaria
46;631;2024-09-28;3786,77;Atlantico Market;2023-02-06;Lacteos do Vale;dairy;;padaria
160;634;2029-10-22;3042,7;Atlantico Market;2024-12-25;Congelados Norte;frozen goods;;congelados
128;410;2025-06-22;2005,55;Mercado Central;2021-12-26;Casa Verde Horticolas;produce;;fruta e legumes
116;633;2030-03-06;5125,65;Mercado Central;2022-10-19;Bebidas Lusas;beverages;;mercearia
295;93;2030-10-05;5223,16;FreshMart Gaia;2024-02-12;Bebidas Lusas;beverages;;bebidas
315;607;2029-05-22;6492,73;SuperNorte;2025-10-02;Carnes Selectas;meat;;padaria
3;959;2024-09-15;1361,77;SuperNorte;2022-12-19;SnackHouse Distribuicao;snacks;;higiene
419;180;2030-12-23;2885,68;Nova Compra;2026-02-16;Casa Verde Horticolas;produce;74,0;peixaria
202;240;2032-03-09;2893,32;Atlantico Market;2022-03-22;Casa Verde Horticolas;produce;;peixaria
262;794;2024-02-06;4011,6;Atlantico Market;2023-03-24;Congelados Norte;frozen goods;;congelados
436;657;2030-05-31;3795,44;Atlantico Market;2023-12-11;Carnes Selectas;meat;189,0;laticinios
444;145;2031-09-19;990,94;BomPreco;2025-11-27;Higiene Plus;cleaning products;164,0;peixaria
390;986;2021-05-27;1800,0;BomPreco;2021-05-05;Padaria Industrial;bakery supplies;;laticinios
9;73;2025-07-25;5752,08;SuperNorte;2022-10-26;Bebidas Lusas;beverages;23,0;congelados
358;385;2031-04-10;1362,66;Atlantico Market;2024-06-13;Higiene Plus;cleaning products;;laticinios
456;313;2025-08-22;3428,52;BomPreco;2025-06-07;Bebidas Lusas;beverages;;padaria
447;361;2029-07-24;970,24;SuperNorte;2023-10-11;Lacteos do Vale;dairy;64,0;talho
417;984;2026-03-09;4139,75;SuperNorte;2023-07-19;Congelados Norte;frozen goods;;fruta e legumes
413;341;2028-12-23;1257,93;Nova Compra;2025-04-04;Lacteos do Vale;dairy;79,0;higiene
413;341;2030-07-02;2309,47;Nova Compra;2025-04-04;Lacteos do Vale;dairy;81,0;laticinios
480;209;2027-10-31;2812,68;BomPreco;2022-01-15;SnackHouse Distribuicao;snacks;;fruta e legumes
270;564;2025-03-18;2766,03;BomPreco;2022-05-19;Congelados Norte;frozen goods;190,0;talho
76;736;2028-07-18;1113,34;Atlantico Market;2022-03-16;Padaria Industrial;bakery supplies;180,0;laticinios
118;130;2023-07-14;2898,48;Atlantico Market;2022-07-18;Casa Verde Horticolas;produce;;padaria
156;920;2034-03-07;2042,79;BomPreco;2026-01-04;Casa Verde Horticolas;produce;48,0;mercearia
217;735;2024-08-10;1086,17;FreshMart Gaia;2021-10-15;Higiene Plus;cleaning products;171,0;laticinios
119;411;2030-01-15;2160,07;Nova Compra;2024-10-31;Lacteos do Vale;dairy;;mercearia
161;187;2025-08-23;8307,52;Nova Compra;2021-02-26;Carnes Selectas;meat;;fruta e legumes
43;550;2027-09-05;2082,03;FreshMart Gaia;2025-06-14;Casa Verde Horticolas;produce;;fruta e legumes
440;546;2025-10-30;998,48;Mercado Central;2021-09-09;Padaria Industrial;bakery supplies;;peixaria
420;822;2025-07-21;3112,57;BomPreco;2021-05-15;Frutaria Atlantica;produce;;mercearia
213;214;2022-11-20;5421,26;SuperNorte;2022-08-14;Congelados Norte;frozen goods;19,0;talho
230;156;2031-03-31;581,99;Mercado Central;2025-02-06;Padaria Industrial;bakery supplies;;padaria
262;693;2024-05-03;4982,3;Atlantico Market;2023-03-24;Bebidas Lusas;beverages;;padaria
98;341;2025-10-24;3296,2;Mercado Central;2022-12-11;Lacteos do Vale;dairy;;laticinios
13;802;2026-04-04;1060,13;FreshMart Gaia;2022-10-16;Frutaria Atlantica;produce;;mercearia
287;776;2026-11-19;360,26;Nova Compra;2024-10-19;Padaria Industrial;bakery supplies;83,0;peixaria
379;25;2027-01-07;860,35;FreshMart Gaia;2024-02-27;Higiene Plus;cleaning products;;laticinios
406;118;2024-12-27;6207,0;Atlantico Market;2022-12-02;Peixe Fresco Iberico;seafood;93,0;mercearia
237;590;2025-10-21;2914,19;SuperNorte;2025-07-18;Casa Verde Horticolas;produce;;fruta e legumes
218;387;2033-04-18;3616,37;Mercado Central;2025-07-13;Carnes Selectas;meat;;bebidas
303;522;2029-10-28;2374,98;SuperNorte;2025-02-15;Frutaria Atlantica;produce;;congelados
266;582;2025-06-20;503,39;Mercado Central;2022-11-17;Frutaria Atlantica;produce;;higiene
196;479;2035-06-15;1789,46;Atlantico Market;2025-12-17;SnackHouse Distribuicao;snacks;4,0;padaria
196;479;2032-07-11;1374,02;Atlantico Market;2025-12-17;SnackHouse Distribuicao;snacks;159,0;bebidas
443;677;2026-02-10;10000,0;Nova Compra;2025-05-20;Carnes Selectas;meat;;laticinios
32;836;2032-11-26;426,8;Mercado Central;2023-07-31;Padaria Industrial;bakery supplies;;mercearia
314;780;2027-03-27;1837,97;Mercado Central;2024-07-14;Casa Verde Horticolas;produce;;talho
334;942;2028-02-29;787,4;Atlantico Market;2024-10-12;Frutaria Atlantica;produce;127,0;talho
243;193;2029-12-25;2928,2;SuperNorte;2025-04-24;Bebidas Lusas;beverages;;peixaria
221;223;2025-02-10;1744,1;Nova Compra;2022-05-20;Bebidas Lusas;beverages;;padaria
99;149;2028-10-12;3000,0;SuperNorte;2025-09-02;SnackHouse Distribuicao;snacks;;peixaria
84;60;2024-07-21;1576,47;BomPreco;2022-05-29;Casa Verde Horticolas;produce;;padaria
1;29;2023-12-13;1500,52;FreshMart Gaia;2023-11-13;SnackHouse Distribuicao;snacks;;peixaria
105;323;2024-08-09;3678,58;SuperNorte;2022-01-11;Bebidas Lusas;beverages;;congelados
171;642;2027-10-26;1111,45;SuperNorte;2025-12-02;Frutaria Atlantica;produce;13,0;padaria
232;994;2024-07-11;6913,48;Atlantico Market;2021-05-12;Congelados Norte;frozen goods;;bebidas
330;724;2025-09-18;5735,66;BomPreco;2025-02-18;Congelados Norte;frozen goods;;bebidas
99;778;2031-08-23;9824,45;SuperNorte;2025-09-02;Peixe Fresco Iberico;seafood;;higiene
6;454;2035-01-27;2485,64;BomPreco;2026-02-05;Congelados Norte;frozen goods;;talho
62;7;2028-07-17;9000,6;Mercado Central;2023-12-03;Carnes Selectas;meat;186,0;bebidas
183;770;2027-09-18;2927,4;SuperNorte;2022-11-01;Casa Verde Horticolas;produce;178,0;higiene
244;215;2025-07-13;1238,47;Atlantico Market;2023-01-21;Higiene Plus;cleaning products;133,0;higiene
244;215;2023-11-28;2056,93;Atlantico Market;2023-01-21;Higiene Plus;cleaning products;168,0;bebidas
456;440;2034-12-04;2091,51;BomPreco;2025-06-07;Casa Verde Horticolas;produce;;padaria
310;296;2028-03-12;488,07;Atlantico Market;2022-09-29;Padaria Industrial;bakery supplies;;peixaria
377;774;2024-11-13;3960,43;Nova Compra;2023-06-29;Congelados Norte;frozen goods;;peixaria
235;811;2022-09-16;1731,15;FreshMart Gaia;2022-03-04;Lacteos do Vale;dairy;;higiene
23;611;2030-11-14;2234,25;Nova Compra;2023-11-14;Lacteos do Vale;dairy;;higiene
435;253;2033-09-25;5937,35;SuperNorte;2024-08-06;Bebidas Lusas;beverages;;bebidas
118;694;2029-12-02;2054,46;Atlantico Market;2022-07-18;Congelados Norte;frozen goods;;talho
454;296;2025-02-17;819,05;Atlantico Market;2022-02-05;Padaria Industrial;bakery supplies;;laticinios
323;245;2028-05-10;949,92;Nova Compra;2021-06-14;Higiene Plus;cleaning products;82,0;talho
38;663;2023-04-30;2641,26;Mercado Central;2022-04-17;Bebidas Lusas;beverages;140,0;congelados
349;282;2026-02-15;1277,35;FreshMart Gaia;2023-10-31;Frutaria Atlantica;produce;;fruta e legumes
388;531;2032-05-19;2216,98;Atlantico Market;2022-12-28;Lacteos do Vale;dairy;;padaria
310;41;2025-04-08;2720,72;Atlantico Market;2022-09-29;Lacteos do Vale;dairy;;peixaria
235;980;2030-05-12;2163,94;FreshMart Gaia;2022-03-04;Casa Verde Horticolas;produce;;bebidas
83;763;2025-08-15;4076,78;Nova Compra;2025-01-15;Bebidas Lusas;beverages;157,0;padaria
83;763;2025-08-15;4960,67;Nova Compra;2025-01-15;Bebidas Lusas;beverages;182,0;peixaria
383;35;2023-07-29;2500,0;Nova Compra;2023-04-24;Higiene Plus;cleaning products;;padaria
408;53;2024-11-22;3986,47;BomPreco;2022-04-15;Bebidas Lusas;beverages;;peixaria
362;453;2025-12-22;5937,38;Mercado Central;2021-04-28;Bebidas Lusas;beverages;144,0;laticinios
314;610;2029-03-17;2854,99;Mercado Central;2024-07-14;Casa Verde Horticolas;produce;;congelados
423;414;2025-09-28;8000,0;SuperNorte;2022-05-09;Congelados Norte;frozen goods;14,0;congelados
423;414;2025-09-28;5533,65;SuperNorte;2022-05-09;Congelados Norte;frozen goods;55,0;talho
60;549;2022-11-23;1128,44;BomPreco;2021-08-03;SnackHouse Distribuicao;snacks;;mercearia
345;65;2032-03-31;1577,2;SuperNorte;2025-10-09;Higiene Plus;cleaning products;;mercearia
183;122;2024-08-27;2071,34;SuperNorte;2022-11-01;Frutaria Atlantica;produce;178,0;higiene
146;83;2025-06-24;5411,83;Mercado Central;2022-01-30;Bebidas Lusas;beverages;;mercearia
451;787;2023-04-02;3645,05;FreshMart Gaia;2022-01-11;Carnes Selectas;meat;63,0;laticinios
430;71;2025-03-06;3801,18;Atlantico Market;2025-03-04;Lacteos do Vale;dairy;53,0;fruta e legumes
430;71;2025-03-06;2155,07;Atlantico Market;2025-03-04;Lacteos do Vale;dairy;183,0;mercearia
91;420;2027-02-07;2699,07;FreshMart Gaia;2025-05-06;Casa Verde Horticolas;produce;92,0;peixaria
413;112;2032-01-20;2126,63;Nova Compra;2025-04-04;Frutaria Atlantica;produce;79,0;higiene
413;112;2031-12-08;1954,92;Nova Compra;2025-04-04;Frutaria Atlantica;produce;81,0;laticinios
387;528;2031-09-14;7221,32;SuperNorte;2022-10-15;Peixe Fresco Iberico;seafood;66,0;mercearia
372;952;2032-10-08;2503,23;BomPreco;2025-04-26;Frutaria Atlantica;produce;;peixaria
429;238;2025-06-26;12000,0;SuperNorte;2021-08-21;Peixe Fresco Iberico;seafood;;peixaria
460;613;2025-12-22;1512,76;Atlantico Market;2024-04-23;Bebidas Lusas;beverages;;higiene
29;664;2027-02-09;5482,8;Nova Compra;2025-01-17;Congelados Norte;frozen goods;;congelados
93;252;2023-12-04;1886,97;SuperNorte;2023-02-02;Frutaria Atlantica;produce;102,0;mercearia
137;705;2023-12-25;1269,67;Nova Compra;2021-03-16;Higiene Plus;cleaning products;150,0;bebidas
354;582;2033-05-22;638,72;BomPreco;2025-11-02;Frutaria Atlantica;produce;;fruta e legumes
400;618;2021-11-17;8439,27;Atlantico Market;2021-10-07;Peixe Fresco Iberico;seafood;;fruta e legumes
396;252;2034-08-04;1748,83;BomPreco;2025-10-21;Frutaria Atlantica;produce;57,0;mercearia
491;438;2030-03-29;4465,18;Nova Compra;2024-07-19;Peixe Fresco Iberico;seafood;;padaria
54;492;2023-04-11;1885,7;BomPreco;2021-08-12;Frutaria Atlantica;produce;;higiene
227;529;2030-10-23;1446,32;Nova Compra;2022-03-15;SnackHouse Distribuicao;snacks;;peixaria
401;422;2026-01-29;844,6;Nova Compra;2025-07-23;Frutaria Atlantica;produce;;bebidas
263;839;2025-08-07;1716,79;Nova Compra;2022-05-13;SnackHouse Distribuicao;snacks;47,0;peixaria
274;197;2024-06-19;7010,66;Atlantico Market;2021-09-17;Carnes Selectas;meat;;mercearia
321;218;2024-06-24;5076,63;SuperNorte;2022-07-21;Peixe Fresco Iberico;seafood;77,0;congelados
277;982;2031-06-29;2081,22;FreshMart Gaia;2026-02-03;Frutaria Atlantica;produce;;congelados
345;571;2031-12-10;2257,18;SuperNorte;2025-10-09;Lacteos do Vale;dairy;;mercearia
230;305;2030-02-26;2201,03;Mercado Central;2025-02-06;Higiene Plus;cleaning products;;peixaria
227;77;2022-07-12;5153,82;Nova Compra;2022-03-15;Carnes Selectas;meat;;peixaria
29;985;2030-05-13;1971,8;Nova Compra;2025-01-17;Higiene Plus;cleaning products;;peixaria
439;46;2031-03-11;868,48;FreshMart Gaia;2026-01-08;Padaria Industrial;bakery supplies;;peixaria
169;777;2034-09-14;10000,0;FreshMart Gaia;2025-07-10;Carnes Selectas;meat;;higiene
283;461;2025-12-28;1766,3;FreshMart Gaia;2022-11-06;Lacteos do Vale;dairy;43,0;higiene
12;152;2029-01-26;1359,25;BomPreco;2024-07-15;Frutaria Atlantica;produce;;congelados
483;338;2032-09-16;6212,61;SuperNorte;2025-01-22;Peixe Fresco Iberico;seafood;;talho
366;282;2022-03-11;1333,19;BomPreco;2021-10-13;Frutaria Atlantica;produce;;talho
44;365;2027-06-02;783,93;Mercado Central;2024-10-03;Higiene Plus;cleaning products;56,0;peixaria
268;360;2035-04-06;2566,66;Atlantico Market;2025-06-15;Casa Verde Horticolas;produce;;fruta e legumes
276;122;2023-09-10;466,26;BomPreco;2021-06-07;Frutaria Atlantica;produce;;congelados
65;262;2033-12-27;1339,5;Nova Compra;2024-07-21;Frutaria Atlantica;produce;;laticinios
262;161;2027-02-19;1175,48;Atlantico Market;2023-03-24;Lacteos do Vale;dairy;;bebidas
327;504;2024-01-11;4584,09;SuperNorte;2023-06-01;Congelados Norte;frozen goods;94,0;padaria
350;57;2034-03-06;2016,37;Mercado Central;2025-07-14;Carnes Selectas;meat;;bebidas
401;557;2028-08-08;6909,74;Nova Compra;2025-07-23;Carnes Selectas;meat;;talho
71;770;2033-10-23;2485,38;Nova Compra;2024-03-23;Casa Verde Horticolas;produce;136,0;talho
99;269;2031-02-19;791,44;SuperNorte;2025-09-02;SnackHouse Distribuicao;snacks;;laticinios
108;30;2022-12-22;2015,68;BomPreco;2021-06-26;Casa Verde Horticolas;produce;;bebidas
19;257;2025-02-18;6811,59;FreshMart Gaia;2023-01-09;Carnes Selectas;meat;160,0;higiene
160;473;2033-09-20;5725,28;Atlantico Market;2024-12-25;Bebidas Lusas;beverages;;higiene
128;27;2027-10-27;2788,16;Mercado Central;2021-12-26;Carnes Selectas;meat;;mercearia
413;863;2033-01-12;1817,46;Nova Compra;2025-04-04;Bebidas Lusas;beverages;79,0;higiene
413;863;2029-09-02;7000,0;Nova Compra;2025-04-04;Bebidas Lusas;beverages;81,0;laticinios
351;157;2029-06-25;3730,52;SuperNorte;2021-03-14;Carnes Selectas;meat;;talho
475;42;2032-08-14;1459,15;FreshMart Gaia;2025-02-17;Frutaria Atlantica;produce;124,0;higiene
122;315;2029-02-11;1828,23;Mercado Central;2022-11-09;Higiene Plus;cleaning products;30,0;mercearia
129;238;2030-03-31;3840,73;SuperNorte;2021-08-18;Peixe Fresco Iberico;seafood;;fruta e legumes
145;147;2024-05-16;4791,13;FreshMart Gaia;2023-11-02;Carnes Selectas;meat;131,0;congelados
145;147;2024-05-16;8066,21;FreshMart Gaia;2023-11-02;Carnes Selectas;meat;177,0;bebidas
248;90;2031-02-27;975,98;Mercado Central;2025-02-23;Casa Verde Horticolas;produce;8,0;fruta e legumes
181;799;2022-07-06;1317,55;FreshMart Gaia;2021-08-25;SnackHouse Distribuicao;snacks;113,0;congelados
81;7;2024-12-24;3252,34;SuperNorte;2024-04-22;Carnes Selectas;meat;130,0;padaria
116;916;2030-03-22;705,91;Mercado Central;2022-10-19;Padaria Industrial;bakery supplies;;congelados
312;272;2029-04-14;3154,18;BomPreco;2025-12-24;Frutaria Atlantica;produce;;congelados
152;656;2033-10-21;1800,0;Mercado Central;2023-11-30;Padaria Industrial;bakery supplies;;mercearia
3;798;2032-11-27;7299,66;SuperNorte;2022-12-19;Peixe Fresco Iberico;seafood;;mercearia
438;343;2026-01-04;4764,77;BomPreco;2022-04-17;Bebidas Lusas;beverages;116,0;fruta e legumes
310;682;2031-10-06;2321,86;Atlantico Market;2022-09-29;Frutaria Atlantica;produce;;higiene
267;767;2028-06-20;3990,23;SuperNorte;2025-12-26;Carnes Selectas;meat;;higiene
12;543;2029-11-22;4174,2;BomPreco;2024-07-15;Bebidas Lusas;beverages;;higiene
37;829;2024-11-15;921,17;FreshMart Gaia;2022-12-13;SnackHouse Distribuicao;snacks;15,0;bebidas
132;239;2024-04-18;1071,89;BomPreco;2022-11-23;SnackHouse Distribuicao;snacks;76,0;padaria
326;73;2028-01-01;3606,35;Mercado Central;2024-09-07;Bebidas Lusas;beverages;;peixaria
329;13;2027-08-04;2326,39;Nova Compra;2023-01-15;Bebidas Lusas;beverages;198,0;laticinios
309;341;2030-04-27;1212,57;SuperNorte;2024-03-19;Lacteos do Vale;dairy;;higiene
227;408;2022-05-12;4718,3;Nova Compra;2022-03-15;Peixe Fresco Iberico;seafood;;laticinios
408;720;2025-08-18;3098,86;BomPreco;2022-04-15;Casa Verde Horticolas;produce;;peixaria
439;953;2028-04-09;7000,0;FreshMart Gaia;2026-01-08;Bebidas Lusas;beverages;;bebidas
444;385;2028-07-06;1355,0;BomPreco;2025-11-27;Higiene Plus;cleaning products;164,0;peixaria
354;741;2026-01-05;2793,95;BomPreco;2025-11-02;Lacteos do Vale;dairy;;peixaria
440;693;2025-08-17;2910,09;Mercado Central;2021-09-09;Bebidas Lusas;beverages;;bebidas
71;180;2030-03-16;730,26;Nova Compra;2024-03-23;Casa Verde Horticolas;produce;136,0;talho
228;394;2029-02-22;2876,37;BomPreco;2025-05-03;Congelados Norte;frozen goods;44,0;fruta e legumes
465;703;2033-02-02;3264,16;SuperNorte;2024-12-20;Bebidas Lusas;beverages;;mercearia
206;267;2034-12-03;5753,65;Mercado Central;2025-04-19;Carnes Selectas;meat;;congelados
29;564;2031-06-22;4108,98;Nova Compra;2025-01-17;Congelados Norte;frozen goods;;talho
344;692;2022-07-02;1629,78;Mercado Central;2021-06-15;Frutaria Atlantica;produce;;laticinios
447;459;2024-03-29;1274,04;SuperNorte;2023-10-11;SnackHouse Distribuicao;snacks;64,0;talho
60;286;2022-03-06;1167,35;BomPreco;2021-08-03;Padaria Industrial;bakery supplies;;bebidas
86;867;2030-08-18;2923,11;Mercado Central;2025-11-24;Carnes Selectas;meat;;higiene
126;136;2023-02-28;1434,66;BomPreco;2022-12-13;Padaria Industrial;bakery supplies;;talho
266;944;2024-09-18;3302,76;Mercado Central;2022-11-17;Congelados Norte;frozen goods;;bebidas
36;258;2025-08-16;12000,0;BomPreco;2021-03-31;Peixe Fresco Iberico;seafood;;padaria
128;393;2030-03-02;3253,93;Mercado Central;2021-12-26;Bebidas Lusas;beverages;;mercearia
342;529;2025-10-30;1329,36;BomPreco;2021-05-14;SnackHouse Distribuicao;snacks;196,0;higiene
254;760;2032-07-27;1436,17;Mercado Central;2022-08-29;Casa Verde Horticolas;produce;90,0;laticinios
346;810;2022-06-18;1497,2;Atlantico Market;2021-02-27;Casa Verde Horticolas;produce;;fruta e legumes
364;498;2030-02-08;8542,51;Atlantico Market;2021-12-06;Peixe Fresco Iberico;seafood;;laticinios
174;609;2023-10-12;1618,91;BomPreco;2021-10-25;SnackHouse Distribuicao;snacks;52,0;higiene
174;609;2023-10-12;2572,72;BomPreco;2021-10-25;SnackHouse Distribuicao;snacks;163,0;talho
149;95;2026-01-14;1694,59;Nova Compra;2025-09-19;Higiene Plus;cleaning products;41,0;congelados
219;609;2032-09-29;1673,55;SuperNorte;2025-01-12;SnackHouse Distribuicao;snacks;175,0;padaria
404;723;2025-09-06;4435,26;Mercado Central;2024-09-04;Bebidas Lusas;beverages;;higiene
292;21;2030-05-21;3683,35;Atlantico Market;2023-07-16;Lacteos do Vale;dairy;17,0;fruta e legumes
305;856;2024-11-15;1343,82;Nova Compra;2023-08-27;Padaria Industrial;bakery supplies;;higiene
65;383;2030-10-03;4254,62;Nova Compra;2024-07-21;Bebidas Lusas;beverages;;peixaria
457;761;2023-03-25;2600,5;FreshMart Gaia;2022-06-06;Lacteos do Vale;dairy;107,0;fruta e legumes
381;463;2025-01-05;2232,33;SuperNorte;2021-05-16;Bebidas Lusas;beverages;;laticinios
326;455;2031-09-29;2500,0;Mercado Central;2024-09-07;Higiene Plus;cleaning products;;padaria
491;202;2024-08-21;2346,31;Nova Compra;2024-07-19;Frutaria Atlantica;produce;;talho
374;325;2031-01-12;1823,97;Mercado Central;2023-02-24;Higiene Plus;cleaning products;;higiene
57;404;2025-09-24;4244,84;SuperNorte;2024-02-07;Congelados Norte;frozen goods;;mercearia
80;652;2022-06-15;657,89;Mercado Central;2021-08-21;Frutaria Atlantica;produce;;padaria
207;19;2025-06-25;1464,29;SuperNorte;2022-08-16;SnackHouse Distribuicao;snacks;;peixaria
307;10;2023-02-10;1914,32;FreshMart Gaia;2022-08-19;Casa Verde Horticolas;produce;197,0;fruta e legumes
320;875;2030-08-16;949,5;Mercado Central;2024-03-23;Higiene Plus;cleaning products;;fruta e legumes
283;319;2024-09-27;1134,94;FreshMart Gaia;2022-11-06;SnackHouse Distribuicao;snacks;43,0;higiene
423;615;2027-09-22;1180,33;SuperNorte;2022-05-09;Higiene Plus;cleaning products;14,0;congelados
423;615;2025-05-14;1945,74;SuperNorte;2022-05-09;Higiene Plus;cleaning products;55,0;talho
191;1;2024-05-26;3783,15;Nova Compra;2024-01-10;Lacteos do Vale;dairy;;higiene
340;339;2031-03-28;1781,95;Atlantico Market;2022-05-12;SnackHouse Distribuicao;snacks;68,0;congelados
340;339;2030-01-14;1278,2;Atlantico Market;2022-05-12;SnackHouse Distribuicao;snacks;151,0;higiene
225;231;2029-04-20;1826,49;SuperNorte;2025-06-18;Lacteos do Vale;dairy;97,0;higiene
427;361;2025-09-12;2248,49;FreshMart Gaia;2023-12-18;Lacteos do Vale;dairy;;talho
403;444;2021-10-06;4743,28;FreshMart Gaia;2021-04-09;Congelados Norte;frozen goods;;fruta e legumes
242;568;2023-11-15;7905,3;Mercado Central;2022-10-19;Peixe Fresco Iberico;seafood;;laticinios
121;425;2032-02-29;1128,33;FreshMart Gaia;2022-03-07;Higiene Plus;cleaning products;;higiene
67;602;2025-07-01;2347,54;FreshMart Gaia;2023-11-18;Frutaria Atlantica;produce;;talho
33;2;2031-08-10;2265,49;SuperNorte;2024-06-15;Frutaria Atlantica;produce;;laticinios
217;763;2024-01-03;3139,19;FreshMart Gaia;2021-10-15;Bebidas Lusas;beverages;171,0;laticinios
52;872;2026-09-08;853,35;Atlantico Market;2025-01-08;Frutaria Atlantica;produce;;peixaria
172;906;2033-01-06;671,51;Atlantico Market;2025-06-28;Padaria Industrial;bakery supplies;;peixaria
328;958;2034-02-05;12000,0;Atlantico Market;2024-05-28;Peixe Fresco Iberico;seafood;;mercearia
229;935;2024-01-03;641,69;FreshMart Gaia;2022-07-08;Higiene Plus;cleaning products;;laticinios
99;604;2028-03-27;7779,56;SuperNorte;2025-09-02;Congelados Norte;frozen goods;;congelados
370;44;2024-08-01;1975,37;Atlantico Market;2023-01-22;Congelados Norte;frozen goods;7,0;higiene
450;326;2023-01-29;706,16;BomPreco;2021-02-18;Padaria Industrial;bakery supplies;;talho
15;262;2025-06-05;1562,93;SuperNorte;2024-07-30;Frutaria Atlantica;produce;;padaria
12;708;2025-05-11;12000,0;BomPreco;2024-07-15;Peixe Fresco Iberico;seafood;;peixaria
225;769;2031-06-28;1669,52;SuperNorte;2025-06-18;SnackHouse Distribuicao;snacks;97,0;higiene
177;293;2032-09-06;3405,71;SuperNorte;2023-05-04;Bebidas Lusas;beverages;;higiene
304;252;2025-12-01;1214,44;Atlantico Market;2022-07-01;Frutaria Atlantica;produce;59,0;congelados
330;529;2032-04-24;2086,85;BomPreco;2025-02-18;SnackHouse Distribuicao;snacks;;higiene
338;154;2023-10-24;3414,02;Mercado Central;2023-02-16;Congelados Norte;frozen goods;;mercearia
287;740;2027-10-09;1668,85;Nova Compra;2024-10-19;Casa Verde Horticolas;produce;83,0;peixaria
170;883;2032-05-19;3191,52;Mercado Central;2024-11-23;Bebidas Lusas;beverages;149,0;congelados
323;48;2024-12-28;8986,65;Nova Compra;2021-06-14;Peixe Fresco Iberico;seafood;82,0;talho
315;19;2030-03-28;2324,67;SuperNorte;2025-10-02;SnackHouse Distribuicao;snacks;;padaria
480;452;2029-02-13;1239,26;BomPreco;2022-01-15;Frutaria Atlantica;produce;;congelados
348;787;2030-07-07;4071,99;BomPreco;2024-01-26;Carnes Selectas;meat;;bebidas
244;262;2026-08-25;1334,48;Atlantico Market;2023-01-21;Frutaria Atlantica;produce;133,0;higiene
244;262;2026-07-28;2009,11;Atlantico Market;2023-01-21;Frutaria Atlantica;produce;168,0;bebidas
108;366;2030-07-05;1503,83;BomPreco;2021-06-26;Padaria Industrial;bakery supplies;;peixaria
447;114;2024-06-09;4697,89;SuperNorte;2023-10-11;Congelados Norte;frozen goods;64,0;talho
488;368;2022-12-31;2425,43;Mercado Central;2022-02-12;Peixe Fresco Iberico;seafood;;bebidas
10;53;2024-09-11;5278,51;Atlantico Market;2024-07-05;Bebidas Lusas;beverages;;talho
124;422;2023-06-10;1008,17;Atlantico Market;2022-03-28;Frutaria Atlantica;produce;;talho
217;172;2024-03-19;1340,88;FreshMart Gaia;2021-10-15;Frutaria Atlantica;produce;171,0;laticinios
293;167;2030-11-21;5904,37;Nova Compra;2024-07-22;Carnes Selectas;meat;;peixaria
456;774;2027-01-02;4140,71;BomPreco;2025-06-07;Congelados Norte;frozen goods;;peixaria
107;169;2034-07-10;2443,68;Nova Compra;2025-07-14;SnackHouse Distribuicao;snacks;141,0;bebidas
107;169;2030-04-20;1253,5;Nova Compra;2025-07-14;SnackHouse Distribuicao;snacks;158,0;congelados
320;129;2031-09-18;1068,01;Mercado Central;2024-03-23;SnackHouse Distribuicao;snacks;;congelados
329;324;2030-06-27;3737,35;Nova Compra;2023-01-15;Congelados Norte;frozen goods;198,0;laticinios
94;525;2026-04-16;2134,24;Atlantico Market;2024-06-11;Higiene Plus;cleaning products;1,0;talho
94;525;2032-12-16;1825,41;Atlantico Market;2024-06-11;Higiene Plus;cleaning products;49,0;padaria
386;361;2025-12-16;2235,99;Mercado Central;2024-08-11;Lacteos do Vale;dairy;;higiene
335;327;2028-06-04;9806,86;Nova Compra;2024-12-25;Carnes Selectas;meat;139,0;padaria
147;413;2024-07-28;6277,31;SuperNorte;2022-01-01;Bebidas Lusas;beverages;;peixaria
55;159;2025-06-30;2352,77;FreshMart Gaia;2025-06-03;SnackHouse Distribuicao;snacks;;laticinios
182;283;2025-06-30;2207,06;Mercado Central;2021-08-07;Bebidas Lusas;beverages;85,0;padaria
438;146;2022-09-24;1422,56;BomPreco;2022-04-17;Padaria Industrial;bakery supplies;116,0;fruta e legumes
378;244;2023-12-13;3925,74;BomPreco;2021-04-27;Congelados Norte;frozen goods;137,0;peixaria
203;393;2028-06-30;3139,4;Nova Compra;2024-03-02;Bebidas Lusas;beverages;45,0;laticinios
466;994;2024-03-19;3162,83;Atlantico Market;2022-02-26;Congelados Norte;frozen goods;99,0;laticinios
135;698;2023-09-12;6016,64;SuperNorte;2022-07-27;Peixe Fresco Iberico;seafood;;talho
139;127;2026-03-02;4074,75;FreshMart Gaia;2023-09-26;Carnes Selectas;meat;148,0;padaria
366;340;2023-12-10;1996,86;BomPreco;2021-10-13;Casa Verde Horticolas;produce;;talho
33;684;2026-02-19;3978,05;SuperNorte;2024-06-15;Congelados Norte;frozen goods;;bebidas
28;608;2030-09-24;7178,17;Atlantico Market;2023-02-26;Peixe Fresco Iberico;seafood;;talho
410;42;2031-06-10;2373,01;Mercado Central;2025-10-07;Frutaria Atlantica;produce;;higiene
177;67;2032-07-02;4730,04;SuperNorte;2023-05-04;Carnes Selectas;meat;;mercearia
412;432;2034-06-25;1327,64;Atlantico Market;2024-08-06;Frutaria Atlantica;produce;36,0;laticinios
69;131;2021-06-19;871,61;SuperNorte;2021-06-05;Lacteos do Vale;dairy;;talho
494;539;2031-02-01;2333,97;Mercado Central;2024-11-22;SnackHouse Distribuicao;snacks;;higiene
186;535;2022-08-06;1424,61;BomPreco;2021-08-09;Higiene Plus;cleaning products;;fruta e legumes
469;12;2023-07-25;1709,0;FreshMart Gaia;2023-05-24;Frutaria Atlantica;produce;126,0;laticinios
302;493;2025-05-23;6354,21;Mercado Central;2023-08-01;Bebidas Lusas;beverages;;bebidas
369;510;2028-07-18;1035,98;SuperNorte;2024-02-08;Casa Verde Horticolas;produce;;mercearia
70;541;2025-11-10;2205,11;Atlantico Market;2021-12-25;Lacteos do Vale;dairy;;laticinios
4;27;2026-02-07;3499,33;Atlantico Market;2024-06-23;Carnes Selectas;meat;;bebidas
86;779;2031-10-27;2216,61;Mercado Central;2025-11-24;SnackHouse Distribuicao;snacks;;fruta e legumes
418;31;2032-04-17;789,55;Atlantico Market;2023-10-04;Lacteos do Vale;dairy;24,0;bebidas
204;235;2026-01-14;1974,39;BomPreco;2021-04-02;Higiene Plus;cleaning products;;peixaria
243;81;2027-09-03;3030,31;SuperNorte;2025-04-24;Lacteos do Vale;dairy;;laticinios
172;117;2033-06-08;3564,57;Atlantico Market;2025-06-28;Carnes Selectas;meat;;peixaria
226;851;2030-01-14;2215,15;Atlantico Market;2022-06-05;Lacteos do Vale;dairy;;padaria
353;745;2021-11-27;916,46;Nova Compra;2021-02-20;Higiene Plus;cleaning products;;talho
206;35;2025-11-29;1666,74;Mercado Central;2025-04-19;Higiene Plus;cleaning products;;laticinios
254;180;2024-11-30;2675,91;Mercado Central;2022-08-29;Casa Verde Horticolas;produce;90,0;laticinios
41;685;2030-01-12;874,78;Nova Compra;2024-05-01;Higiene Plus;cleaning products;;padaria
54;69;2022-10-21;920,57;BomPreco;2021-08-12;SnackHouse Distribuicao;snacks;;bebidas
306;541;2033-06-04;3521,42;BomPreco;2025-04-13;Lacteos do Vale;dairy;;padaria
389;598;2023-09-06;12000,0;Nova Compra;2023-02-14;Peixe Fresco Iberico;seafood;;laticinios
114;848;2030-08-30;8119,78;BomPreco;2025-03-11;Peixe Fresco Iberico;seafood;;bebidas
268;739;2028-09-12;2130,96;Atlantico Market;2025-06-15;SnackHouse Distribuicao;snacks;;peixaria
174;572;2025-10-20;1593,24;BomPreco;2021-10-25;Frutaria Atlantica;produce;52,0;higiene
174;572;2025-10-20;2006,11;BomPreco;2021-10-25;Frutaria Atlantica;produce;163,0;talho
217;422;2025-05-28;2166,28;FreshMart Gaia;2021-10-15;Frutaria Atlantica;produce;171,0;laticinios
177;129;2024-12-10;1519,86;SuperNorte;2023-05-04;SnackHouse Distribuicao;snacks;;talho
98;908;2028-05-04;11932,19;Mercado Central;2022-12-11;Peixe Fresco Iberico;seafood;;laticinios
142;929;2025-08-07;1786,59;Atlantico Market;2023-11-17;SnackHouse Distribuicao;snacks;;higiene
182;520;2022-03-17;2122,74;Mercado Central;2021-08-07;Casa Verde Horticolas;produce;85,0;padaria
175;419;2031-08-21;1534,02;FreshMart Gaia;2024-01-18;SnackHouse Distribuicao;snacks;;fruta e legumes
132;701;2023-04-11;2092,41;BomPreco;2022-11-23;Lacteos do Vale;dairy;76,0;padaria
410;639;2033-02-16;2855,35;Mercado Central;2025-10-07;SnackHouse Distribuicao;snacks;;laticinios
152;153;2024-10-01;4004,48;Mercado Central;2023-11-30;Bebidas Lusas;beverages;;talho
299;152;2029-03-23;1996,45;Nova Compra;2025-02-06;Frutaria Atlantica;produce;;padaria
450;320;2021-10-31;2008,08;BomPreco;2021-02-18;Casa Verde Horticolas;produce;;bebidas
408;333;2030-04-09;3182,68;BomPreco;2022-04-15;Bebidas Lusas;beverages;;laticinios
483;871;2025-10-06;1140,99;SuperNorte;2025-01-22;Lacteos do Vale;dairy;;padaria
313;883;2025-05-11;7000,0;FreshMart Gaia;2023-03-30;Bebidas Lusas;beverages;109,0;talho
153;706;2026-03-22;1617,26;SuperNorte;2024-02-05;Padaria Industrial;bakery supplies;;peixaria
463;99;2035-03-08;2894,59;FreshMart Gaia;2025-03-11;SnackHouse Distribuicao;snacks;108,0;laticinios
39;382;2029-08-19;1141,74;SuperNorte;2022-08-08;Frutaria Atlantica;produce;;higiene
28;799;2025-01-17;3000,0;Atlantico Market;2023-02-26;SnackHouse Distribuicao;snacks;;fruta e legumes
494;938;2028-07-05;12000,0;Mercado Central;2024-11-22;Peixe Fresco Iberico;seafood;;bebidas
467;541;2024-07-15;3440,57;Nova Compra;2023-05-01;Lacteos do Vale;dairy;71,0;fruta e legumes
294;519;2029-10-08;3000,0;BomPreco;2022-04-03;SnackHouse Distribuicao;snacks;;higiene
389;641;2030-03-20;3078,68;Nova Compra;2023-02-14;Lacteos do Vale;dairy;;higiene
492;130;2032-01-11;1263,91;BomPreco;2023-12-08;Casa Verde Horticolas;produce;;bebidas
257;477;2021-10-03;6785,81;Nova Compra;2021-04-16;Carnes Selectas;meat;21,0;mercearia
257;477;2021-10-03;3411,82;Nova Compra;2021-04-16;Carnes Selectas;meat;91,0;talho
417;117;2025-06-06;4127,12;SuperNorte;2023-07-19;Carnes Selectas;meat;;bebidas
488;77;2022-08-26;6225,94;Mercado Central;2022-02-12;Carnes Selectas;meat;;higiene
93;445;2023-12-15;1492,36;SuperNorte;2023-02-02;Higiene Plus;cleaning products;102,0;mercearia
321;321;2023-02-25;2648,12;SuperNorte;2022-07-21;Lacteos do Vale;dairy;77,0;congelados
200;563;2028-12-27;1674,17;Mercado Central;2025-03-04;Bebidas Lusas;beverages;;bebidas
256;67;2029-10-08;5037,91;Atlantico Market;2023-04-01;Carnes Selectas;meat;33,0;bebidas
256;67;2024-05-02;6913,31;Atlantico Market;2023-04-01;Carnes Selectas;meat;135,0;laticinios
122;375;2032-08-18;1925,57;Mercado Central;2022-11-09;Higiene Plus;cleaning products;30,0;mercearia
322;429;2034-05-27;2379,7;Atlantico Market;2026-01-04;SnackHouse Distribuicao;snacks;34,0;higiene
287;369;2026-06-12;1847,52;Nova Compra;2024-10-19;SnackHouse Distribuicao;snacks;83,0;peixaria
37;874;2024-07-25;3625,4;FreshMart Gaia;2022-12-13;Congelados Norte;frozen goods;15,0;bebidas
214;873;2032-10-25;4699,32;Atlantico Market;2023-09-17;Bebidas Lusas;beverages;87,0;bebidas
139;291;2025-08-15;1878,73;FreshMart Gaia;2023-09-26;Lacteos do Vale;dairy;148,0;padaria
105;122;2029-12-07;2775,03;SuperNorte;2022-01-11;Frutaria Atlantica;produce;;fruta e legumes
247;861;2023-03-18;2605,84;FreshMart Gaia;2021-04-17;Lacteos do Vale;dairy;173,0;peixaria
400;935;2024-03-31;1337,33;Atlantico Market;2021-10-07;Higiene Plus;cleaning products;;mercearia
422;415;2023-04-27;972,78;Mercado Central;2021-05-10;Higiene Plus;cleaning products;;higiene
458;725;2025-02-16;2275,54;Mercado Central;2024-04-06;Higiene Plus;cleaning products;169,0;higiene
400;469;2022-12-10;2121,98;Atlantico Market;2021-10-07;SnackHouse Distribuicao;snacks;;mercearia
130;627;2023-10-06;10000,0;Atlantico Market;2021-12-14;Carnes Selectas;meat;;higiene
309;504;2026-06-01;5448,9;SuperNorte;2024-03-19;Congelados Norte;frozen goods;;fruta e legumes
289;181;2026-05-02;2829,02;FreshMart Gaia;2024-01-14;Lacteos do Vale;dairy;70,0;higiene
289;181;2030-03-25;1111,93;FreshMart Gaia;2024-01-14;Lacteos do Vale;dairy;138,0;mercearia
234;132;2024-05-20;2127,41;BomPreco;2022-02-27;Frutaria Atlantica;produce;;congelados
287;422;2033-03-20;1604,4;Nova Compra;2024-10-19;Frutaria Atlantica;produce;83,0;peixaria
338;567;2026-01-01;7832,59;Mercado Central;2023-02-16;Carnes Selectas;meat;;fruta e legumes
468;669;2022-05-05;1918,19;BomPreco;2021-07-29;SnackHouse Distribuicao;snacks;;higiene
426;204;2029-10-19;6699,2;BomPreco;2025-03-14;Congelados Norte;frozen goods;11,0;peixaria
209;430;2025-12-17;3500,0;Nova Compra;2022-12-23;Casa Verde Horticolas;produce;125,0;fruta e legumes
240;754;2024-07-03;3002,22;BomPreco;2023-03-19;Congelados Norte;frozen goods;106,0;higiene
101;861;2032-09-11;3291,97;Nova Compra;2023-02-01;Lacteos do Vale;dairy;;padaria
403;573;2025-06-04;5100,67;FreshMart Gaia;2021-04-09;Bebidas Lusas;beverages;;fruta e legumes
172;894;2029-07-12;8000,0;Atlantico Market;2025-06-28;Congelados Norte;frozen goods;;padaria
413;574;2026-02-27;5906,41;Nova Compra;2025-04-04;Congelados Norte;frozen goods;79,0;higiene
413;574;2028-11-03;5636,42;Nova Compra;2025-04-04;Congelados Norte;frozen goods;81,0;laticinios
444;179;2032-03-26;2420,39;BomPreco;2025-11-27;SnackHouse Distribuicao;snacks;164,0;peixaria
77;857;2030-12-25;8174,08;Nova Compra;2023-01-26;Carnes Selectas;meat;;mercearia
473;930;2027-12-16;3500,0;Nova Compra;2021-08-09;Casa Verde Horticolas;produce;69,0;bebidas
12;753;2026-06-14;2593,57;BomPreco;2024-07-15;Bebidas Lusas;beverages;;bebidas
386;544;2034-05-17;3604,07;Mercado Central;2024-08-11;Congelados Norte;frozen goods;;congelados
21;736;2028-03-25;1800,0;SuperNorte;2024-04-14;Padaria Industrial;bakery supplies;;fruta e legumes
446;818;2023-10-13;2692,26;Mercado Central;2022-09-29;Peixe Fresco Iberico;seafood;187,0;higiene
326;217;2033-10-03;5197,98;Mercado Central;2024-09-07;Carnes Selectas;meat;;fruta e legumes
76;319;2024-02-04;1764,87;Atlantico Market;2022-03-16;SnackHouse Distribuicao;snacks;180,0;laticinios
408;702;2026-02-08;1708,43;BomPreco;2022-04-15;Frutaria Atlantica;produce;;talho
119;647;2025-09-07;10000,0;Nova Compra;2024-10-31;Carnes Selectas;meat;;talho
447;116;2030-04-05;1238,84;SuperNorte;2023-10-11;Padaria Industrial;bakery supplies;64,0;talho
42;363;2030-02-04;3150,2;BomPreco;2022-11-03;Bebidas Lusas;beverages;;peixaria
67;932;2033-10-07;1390,55;FreshMart Gaia;2023-11-18;Frutaria Atlantica;produce;;padaria
409;134;2025-08-10;4881,42;FreshMart Gaia;2025-03-31;Congelados Norte;frozen goods;;padaria
288;663;2030-02-07;6337,19;BomPreco;2025-10-31;Bebidas Lusas;beverages;;fruta e legumes
417;388;2028-03-12;6917,72;SuperNorte;2023-07-19;Peixe Fresco Iberico;seafood;;peixaria
169;100;2029-04-27;1741,41;FreshMart Gaia;2025-07-10;Casa Verde Horticolas;produce;;talho
131;973;2030-07-17;2742,52;Nova Compra;2022-05-27;Bebidas Lusas;beverages;152,0;fruta e legumes
491;559;2028-08-05;1952,47;Nova Compra;2024-07-19;SnackHouse Distribuicao;snacks;;padaria
290;675;2023-09-19;1586,94;Mercado Central;2022-12-23;Higiene Plus;cleaning products;;peixaria
264;752;2026-01-08;1335,48;BomPreco;2024-03-30;Frutaria Atlantica;produce;;bebidas
299;662;2033-01-01;2936,07;Nova Compra;2025-02-06;Frutaria Atlantica;produce;;peixaria
457;773;2027-09-13;7000,0;FreshMart Gaia;2022-06-06;Bebidas Lusas;beverages;107,0;fruta e legumes
35;971;2026-05-31;2197,93;Nova Compra;2021-05-08;Lacteos do Vale;dairy;;higiene
484;474;2024-09-05;4926,24;Atlantico Market;2024-03-22;Congelados Norte;frozen goods;;bebidas
246;950;2027-03-08;1125,2;BomPreco;2021-03-04;Casa Verde Horticolas;produce;161,0;fruta e legumes
246;950;2022-12-30;2577,76;BomPreco;2021-03-04;Casa Verde Horticolas;produce;191,0;peixaria
61;729;2025-04-23;2033,29;FreshMart Gaia;2021-12-07;SnackHouse Distribuicao;snacks;;peixaria
422;413;2022-01-16;3238,17;Mercado Central;2021-05-10;Bebidas Lusas;beverages;;mercearia
288;657;2029-09-23;3864,48;BomPreco;2025-10-31;Carnes Selectas;meat;;peixaria
216;22;2026-03-31;3500,0;BomPreco;2025-09-23;Frutaria Atlantica;produce;;padaria
424;336;2029-01-26;1187,97;Atlantico Market;2025-08-18;Padaria Industrial;bakery supplies;;talho
370;631;2024-11-18;1422,64;Atlantico Market;2023-01-22;Lacteos do Vale;dairy;7,0;higiene
288;289;2033-01-16;2424,85;BomPreco;2025-10-31;SnackHouse Distribuicao;snacks;;talho
383;817;2024-11-01;5987,92;Nova Compra;2023-04-24;Carnes Selectas;meat;;mercearia
473;678;2024-07-03;6674,56;Nova Compra;2021-08-09;Peixe Fresco Iberico;seafood;69,0;bebidas
113;735;2029-03-07;2135,72;Nova Compra;2021-11-05;Higiene Plus;cleaning products;188,0;fruta e legumes
263;908;2025-05-23;2005,83;Nova Compra;2022-05-13;Peixe Fresco Iberico;seafood;47,0;peixaria
500;21;2030-03-07;953,42;Mercado Central;2022-04-18;Lacteos do Vale;dairy;;fruta e legumes
300;158;2024-03-25;12000,0;BomPreco;2022-06-18;Peixe Fresco Iberico;seafood;;fruta e legumes
121;260;2023-09-12;1745,73;FreshMart Gaia;2022-03-07;Casa Verde Horticolas;produce;;higiene
497;613;2030-04-01;3094,75;Nova Compra;2024-09-10;Bebidas Lusas;beverages;105,0;bebidas
130;432;2022-11-05;1013,28;Atlantico Market;2021-12-14;Frutaria Atlantica;produce;;peixaria
259;703;2030-02-01;4091,81;FreshMart Gaia;2025-05-28;Bebidas Lusas;beverages;39,0;mercearia
259;703;2034-03-15;4325,47;FreshMart Gaia;2025-05-28;Bebidas Lusas;beverages;96,0;bebidas
104;741;2023-09-08;4000,0;Mercado Central;2023-01-07;Lacteos do Vale;dairy;;mercearia
258;11;2031-12-20;2542,3;BomPreco;2025-02-11;Lacteos do Vale;dairy;73,0;talho
258;11;2030-07-06;1876,12;BomPreco;2025-02-11;Lacteos do Vale;dairy;100,0;talho
381;954;2022-05-04;5161,2;SuperNorte;2021-05-16;Congelados Norte;frozen goods;;fruta e legumes
61;966;2022-03-09;1647,52;FreshMart Gaia;2021-12-07;Padaria Industrial;bakery supplies;;padaria
490;444;2025-10-01;6421,58;Atlantico Market;2023-10-13;Congelados Norte;frozen goods;;fruta e legumes
100;96;2025-07-05;1322,66;Atlantico Market;2025-03-23;Padaria Industrial;bakery supplies;;peixaria
227;264;2026-07-18;4865,54;Nova Compra;2022-03-15;Congelados Norte;frozen goods;;mercearia
479;288;2027-04-30;5003,84;Nova Compra;2025-03-24;Peixe Fresco Iberico;seafood;18,0;laticinios
94;347;2033-01-22;3392,75;Atlantico Market;2024-06-11;Carnes Selectas;meat;1,0;talho
94;347;2033-02-02;3159,6;Atlantico Market;2024-06-11;Carnes Selectas;meat;49,0;padaria
411;61;2024-09-11;2567,04;SuperNorte;2023-06-02;Lacteos do Vale;dairy;;mercearia
363;688;2028-01-10;8133,8;SuperNorte;2025-10-30;Peixe Fresco Iberico;seafood;;mercearia
281;312;2028-10-05;3027,15;Nova Compra;2024-07-19;Frutaria Atlantica;produce;;talho
244;50;2023-11-17;2382,06;Atlantico Market;2023-01-21;Casa Verde Horticolas;produce;133,0;higiene
244;50;2023-11-17;2968,56;Atlantico Market;2023-01-21;Casa Verde Horticolas;produce;168,0;bebidas
167;260;2029-01-28;1744,45;Nova Compra;2024-08-25;Casa Verde Horticolas;produce;;laticinios
100;615;2029-03-30;1945,14;Atlantico Market;2025-03-23;Higiene Plus;cleaning products;;congelados
75;761;2025-08-27;1369,99;SuperNorte;2024-05-04;Lacteos do Vale;dairy;65,0;peixaria
75;761;2025-08-27;2092,55;SuperNorte;2024-05-04;Lacteos do Vale;dairy;170,0;fruta e legumes
422;473;2025-06-02;1644,75;Mercado Central;2021-05-10;Bebidas Lusas;beverages;;bebidas
449;652;2032-12-29;1876,48;Nova Compra;2024-02-23;Frutaria Atlantica;produce;;mercearia
304;147;2029-10-24;9370,37;Atlantico Market;2022-07-01;Carnes Selectas;meat;59,0;congelados
225;848;2030-12-14;6708,64;SuperNorte;2025-06-18;Peixe Fresco Iberico;seafood;97,0;higiene
158;507;2033-08-25;7472,43;Mercado Central;2025-02-09;Carnes Selectas;meat;;peixaria
353;608;2025-08-12;7350,26;Nova Compra;2021-02-20;Peixe Fresco Iberico;seafood;;talho
399;484;2031-01-25;3326,51;SuperNorte;2024-04-02;Congelados Norte;frozen goods;;talho
191;961;2025-09-09;1976,79;Nova Compra;2024-01-10;Lacteos do Vale;dairy;;bebidas
66;917;2023-03-10;9182,11;BomPreco;2022-09-19;Carnes Selectas;meat;;padaria
414;318;2029-01-29;8973,77;BomPreco;2025-05-11;Peixe Fresco Iberico;seafood;;peixaria
14;902;2024-03-10;1401,11;Mercado Central;2022-12-20;Frutaria Atlantica;produce;12,0;mercearia
490;268;2025-04-30;3481,42;Atlantico Market;2023-10-13;Peixe Fresco Iberico;seafood;;higiene
20;420;2029-11-19;2030,47;Mercado Central;2025-07-10;Casa Verde Horticolas;produce;;talho
300;760;2023-04-08;1423,81;BomPreco;2022-06-18;Casa Verde Horticolas;produce;;peixaria
221;777;2024-09-09;4985,6;Nova Compra;2022-05-20;Carnes Selectas;meat;;congelados
208;686;2025-10-26;519,71;Atlantico Market;2024-12-15;Padaria Industrial;bakery supplies;176,0;congelados
384;934;2033-07-26;6868,56;BomPreco;2024-10-07;Congelados Norte;frozen goods;;talho
428;418;2031-01-21;6222,44;Mercado Central;2023-08-26;Peixe Fresco Iberico;seafood;;mercearia
191;394;2032-01-05;4407,08;Nova Compra;2024-01-10;Congelados Norte;frozen goods;;peixaria
121;307;2023-03-16;3712,04;FreshMart Gaia;2022-03-07;Carnes Selectas;meat;;padaria
324;571;2033-06-17;1897,7;BomPreco;2023-12-10;Lacteos do Vale;dairy;;peixaria
214;527;2027-12-06;5705,93;Atlantico Market;2023-09-17;Carnes Selectas;meat;87,0;bebidas
67;784;2028-11-07;3263,01;FreshMart Gaia;2023-11-18;Congelados Norte;frozen goods;;laticinios
376;706;2030-02-24;907,43;Atlantico Market;2025-07-22;Padaria Industrial;bakery supplies;;laticinios
394;869;2025-10-02;3000,0;Atlantico Market;2023-07-15;SnackHouse Distribuicao;snacks;;fruta e legumes
350;273;2028-09-03;1706,15;Mercado Central;2025-07-14;Bebidas Lusas;beverages;;laticinios
107;537;2034-01-10;5867,64;Nova Compra;2025-07-14;Carnes Selectas;meat;141,0;bebidas
107;537;2026-11-10;3792,17;Nova Compra;2025-07-14;Carnes Selectas;meat;158,0;congelados
198;476;2035-08-24;1800,0;BomPreco;2025-11-21;Padaria Industrial;bakery supplies;;fruta e legumes
360;360;2032-02-10;1705,5;BomPreco;2023-03-19;Casa Verde Horticolas;produce;200,0;peixaria
454;793;2026-10-12;2340,9;Atlantico Market;2022-02-05;Bebidas Lusas;beverages;;congelados
44;958;2025-01-18;5898,97;Mercado Central;2024-10-03;Peixe Fresco Iberico;seafood;56,0;peixaria
458;610;2026-02-11;2165,22;Mercado Central;2024-04-06;Casa Verde Horticolas;produce;169,0;higiene
330;583;2028-03-26;7000,0;BomPreco;2025-02-18;Bebidas Lusas;beverages;;higiene
149;812;2028-02-05;715,89;Nova Compra;2025-09-19;Frutaria Atlantica;produce;41,0;congelados
332;522;2033-03-11;1078,51;Mercado Central;2024-11-20;Frutaria Atlantica;produce;;higiene
490;875;2025-04-13;2473,92;Atlantico Market;2023-10-13;Higiene Plus;cleaning products;;fruta e legumes
226;480;2023-03-09;938,15;Atlantico Market;2022-06-05;Casa Verde Horticolas;produce;;bebidas
351;468;2021-12-31;6528,23;SuperNorte;2021-03-14;Peixe Fresco Iberico;seafood;;talho
413;136;2033-10-10;804,52;Nova Compra;2025-04-04;Padaria Industrial;bakery supplies;79,0;higiene
413;136;2034-05-09;749,62;Nova Compra;2025-04-04;Padaria Industrial;bakery supplies;81,0;laticinios
312;88;2029-03-18;6015,36;BomPreco;2025-12-24;Peixe Fresco Iberico;seafood;;laticinios
92;33;2030-09-18;3228,6;Mercado Central;2024-11-30;Bebidas Lusas;beverages;37,0;talho
362;71;2024-12-01;3459,57;Mercado Central;2021-04-28;Lacteos do Vale;dairy;144,0;laticinios
337;872;2030-10-04;3363,29;FreshMart Gaia;2025-05-15;Frutaria Atlantica;produce;117,0;laticinios
164;458;2026-12-20;7874,57;Mercado Central;2022-03-01;Peixe Fresco Iberico;seafood;165,0;mercearia
164;458;2030-06-26;5844,9;Mercado Central;2022-03-01;Peixe Fresco Iberico;seafood;181,0;talho
176;218;2025-09-19;7301,75;Mercado Central;2023-03-01;Peixe Fresco Iberico;seafood;;fruta e legumes
68;636;2025-03-01;1436,57;Mercado Central;2023-11-14;Padaria Industrial;bakery supplies;;bebidas
417;650;2024-10-04;2903,6;SuperNorte;2023-07-19;Casa Verde Horticolas;produce;;congelados
207;59;2025-06-24;1948,96;SuperNorte;2022-08-16;SnackHouse Distribuicao;snacks;;congelados
243;564;2027-03-30;8000,0;SuperNorte;2025-04-24;Congelados Norte;frozen goods;;higiene
192;587;2032-05-11;4091,73;BomPreco;2023-05-20;Carnes Selectas;meat;80,0;fruta e legumes
411;669;2025-09-13;2755,93;SuperNorte;2023-06-02;SnackHouse Distribuicao;snacks;;mercearia
163;48;2025-11-13;8924,18;FreshMart Gaia;2021-05-29;Peixe Fresco Iberico;seafood;;laticinios
488;319;2022-02-20;1253,92;Mercado Central;2022-02-12;SnackHouse Distribuicao;snacks;;bebidas
440;130;2025-09-24;2054,22;Mercado Central;2021-09-09;Casa Verde Horticolas;produce;;laticinios
40;362;2022-11-23;2118,76;Atlantico Market;2022-08-09;Frutaria Atlantica;produce;111,0;mercearia
332;15;2030-10-19;1289,87;Mercado Central;2024-11-20;Higiene Plus;cleaning products;;talho
41;12;2025-04-29;1726,96;Nova Compra;2024-05-01;Frutaria Atlantica;produce;;mercearia
475;162;2029-01-26;931,47;FreshMart Gaia;2025-02-17;Frutaria Atlantica;produce;124,0;higiene
278;673;2031-02-22;2749,96;Mercado Central;2021-03-28;Bebidas Lusas;beverages;;bebidas
171;833;2025-12-21;3368,57;SuperNorte;2025-12-02;Bebidas Lusas;beverages;13,0;padaria
416;806;2025-03-29;772,86;Mercado Central;2021-10-24;Padaria Industrial;bakery supplies;;fruta e legumes
313;967;2023-08-19;3674,25;FreshMart Gaia;2023-03-30;Carnes Selectas;meat;109,0;talho
112;683;2027-02-24;6045,09;Atlantico Market;2022-05-22;Bebidas Lusas;beverages;40,0;padaria
162;681;2025-11-18;2051,77;BomPreco;2024-11-21;Lacteos do Vale;dairy;;padaria
300;600;2028-12-16;3500,0;BomPreco;2022-06-18;Casa Verde Horticolas;produce;;bebidas
459;487;2023-07-02;5969,33;SuperNorte;2023-06-20;Carnes Selectas;meat;;fruta e legumes
308;906;2023-10-26;1596,91;Mercado Central;2022-07-13;Padaria Industrial;bakery supplies;;padaria
35;360;2022-09-04;1684,6;Nova Compra;2021-05-08;Casa Verde Horticolas;produce;;peixaria
376;681;2033-05-17;1596,34;Atlantico Market;2025-07-22;Lacteos do Vale;dairy;;bebidas
220;127;2026-11-20;6078,03;Atlantico Market;2024-11-09;Carnes Selectas;meat;;laticinios
294;517;2023-09-09;9673,41;BomPreco;2022-04-03;Carnes Selectas;meat;;fruta e legumes
403;147;2026-09-17;5187,83;FreshMart Gaia;2021-04-09;Carnes Selectas;meat;;congelados
79;85;2025-04-28;1681,19;FreshMart Gaia;2023-10-18;Higiene Plus;cleaning products;2,0;peixaria
79;85;2028-04-14;1543,97;FreshMart Gaia;2023-10-18;Higiene Plus;cleaning products;67,0;padaria
341;281;2031-07-10;2057,24;Nova Compra;2022-09-13;Lacteos do Vale;dairy;;congelados
168;570;2025-05-31;1811,43;BomPreco;2024-01-25;Casa Verde Horticolas;produce;;padaria
141;595;2024-09-08;877,34;SuperNorte;2021-05-17;Higiene Plus;cleaning products;;higiene
419;876;2031-03-09;995,02;Nova Compra;2026-02-16;Padaria Industrial;bakery supplies;74,0;peixaria
401;245;2033-08-13;1844,92;Nova Compra;2025-07-23;Higiene Plus;cleaning products;;mercearia
158;447;2031-05-01;6168,58;Mercado Central;2025-02-09;Carnes Selectas;meat;;talho
129;547;2028-09-05;5866,63;SuperNorte;2021-08-18;Carnes Selectas;meat;;bebidas
133;434;2023-11-25;5958,81;FreshMart Gaia;2023-08-18;Congelados Norte;frozen goods;26,0;fruta e legumes
65;141;2025-01-19;2347,12;Nova Compra;2024-07-21;Lacteos do Vale;dairy;;fruta e legumes
203;77;2025-03-10;5433,92;Nova Compra;2024-03-02;Carnes Selectas;meat;45,0;laticinios
201;918;2029-03-25;9048,73;SuperNorte;2024-04-10;Peixe Fresco Iberico;seafood;;laticinios
257;675;2021-09-08;1462,17;Nova Compra;2021-04-16;Higiene Plus;cleaning products;21,0;mercearia
257;675;2029-09-01;1236,13;Nova Compra;2021-04-16;Higiene Plus;cleaning products;91,0;talho
366;632;2024-06-10;2283,95;BomPreco;2021-10-13;Frutaria Atlantica;produce;;congelados
422;730;2022-08-13;1820,91;Mercado Central;2021-05-10;Casa Verde Horticolas;produce;;bebidas
412;126;2024-12-10;881,01;Atlantico Market;2024-08-06;Padaria Industrial;bakery supplies;36,0;laticinios
82;860;2025-01-22;1984,02;Atlantico Market;2023-01-31;Casa Verde Horticolas;produce;54,0;laticinios
127;418;2023-07-12;7007,58;FreshMart Gaia;2022-10-25;Peixe Fresco Iberico;seafood;;higiene
130;208;2025-02-28;3955,75;Atlantico Market;2021-12-14;Peixe Fresco Iberico;seafood;;bebidas
213;187;2031-03-22;6273,61;SuperNorte;2022-08-14;Carnes Selectas;meat;19,0;talho
180;697;2025-06-22;10000,0;BomPreco;2023-10-07;Carnes Selectas;meat;;peixaria
398;250;2026-06-27;1190,48;Mercado Central;2026-02-14;Casa Verde Horticolas;produce;;fruta e legumes
283;115;2024-02-08;1096,69;FreshMart Gaia;2022-11-06;Higiene Plus;cleaning products;43,0;higiene
18;831;2031-06-25;4000,0;BomPreco;2025-02-11;Lacteos do Vale;dairy;;peixaria
24;222;2024-07-25;1277,91;BomPreco;2023-04-04;Frutaria Atlantica;produce;;congelados
275;934;2028-10-03;7671,33;Nova Compra;2025-12-22;Congelados Norte;frozen goods;35,0;fruta e legumes
490;912;2025-01-13;1669,07;Atlantico Market;2023-10-13;Frutaria Atlantica;produce;;padaria
394;282;2025-11-26;1900,75;Atlantico Market;2023-07-15;Frutaria Atlantica;produce;;laticinios
152;353;2026-08-01;3535,06;Mercado Central;2023-11-30;Bebidas Lusas;beverages;;mercearia
169;929;2026-08-07;1998,39;FreshMart Gaia;2025-07-10;SnackHouse Distribuicao;snacks;;laticinios
354;878;2033-05-25;3192,85;BomPreco;2025-11-02;Peixe Fresco Iberico;seafood;;peixaria
121;690;2025-06-02;2011,75;FreshMart Gaia;2022-03-07;Casa Verde Horticolas;produce;;peixaria
419;745;2035-05-07;1146,76;Nova Compra;2026-02-16;Higiene Plus;cleaning products;74,0;peixaria
207;377;2027-10-23;2335,01;SuperNorte;2022-08-16;Carnes Selectas;meat;;laticinios
487;488;2028-07-18;10763,95;FreshMart Gaia;2024-08-09;Peixe Fresco Iberico;seafood;;bebidas
252;887;2024-11-10;2091,8;BomPreco;2022-11-20;Carnes Selectas;meat;;bebidas
434;589;2028-01-09;3000,0;Mercado Central;2025-07-06;SnackHouse Distribuicao;snacks;95,0;congelados
308;166;2023-02-19;1320,0;Mercado Central;2022-07-13;Padaria Industrial;bakery supplies;;talho
461;535;2028-07-02;745,28;Nova Compra;2025-03-18;Higiene Plus;cleaning products;;congelados
120;600;2028-11-07;3378,15;BomPreco;2025-05-31;Casa Verde Horticolas;produce;6,0;bebidas
49;319;2024-04-24;1177,16;FreshMart Gaia;2023-09-03;SnackHouse Distribuicao;snacks;;talho
195;51;2031-08-17;1565,64;SuperNorte;2022-02-10;Lacteos do Vale;dairy;162,0;laticinios
223;148;2023-04-01;2890,32;FreshMart Gaia;2022-09-06;Peixe Fresco Iberico;seafood;;talho
356;309;2025-08-21;1118,5;Mercado Central;2022-08-06;SnackHouse Distribuicao;snacks;;peixaria
469;156;2031-12-14;714,78;FreshMart Gaia;2023-05-24;Padaria Industrial;bakery supplies;126,0;laticinios
158;850;2030-09-24;2673,4;Mercado Central;2025-02-09;Casa Verde Horticolas;produce;;fruta e legumes
293;553;2027-04-12;6340,72;Nova Compra;2024-07-22;Bebidas Lusas;beverages;;laticinios
305;535;2028-09-12;786,71;Nova Compra;2023-08-27;Higiene Plus;cleaning products;;bebidas
386;289;2034-05-05;1863,62;Mercado Central;2024-08-11;SnackHouse Distribuicao;snacks;;laticinios
437;337;2024-09-20;2359,11;Nova Compra;2023-11-18;Carnes Selectas;meat;;mercearia
332;403;2031-10-29;4242,75;Mercado Central;2024-11-20;Bebidas Lusas;beverages;;fruta e legumes
228;914;2026-01-13;8000,0;BomPreco;2025-05-03;Congelados Norte;frozen goods;44,0;fruta e legumes
12;753;2030-04-03;1683,44;BomPreco;2024-07-15;Bebidas Lusas;beverages;;peixaria
495;126;2024-04-12;633,43;SuperNorte;2022-10-02;Padaria Industrial;bakery supplies;110,0;peixaria
42;550;2024-02-21;2566,29;BomPreco;2022-11-03;Casa Verde Horticolas;produce;;congelados
42;366;2024-03-14;1462,78;BomPreco;2022-11-03;Padaria Industrial;bakery supplies;;talho
222;58;2025-05-09;4255,87;BomPreco;2021-07-06;Peixe Fresco Iberico;seafood;;talho
432;252;2029-04-29;3500,0;BomPreco;2025-09-23;Frutaria Atlantica;produce;;laticinios
252;311;2023-10-25;1489,53;BomPreco;2022-11-20;Lacteos do Vale;dairy;;peixaria
59;137;2031-07-04;10000,0;Nova Compra;2024-05-26;Carnes Selectas;meat;;talho
246;688;2027-06-23;8026,07;BomPreco;2021-03-04;Peixe Fresco Iberico;seafood;161,0;fruta e legumes
246;688;2024-10-19;11517,28;BomPreco;2021-03-04;Peixe Fresco Iberico;seafood;191,0;peixaria
365;7;2023-12-31;6380,66;Nova Compra;2023-06-30;Carnes Selectas;meat;;laticinios
328;4;2032-03-04;5779,11;Atlantico Market;2024-05-28;Congelados Norte;frozen goods;;laticinios
372;561;2031-02-17;2959,52;BomPreco;2025-04-26;Lacteos do Vale;dairy;;laticinios
296;11;2025-10-03;3598,88;Mercado Central;2024-07-23;Lacteos do Vale;dairy;;padaria
380;335;2022-11-07;1354,84;Mercado Central;2022-09-25;Higiene Plus;cleaning products;;higiene
462;931;2023-08-02;1434,06;BomPreco;2022-01-14;Lacteos do Vale;dairy;38,0;peixaria
211;479;2025-03-14;1592,42;FreshMart Gaia;2024-02-14;SnackHouse Distribuicao;snacks;103,0;padaria
235;442;2022-12-22;1370,01;FreshMart Gaia;2022-03-04;Frutaria Atlantica;produce;;talho
390;993;2021-09-25;2860,01;BomPreco;2021-05-05;Bebidas Lusas;beverages;;fruta e legumes
106;139;2025-05-01;3000,0;Atlantico Market;2024-07-22;SnackHouse Distribuicao;snacks;;peixaria
232;204;2024-11-08;5690,75;Atlantico Market;2021-05-12;Congelados Norte;frozen goods;;fruta e legumes
323;577;2023-12-17;7000,14;Nova Compra;2021-06-14;Carnes Selectas;meat;82,0;talho
130;986;2029-12-13;1620,43;Atlantico Market;2021-12-14;Padaria Industrial;bakery supplies;;fruta e legumes
359;444;2022-08-21;5677,41;Nova Compra;2021-05-09;Congelados Norte;frozen goods;;bebidas
358;362;2025-05-04;3500,0;Atlantico Market;2024-06-13;Frutaria Atlantica;produce;;peixaria
460;775;2028-04-22;535,72;Atlantico Market;2024-04-23;Higiene Plus;cleaning products;;talho
115;106;2033-04-26;638,32;FreshMart Gaia;2025-01-26;Padaria Industrial;bakery supplies;;congelados
347;688;2028-12-27;4742,19;Nova Compra;2023-12-27;Peixe Fresco Iberico;seafood;;fruta e legumes
114;446;2030-02-25;538,44;BomPreco;2025-03-11;Padaria Industrial;bakery supplies;;peixaria
368;706;2024-05-19;1052,13;Mercado Central;2022-05-09;Padaria Industrial;bakery supplies;;bebidas
312;977;2027-05-26;5802,96;BomPreco;2025-12-24;Carnes Selectas;meat;;peixaria
398;36;2034-12-02;1800,0;Mercado Central;2026-02-14;Padaria Industrial;bakery supplies;;congelados
458;581;2024-07-10;3229,0;Mercado Central;2024-04-06;Lacteos do Vale;dairy;169,0;higiene
280;198;2025-12-21;5172,81;Atlantico Market;2025-05-05;Peixe Fresco Iberico;seafood;115,0;higiene
23;348;2033-03-09;8119,46;Nova Compra;2023-11-14;Peixe Fresco Iberico;seafood;;congelados
434;302;2025-11-17;813,06;Mercado Central;2025-07-06;Frutaria Atlantica;produce;95,0;congelados
485;257;2024-03-09;5756,98;Nova Compra;2023-06-26;Carnes Selectas;meat;;bebidas
78;36;2025-07-27;1040,76;BomPreco;2022-12-29;Padaria Industrial;bakery supplies;46,0;talho
121;339;2025-09-18;1099,47;FreshMart Gaia;2022-03-07;SnackHouse Distribuicao;snacks;;bebidas
492;486;2024-12-11;913,44;BomPreco;2023-12-08;Padaria Industrial;bakery supplies;;peixaria
46;968;2024-04-23;4759,58;Atlantico Market;2023-02-06;Peixe Fresco Iberico;seafood;;talho
386;774;2034-04-07;2826,3;Mercado Central;2024-08-11;Congelados Norte;frozen goods;;peixaria
419;185;2033-02-24;1862,61;Nova Compra;2026-02-16;Higiene Plus;cleaning products;74,0;peixaria
191;846;2029-08-30;1592,43;Nova Compra;2024-01-10;Padaria Industrial;bakery supplies;;fruta e legumes
497;654;2029-06-28;5409,26;Nova Compra;2024-09-10;Congelados Norte;frozen goods;105,0;bebidas
315;234;2027-01-27;3530,6;SuperNorte;2025-10-02;Congelados Norte;frozen goods;;bebidas
388;746;2023-12-22;742,19;Atlantico Market;2022-12-28;Padaria Industrial;bakery supplies;;congelados
452;163;2025-12-09;3122,41;Mercado Central;2022-07-29;Bebidas Lusas;beverages;193,0;padaria
452;163;2025-12-09;3396,52;Mercado Central;2022-07-29;Bebidas Lusas;beverages;195,0;bebidas
264;103;2032-05-04;2532,77;BomPreco;2024-03-30;Bebidas Lusas;beverages;;congelados
326;20;2029-06-08;2972,51;Mercado Central;2024-09-07;Casa Verde Horticolas;produce;;mercearia
446;318;2025-11-10;5934,48;Mercado Central;2022-09-29;Peixe Fresco Iberico;seafood;187,0;higiene
84;841;2025-10-05;3033,34;BomPreco;2022-05-29;Lacteos do Vale;dairy;;padaria
186;480;2023-04-04;985,33;BomPreco;2021-08-09;Casa Verde Horticolas;produce;;laticinios
432;563;2029-02-14;2751,1;BomPreco;2025-09-23;Bebidas Lusas;beverages;;mercearia
50;961;2030-08-04;3165,13;Mercado Central;2025-02-27;Lacteos do Vale;dairy;;peixaria
222;257;2023-02-08;8000,42;BomPreco;2021-07-06;Carnes Selectas;meat;;fruta e legumes
136;846;2031-02-11;582,09;Atlantico Market;2021-09-27;Padaria Industrial;bakery supplies;;peixaria
490;1;2033-03-14;2464,15;Atlantico Market;2023-10-13;Lacteos do Vale;dairy;;mercearia
336;147;2025-09-10;6262,57;BomPreco;2021-05-18;Carnes Selectas;meat;10,0;talho
421;495;2024-04-03;999,76;FreshMart Gaia;2023-11-12;Higiene Plus;cleaning products;;padaria
162;535;2025-03-13;1614,63;BomPreco;2024-11-21;Higiene Plus;cleaning products;;bebidas
34;593;2023-01-04;1841,45;Atlantico Market;2021-09-25;Bebidas Lusas;beverages;;peixaria
404;263;2027-01-14;2471,08;Mercado Central;2024-09-04;Bebidas Lusas;beverages;;peixaria
317;767;2028-08-21;7070,49;Nova Compra;2022-01-06;Carnes Selectas;meat;16,0;higiene
370;474;2023-11-03;4357,46;Atlantico Market;2023-01-22;Congelados Norte;frozen goods;7,0;higiene
345;845;2026-04-03;1426,31;SuperNorte;2025-10-09;Higiene Plus;cleaning products;;congelados
406;804;2025-09-12;3974,22;Atlantico Market;2022-12-02;Congelados Norte;frozen goods;93,0;mercearia
407;830;2025-04-07;2355,59;Nova Compra;2024-05-16;Casa Verde Horticolas;produce;;mercearia
383;23;2026-01-29;4879,53;Nova Compra;2023-04-24;Bebidas Lusas;beverages;;higiene
275;891;2032-07-30;3069,89;Nova Compra;2025-12-22;Lacteos do Vale;dairy;35,0;fruta e legumes
335;956;2032-11-03;1058,18;Nova Compra;2024-12-25;Padaria Industrial;bakery supplies;139,0;padaria
475;343;2025-06-19;3148,64;FreshMart Gaia;2025-02-17;Bebidas Lusas;beverages;124,0;higiene
31;888;2025-10-15;5058,88;FreshMart Gaia;2023-08-26;Peixe Fresco Iberico;seafood;;peixaria
258;346;2025-11-17;621,52;BomPreco;2025-02-11;Padaria Industrial;bakery supplies;73,0;talho
258;346;2025-11-17;834,22;BomPreco;2025-02-11;Padaria Industrial;bakery supplies;100,0;talho
117;359;2033-03-04;1255,96;SuperNorte;2025-08-17;SnackHouse Distribuicao;snacks;;congelados
50;997;2030-02-22;10000,0;Mercado Central;2025-02-27;Carnes Selectas;meat;;higiene
135;468;2028-11-12;4057,96;SuperNorte;2022-07-27;Peixe Fresco Iberico;seafood;;laticinios
438;923;2024-01-12;5980,89;BomPreco;2022-04-17;Bebidas Lusas;beverages;116,0;fruta e legumes
220;806;2025-07-04;886,49;Atlantico Market;2024-11-09;Padaria Industrial;bakery supplies;;padaria
499;966;2024-03-24;911,27;FreshMart Gaia;2023-08-29;Padaria Industrial;bakery supplies;;mercearia
297;46;2032-05-09;1197,86;SuperNorte;2022-11-01;Padaria Industrial;bakery supplies;;talho
15;724;2025-05-03;2271,12;SuperNorte;2024-07-30;Congelados Norte;frozen goods;;padaria
400;436;2023-02-12;697,68;Atlantico Market;2021-10-07;Padaria Industrial;bakery supplies;;higiene
22;617;2032-12-18;3089,12;Atlantico Market;2026-02-12;Carnes Selectas;meat;;higiene
342;786;2024-12-25;842,72;BomPreco;2021-05-14;Padaria Industrial;bakery supplies;196,0;higiene
347;233;2026-06-03;2490,84;Nova Compra;2023-12-27;Bebidas Lusas;beverages;;laticinios
22;74;2030-08-05;7778,24;Atlantico Market;2026-02-12;Congelados Norte;frozen goods;;congelados
64;453;2027-08-03;2884,21;Atlantico Market;2025-08-22;Bebidas Lusas;beverages;;congelados
47;530;2026-04-07;634,36;Nova Compra;2025-02-04;Casa Verde Horticolas;produce;86,0;congelados
335;376;2031-05-21;860,28;Nova Compra;2024-12-25;Padaria Industrial;bakery supplies;139,0;padaria
216;341;2029-10-05;3092,01;BomPreco;2025-09-23;Lacteos do Vale;dairy;;congelados
178;63;2028-01-29;7000,0;Atlantico Market;2023-12-25;Bebidas Lusas;beverages;;padaria
302;88;2024-11-13;5862,23;Mercado Central;2023-08-01;Peixe Fresco Iberico;seafood;;congelados
288;734;2030-12-25;3407,61;BomPreco;2025-10-31;Congelados Norte;frozen goods;;bebidas
225;865;2025-11-15;1366,09;SuperNorte;2025-06-18;Higiene Plus;cleaning products;97,0;higiene
182;317;2025-03-10;6508,92;Mercado Central;2021-08-07;Carnes Selectas;meat;85,0;padaria
321;270;2032-05-10;1113,14;SuperNorte;2022-07-21;Casa Verde Horticolas;produce;77,0;congelados
4;842;2027-04-09;1657,29;Atlantico Market;2024-06-23;Frutaria Atlantica;produce;;bebidas
452;96;2024-04-08;977,96;Mercado Central;2022-07-29;Padaria Industrial;bakery supplies;193,0;padaria
452;96;2025-05-15;1020,83;Mercado Central;2022-07-29;Padaria Industrial;bakery supplies;195,0;bebidas
208;792;2034-09-02;1733,5;Atlantico Market;2024-12-15;Frutaria Atlantica;produce;176,0;congelados
286;907;2034-04-28;3544,15;Atlantico Market;2026-01-18;Carnes Selectas;meat;;higiene
228;111;2030-12-03;2504,03;BomPreco;2025-05-03;Lacteos do Vale;dairy;44,0;fruta e legumes
405;814;2027-10-31;4214,61;SuperNorte;2023-01-07;Congelados Norte;frozen goods;22,0;padaria
318;965;2024-09-13;1346,22;BomPreco;2021-03-16;Higiene Plus;cleaning products;88,0;higiene
365;918;2031-08-05;3993,49;Nova Compra;2023-06-30;Peixe Fresco Iberico;seafood;;congelados
88;205;2025-11-23;1834,07;Atlantico Market;2021-03-26;Higiene Plus;cleaning products;62,0;fruta e legumes
14;772;2023-11-22;1207,58;Mercado Central;2022-12-20;Frutaria Atlantica;produce;12,0;mercearia
310;741;2030-03-17;4000,0;Atlantico Market;2022-09-29;Lacteos do Vale;dairy;;talho
3;740;2023-07-14;1088,2;SuperNorte;2022-12-19;Casa Verde Horticolas;produce;;bebidas
118;193;2024-03-02;5284,37;Atlantico Market;2022-07-18;Bebidas Lusas;beverages;;mercearia
258;92;2026-02-04;783,88;BomPreco;2025-02-11;Frutaria Atlantica;produce;73,0;talho
258;92;2026-02-04;669,61;BomPreco;2025-02-11;Frutaria Atlantica;produce;100,0;talho
197;567;2024-01-31;4207,02;Nova Compra;2023-07-18;Carnes Selectas;meat;;peixaria
162;76;2025-05-13;361,73;BomPreco;2024-11-21;Padaria Industrial;bakery supplies;;congelados
332;157;2034-11-16;7499,04;Mercado Central;2024-11-20;Carnes Selectas;meat;;fruta e legumes
207;245;2024-09-15;1361,58;SuperNorte;2022-08-16;Higiene Plus;cleaning products;;talho
169;496;2026-07-04;1800,0;FreshMart Gaia;2025-07-10;Padaria Industrial;bakery supplies;;laticinios
464;212;2025-10-14;1715,92;Mercado Central;2022-08-25;Frutaria Atlantica;produce;;peixaria
145;740;2029-02-17;2063,91;FreshMart Gaia;2023-11-02;Casa Verde Horticolas;produce;131,0;congelados
145;740;2026-01-23;1639,68;FreshMart Gaia;2023-11-02;Casa Verde Horticolas;produce;177,0;bebidas
400;635;2026-01-15;927,92;Atlantico Market;2021-10-07;Higiene Plus;cleaning products;;fruta e legumes
449;690;2025-09-09;1540,55;Nova Compra;2024-02-23;Casa Verde Horticolas;produce;;higiene
131;949;2025-03-11;959,83;Nova Compra;2022-05-27;SnackHouse Distribuicao;snacks;152,0;fruta e legumes
438;379;2024-10-06;1964,26;BomPreco;2022-04-17;SnackHouse Distribuicao;snacks;116,0;fruta e legumes
92;21;2025-02-25;1871,87;Mercado Central;2024-11-30;Lacteos do Vale;dairy;37,0;talho
43;132;2034-05-20;1768,4;FreshMart Gaia;2025-06-14;Frutaria Atlantica;produce;;laticinios
40;195;2029-02-17;2500,0;Atlantico Market;2022-08-09;Higiene Plus;cleaning products;111,0;mercearia
185;871;2032-09-28;1793,37;Nova Compra;2023-05-21;Lacteos do Vale;dairy;;bebidas
4;693;2024-09-06;4318,67;Atlantico Market;2024-06-23;Bebidas Lusas;beverages;;talho
110;201;2031-08-31;2098,26;Mercado Central;2024-05-11;Lacteos do Vale;dairy;;padaria
87;899;2030-02-17;2777,89;SuperNorte;2022-03-07;SnackHouse Distribuicao;snacks;;mercearia
436;114;2032-10-12;4787,08;Atlantico Market;2023-12-11;Congelados Norte;frozen goods;189,0;laticinios
176;426;2028-06-06;885,02;Mercado Central;2023-03-01;Padaria Industrial;bakery supplies;;talho
346;68;2025-01-22;12000,0;Atlantico Market;2021-02-27;Peixe Fresco Iberico;seafood;;peixaria
497;711;2031-08-18;1460,25;Nova Compra;2024-09-10;Lacteos do Vale;dairy;105,0;bebidas
163;643;2021-10-21;3436,76;FreshMart Gaia;2021-05-29;Bebidas Lusas;beverages;;laticinios
98;939;2025-02-10;2492,27;Mercado Central;2022-12-11;SnackHouse Distribuicao;snacks;;fruta e legumes
402;380;2029-06-09;1280,21;BomPreco;2023-09-28;Casa Verde Horticolas;produce;;padaria
176;650;2023-04-18;2610,94;Mercado Central;2023-03-01;Casa Verde Horticolas;produce;;padaria
118;793;2025-12-18;3022,23;Atlantico Market;2022-07-18;Bebidas Lusas;beverages;;peixaria
79;319;2033-08-19;2591,49;FreshMart Gaia;2023-10-18;SnackHouse Distribuicao;snacks;2,0;peixaria
79;319;2027-09-26;2561,08;FreshMart Gaia;2023-10-18;SnackHouse Distribuicao;snacks;67,0;padaria
387;318;2025-09-01;6241,77;SuperNorte;2022-10-15;Peixe Fresco Iberico;seafood;66,0;mercearia
250;194;2026-07-01;2741,22;Atlantico Market;2025-01-13;Congelados Norte;frozen goods;;laticinios
222;289;2022-02-06;1383,49;BomPreco;2021-07-06;SnackHouse Distribuicao;snacks;;laticinios
152;604;2031-12-25;4271,43;Mercado Central;2023-11-30;Congelados Norte;frozen goods;;bebidas
488;505;2025-11-18;2050,69;Mercado Central;2022-02-12;Higiene Plus;cleaning products;;laticinios
303;238;2028-03-06;7508,71;SuperNorte;2025-02-15;Peixe Fresco Iberico;seafood;;higiene
293;372;2024-11-15;2356,66;Nova Compra;2024-07-22;Frutaria Atlantica;produce;;mercearia
273;100;2022-11-26;2164,92;SuperNorte;2021-11-16;Casa Verde Horticolas;produce;25,0;higiene
273;100;2022-11-26;2707,39;SuperNorte;2021-11-16;Casa Verde Horticolas;produce;101,0;peixaria
340;769;2024-03-22;1507,71;Atlantico Market;2022-05-12;SnackHouse Distribuicao;snacks;68,0;congelados
340;769;2024-03-22;1777,09;Atlantico Market;2022-05-12;SnackHouse Distribuicao;snacks;151,0;higiene
276;439;2022-03-07;1671,2;BomPreco;2021-06-07;SnackHouse Distribuicao;snacks;;padaria
430;505;2034-06-07;1129,05;Atlantico Market;2025-03-04;Higiene Plus;cleaning products;53,0;fruta e legumes
430;505;2028-10-28;2167,82;Atlantico Market;2025-03-04;Higiene Plus;cleaning products;183,0;mercearia
491;375;2029-03-03;2147,37;Nova Compra;2024-07-19;Higiene Plus;cleaning products;;laticinios
366;381;2023-11-16;3699,04;BomPreco;2021-10-13;Lacteos do Vale;dairy;;laticinios
33;761;2029-08-15;1524,71;SuperNorte;2024-06-15;Lacteos do Vale;dairy;;talho
67;525;2026-01-27;1610,13;FreshMart Gaia;2023-11-18;Higiene Plus;cleaning products;;congelados
124;204;2029-12-13;7029,95;Atlantico Market;2022-03-28;Congelados Norte;frozen goods;;peixaria
111;460;2030-01-31;3500,0;SuperNorte;2021-08-21;Casa Verde Horticolas;produce;;talho
408;193;2024-09-30;1901,93;BomPreco;2022-04-15;Bebidas Lusas;beverages;;talho
426;325;2025-12-07;1373,22;BomPreco;2025-03-14;Higiene Plus;cleaning products;11,0;peixaria
224;291;2030-12-15;1974,51;Mercado Central;2024-04-11;Lacteos do Vale;dairy;98,0;fruta e legumes
280;474;2031-07-13;8000,0;Atlantico Market;2025-05-05;Congelados Norte;frozen goods;115,0;higiene
152;276;2026-09-30;370,02;Mercado Central;2023-11-30;Padaria Industrial;bakery supplies;;mercearia
395;595;2026-02-17;858,27;Nova Compra;2023-10-24;Higiene Plus;cleaning products;;talho
209;671;2025-03-09;4000,0;Nova Compra;2022-12-23;Lacteos do Vale;dairy;125,0;fruta e legumes
448;641;2031-03-07;1740,36;Atlantico Market;2025-02-18;Lacteos do Vale;dairy;;talho
108;480;2024-01-30;1029,97;BomPreco;2021-06-26;Casa Verde Horticolas;produce;;mercearia
230;983;2030-07-25;7000,0;Mercado Central;2025-02-06;Bebidas Lusas;beverages;;talho
348;162;2028-10-13;971,29;BomPreco;2024-01-26;Frutaria Atlantica;produce;;peixaria
302;146;2024-09-22;1583,94;Mercado Central;2023-08-01;Padaria Industrial;bakery supplies;;peixaria
96;339;2030-01-13;817,63;BomPreco;2023-11-03;SnackHouse Distribuicao;snacks;;peixaria
164;856;2023-11-28;522,5;Mercado Central;2022-03-01;Padaria Industrial;bakery supplies;165,0;mercearia
164;856;2023-11-28;1094,24;Mercado Central;2022-03-01;Padaria Industrial;bakery supplies;181,0;talho
173;962;2024-03-04;1262,95;Nova Compra;2022-01-16;Frutaria Atlantica;produce;104,0;congelados
452;371;2024-12-23;2430,31;Mercado Central;2022-07-29;Lacteos do Vale;dairy;193,0;padaria
452;371;2024-12-23;4000,0;Mercado Central;2022-07-29;Lacteos do Vale;dairy;195,0;bebidas
57;349;2024-03-16;1538,82;SuperNorte;2024-02-07;SnackHouse Distribuicao;snacks;;laticinios
312;352;2035-07-21;3500,0;BomPreco;2025-12-24;Frutaria Atlantica;produce;;peixaria
499;371;2025-10-13;2487,8;FreshMart Gaia;2023-08-29;Lacteos do Vale;dairy;;mercearia
90;739;2032-04-30;2536,84;BomPreco;2023-09-21;SnackHouse Distribuicao;snacks;9,0;laticinios
417;226;2032-01-18;346,82;SuperNorte;2023-07-19;Padaria Industrial;bakery supplies;;mercearia
73;431;2034-05-24;2862,81;FreshMart Gaia;2025-01-05;Lacteos do Vale;dairy;61,0;higiene
259;908;2034-06-09;8077,2;FreshMart Gaia;2025-05-28;Peixe Fresco Iberico;seafood;39,0;mercearia
259;908;2027-08-25;5527,7;FreshMart Gaia;2025-05-28;Peixe Fresco Iberico;seafood;96,0;bebidas
149;717;2033-10-22;10000,0;Nova Compra;2025-09-19;Carnes Selectas;meat;41,0;congelados
243;83;2025-12-13;3003,6;SuperNorte;2025-04-24;Bebidas Lusas;beverages;;bebidas
61;550;2023-01-04;896,9;FreshMart Gaia;2021-12-07;Casa Verde Horticolas;produce;;padaria
450;27;2022-12-17;7677,39;BomPreco;2021-02-18;Carnes Selectas;meat;;fruta e legumes
327;124;2032-11-20;2265,87;SuperNorte;2023-06-01;Congelados Norte;frozen goods;94,0;padaria
466;399;2023-01-14;1707,86;Atlantico Market;2022-02-26;SnackHouse Distribuicao;snacks;99,0;laticinios
168;36;2032-07-28;1800,0;BomPreco;2024-01-25;Padaria Industrial;bakery supplies;;peixaria
406;713;2025-10-09;4693,0;Atlantico Market;2022-12-02;Bebidas Lusas;beverages;93,0;mercearia
239;623;2027-10-23;3354,93;Nova Compra;2022-04-05;Bebidas Lusas;beverages;120,0;mercearia
308;576;2025-08-24;853,84;Mercado Central;2022-07-13;Padaria Industrial;bakery supplies;;bebidas
16;690;2028-09-18;3269,35;Atlantico Market;2024-01-08;Casa Verde Horticolas;produce;5,0;congelados
109;265;2021-08-10;794,13;FreshMart Gaia;2021-02-19;Higiene Plus;cleaning products;;congelados
489;178;2031-07-28;9212,64;SuperNorte;2023-09-27;Peixe Fresco Iberico;seafood;;laticinios
290;629;2028-07-29;3000,0;Mercado Central;2022-12-23;SnackHouse Distribuicao;snacks;;mercearia
384;201;2030-11-26;2745,64;BomPreco;2024-10-07;Lacteos do Vale;dairy;;fruta e legumes
77;783;2023-07-27;3369,11;Nova Compra;2023-01-26;Bebidas Lusas;beverages;;fruta e legumes
221;751;2025-06-10;2000,58;Nova Compra;2022-05-20;Lacteos do Vale;dairy;;fruta e legumes
480;425;2029-08-13;1107,7;BomPreco;2022-01-15;Higiene Plus;cleaning products;;padaria
446;33;2023-09-10;2797,67;Mercado Central;2022-09-29;Bebidas Lusas;beverages;187,0;higiene
1;84;2026-02-01;4534,04;FreshMart Gaia;2023-11-13;Congelados Norte;frozen goods;;bebidas
246;494;2024-01-11;5837,97;BomPreco;2021-03-04;Congelados Norte;frozen goods;161,0;fruta e legumes
246;494;2024-01-11;8000,0;BomPreco;2021-03-04;Congelados Norte;frozen goods;191,0;peixaria
336;975;2023-05-28;570,07;BomPreco;2021-05-18;Higiene Plus;cleaning products;10,0;talho
211;750;2025-11-03;617,31;FreshMart Gaia;2024-02-14;Casa Verde Horticolas;produce;103,0;padaria
23;205;2033-05-25;2500,0;Nova Compra;2023-11-14;Higiene Plus;cleaning products;;congelados
389;760;2026-06-30;1898,18;Nova Compra;2023-02-14;Casa Verde Horticolas;produce;;talho
337;234;2033-12-27;4517,21;FreshMart Gaia;2025-05-15;Congelados Norte;frozen goods;117,0;laticinios
184;250;2034-07-29;2318,15;Atlantico Market;2024-11-20;Casa Verde Horticolas;produce;118,0;talho
62;202;2026-02-05;1700,8;Mercado Central;2023-12-03;Frutaria Atlantica;produce;186,0;bebidas
28;962;2023-04-09;3500,0;Atlantico Market;2023-02-26;Frutaria Atlantica;produce;;fruta e legumes
437;503;2028-07-13;4678,97;Nova Compra;2023-11-18;Bebidas Lusas;beverages;;mercearia
463;229;2033-08-15;1348,99;FreshMart Gaia;2025-03-11;SnackHouse Distribuicao;snacks;108,0;laticinios
496;291;2027-02-09;1829,94;Atlantico Market;2025-03-17;Lacteos do Vale;dairy;;talho
471;98;2034-04-15;6093,44;SuperNorte;2024-09-26;Peixe Fresco Iberico;seafood;119,0;peixaria
310;647;2022-12-20;3806,47;Atlantico Market;2022-09-29;Carnes Selectas;meat;;congelados
222;565;2022-07-22;2500,0;BomPreco;2021-07-06;Higiene Plus;cleaning products;;fruta e legumes
202;994;2023-12-20;4546,68;Atlantico Market;2022-03-22;Congelados Norte;frozen goods;;padaria
370;150;2023-03-30;1092,49;Atlantico Market;2023-01-22;Casa Verde Horticolas;produce;7,0;higiene
137;931;2022-04-28;2580,05;Nova Compra;2021-03-16;Lacteos do Vale;dairy;150,0;bebidas
302;748;2024-03-25;12000,0;Mercado Central;2023-08-01;Peixe Fresco Iberico;seafood;;fruta e legumes
19;527;2027-12-21;8703,86;FreshMart Gaia;2023-01-09;Carnes Selectas;meat;160,0;higiene
250;400;2033-01-03;1314,26;Atlantico Market;2025-01-13;Casa Verde Horticolas;produce;;bebidas
222;428;2025-08-21;3946,07;BomPreco;2021-07-06;Peixe Fresco Iberico;seafood;;laticinios
330;331;2028-10-20;4000,0;BomPreco;2025-02-18;Lacteos do Vale;dairy;;higiene
45;100;2025-02-06;890,69;SuperNorte;2021-03-03;Casa Verde Horticolas;produce;145,0;talho
335;203;2026-08-25;4431,19;Nova Compra;2024-12-25;Bebidas Lusas;beverages;139,0;padaria
92;890;2028-09-20;1432,4;Mercado Central;2024-11-30;Casa Verde Horticolas;produce;37,0;talho
288;693;2029-03-20;6772,67;BomPreco;2025-10-31;Bebidas Lusas;beverages;;higiene
170;618;2031-03-20;4043,75;Mercado Central;2024-11-23;Peixe Fresco Iberico;seafood;149,0;congelados
260;912;2035-03-28;1292,75;Mercado Central;2025-07-07;Frutaria Atlantica;produce;;mercearia
271;565;2032-07-12;1815,06;FreshMart Gaia;2025-10-11;Higiene Plus;cleaning products;;peixaria
2;843;2024-01-30;5364,15;Mercado Central;2022-09-10;Bebidas Lusas;beverages;167,0;congelados
410;847;2032-07-12;9956,42;Mercado Central;2025-10-07;Carnes Selectas;meat;;padaria
355;972;2029-05-12;2288,74;FreshMart Gaia;2025-09-12;Frutaria Atlantica;produce;60,0;bebidas
310;580;2024-07-07;2165,07;Atlantico Market;2022-09-29;Casa Verde Horticolas;produce;;laticinios
345;823;2029-02-06;6012,61;SuperNorte;2025-10-09;Bebidas Lusas;beverages;;talho
324;992;2027-02-09;998,41;BomPreco;2023-12-10;Frutaria Atlantica;produce;;higiene
151;683;2025-02-06;2524,17;FreshMart Gaia;2024-04-02;Bebidas Lusas;beverages;;congelados
356;902;2028-03-16;1036,79;Mercado Central;2022-08-06;Frutaria Atlantica;produce;;padaria
431;900;2026-01-14;552,46;Nova Compra;2024-03-23;Casa Verde Horticolas;produce;194,0;congelados
435;990;2025-09-01;2702,44;SuperNorte;2024-08-06;Casa Verde Horticolas;produce;;higiene
201;652;2025-02-22;3500,0;SuperNorte;2024-04-10;Frutaria Atlantica;produce;;bebidas
298;614;2023-10-14;5522,4;Atlantico Market;2023-03-05;Congelados Norte;frozen goods;;bebidas
356;757;2031-07-14;6407,26;Mercado Central;2022-08-06;Carnes Selectas;meat;;padaria
72;587;2023-12-06;5610,46;BomPreco;2021-04-11;Carnes Selectas;meat;;congelados
345;459;2032-04-18;1691,46;SuperNorte;2025-10-09;SnackHouse Distribuicao;snacks;;laticinios
149;301;2029-05-05;4000,0;Nova Compra;2025-09-19;Lacteos do Vale;dairy;41,0;congelados
168;209;2028-06-06;3000,0;BomPreco;2024-01-25;SnackHouse Distribuicao;snacks;;peixaria
70;879;2025-03-06;1268,09;Atlantico Market;2021-12-25;SnackHouse Distribuicao;snacks;;padaria
303;102;2026-04-29;3046,97;SuperNorte;2025-02-15;Frutaria Atlantica;produce;;mercearia
445;312;2028-10-14;3216,93;FreshMart Gaia;2025-09-12;Frutaria Atlantica;produce;;padaria
235;97;2025-12-21;7236,05;FreshMart Gaia;2022-03-04;Carnes Selectas;meat;;talho
344;516;2022-02-27;1190,55;Mercado Central;2021-06-15;Padaria Industrial;bakery supplies;;bebidas
279;897;2024-07-03;6330,45;SuperNorte;2022-10-07;Carnes Selectas;meat;;peixaria
44;42;2028-12-19;949,59;Mercado Central;2024-10-03;Frutaria Atlantica;produce;56,0;peixaria
432;441;2029-06-20;1060,41;BomPreco;2025-09-23;Lacteos do Vale;dairy;;bebidas
401;71;2025-12-11;3058,57;Nova Compra;2025-07-23;Lacteos do Vale;dairy;;talho
75;847;2024-06-03;3291,12;SuperNorte;2024-05-04;Carnes Selectas;meat;65,0;peixaria
75;847;2024-06-03;2889,9;SuperNorte;2024-05-04;Carnes Selectas;meat;170,0;fruta e legumes
70;961;2024-01-22;844,94;Atlantico Market;2021-12-25;Lacteos do Vale;dairy;;padaria
335;196;2028-07-18;807,29;Nova Compra;2024-12-25;Padaria Industrial;bakery supplies;139,0;padaria
90;339;2028-11-05;1952,73;BomPreco;2023-09-21;SnackHouse Distribuicao;snacks;9,0;laticinios
1;925;2031-11-04;1687,36;FreshMart Gaia;2023-11-13;Higiene Plus;cleaning products;;bebidas
481;36;2032-01-05;1466,34;FreshMart Gaia;2023-11-19;Padaria Industrial;bakery supplies;166,0;padaria
271;403;2033-07-16;3144,27;FreshMart Gaia;2025-10-11;Bebidas Lusas;beverages;;peixaria
111;196;2023-01-23;1049,46;SuperNorte;2021-08-21;Padaria Industrial;bakery supplies;;higiene
322;24;2030-06-15;6291,71;Atlantico Market;2026-01-04;Congelados Norte;frozen goods;34,0;higiene
395;805;2028-06-24;1694,26;Nova Compra;2023-10-24;Higiene Plus;cleaning products;;bebidas
14;492;2025-05-15;1421,9;Mercado Central;2022-12-20;Frutaria Atlantica;produce;12,0;mercearia
163;145;2024-11-01;1573,49;FreshMart Gaia;2021-05-29;Higiene Plus;cleaning products;;talho
75;305;2031-05-05;563,01;SuperNorte;2024-05-04;Higiene Plus;cleaning products;65,0;peixaria
75;305;2025-04-23;1375,08;SuperNorte;2024-05-04;Higiene Plus;cleaning products;170,0;fruta e legumes
461;757;2034-09-10;4088,25;Nova Compra;2025-03-18;Carnes Selectas;meat;;talho
150;104;2032-02-12;8000,0;BomPreco;2025-02-06;Congelados Norte;frozen goods;;bebidas
101;945;2025-03-01;885,77;Nova Compra;2023-02-01;Higiene Plus;cleaning products;;bebidas
39;983;2029-06-10;3952,16;SuperNorte;2022-08-08;Bebidas Lusas;beverages;;padaria
165;162;2028-06-22;1525,33;SuperNorte;2024-06-21;Frutaria Atlantica;produce;;laticinios
352;694;2023-10-21;3344,82;Atlantico Market;2022-04-17;Congelados Norte;frozen goods;;peixaria
16;42;2029-03-11;2192,37;Atlantico Market;2024-01-08;Frutaria Atlantica;produce;5,0;congelados
301;522;2025-06-14;1532,64;FreshMart Gaia;2021-11-05;Frutaria Atlantica;produce;20,0;peixaria
301;522;2025-06-14;3500,0;FreshMart Gaia;2021-11-05;Frutaria Atlantica;produce;147,0;mercearia
144;335;2025-01-20;565,46;BomPreco;2022-09-23;Higiene Plus;cleaning products;;talho
118;865;2025-02-05;1826,64;Atlantico Market;2022-07-18;Higiene Plus;cleaning products;;talho
168;202;2024-10-12;1780,74;BomPreco;2024-01-25;Frutaria Atlantica;produce;;peixaria
381;734;2023-11-17;4203,73;SuperNorte;2021-05-16;Congelados Norte;frozen goods;;talho
311;824;2027-04-01;4926,21;Nova Compra;2023-04-01;Congelados Norte;frozen goods;;talho
74;920;2028-02-22;2898,44;Mercado Central;2025-11-11;Casa Verde Horticolas;produce;3,0;mercearia
146;691;2025-09-04;2422,38;Mercado Central;2022-01-30;Lacteos do Vale;dairy;;laticinios
361;497;2023-06-11;8473,96;FreshMart Gaia;2023-03-12;Carnes Selectas;meat;;higiene
214;581;2025-01-21;2195,37;Atlantico Market;2023-09-17;Lacteos do Vale;dairy;87,0;bebidas
373;700;2025-11-03;1161,64;FreshMart Gaia;2022-06-04;Casa Verde Horticolas;produce;;bebidas
373;922;2023-10-19;1777,26;FreshMart Gaia;2022-06-04;Frutaria Atlantica;produce;;padaria
57;609;2031-11-16;2772,06;SuperNorte;2024-02-07;SnackHouse Distribuicao;snacks;;bebidas
8;203;2030-02-19;3117,24;Mercado Central;2024-02-04;Bebidas Lusas;beverages;172,0;talho
24;362;2025-12-01;1136,47;BomPreco;2023-04-04;Frutaria Atlantica;produce;;talho
456;491;2030-07-07;2841,19;BomPreco;2025-06-07;Lacteos do Vale;dairy;;talho
321;683;2024-02-20;4363,31;SuperNorte;2022-07-21;Bebidas Lusas;beverages;77,0;congelados
236;998;2027-09-24;4594,73;Mercado Central;2024-07-03;Peixe Fresco Iberico;seafood;;bebidas
157;365;2025-08-13;1238,1;FreshMart Gaia;2024-10-04;Higiene Plus;cleaning products;;talho
278;52;2023-03-06;1704,78;Mercado Central;2021-03-28;Frutaria Atlantica;produce;;peixaria
140;416;2022-10-21;1002,88;Mercado Central;2022-07-22;Padaria Industrial;bakery supplies;;padaria
430;983;2031-05-17;5016,39;Atlantico Market;2025-03-04;Bebidas Lusas;beverages;53,0;fruta e legumes
430;983;2032-01-22;3124,94;Atlantico Market;2025-03-04;Bebidas Lusas;beverages;183,0;mercearia
422;300;2021-07-08;2532,98;Mercado Central;2021-05-10;Casa Verde Horticolas;produce;;padaria
446;209;2025-11-21;1297,84;Mercado Central;2022-09-29;SnackHouse Distribuicao;snacks;187,0;higiene
72;388;2022-06-17;12000,0;BomPreco;2021-04-11;Peixe Fresco Iberico;seafood;;talho
293;791;2029-11-20;4000,0;Nova Compra;2024-07-22;Lacteos do Vale;dairy;;mercearia
492;599;2024-04-29;1122,31;BomPreco;2023-12-08;SnackHouse Distribuicao;snacks;;higiene
7;181;2025-12-31;1238,61;FreshMart Gaia;2023-07-14;Lacteos do Vale;dairy;;peixaria
32;969;2024-11-23;2562,46;Mercado Central;2023-07-31;SnackHouse Distribuicao;snacks;;laticinios
403;885;2022-10-12;1544,19;FreshMart Gaia;2021-04-09;Higiene Plus;cleaning products;;higiene
5;547;2026-04-15;6921,62;Nova Compra;2026-02-01;Carnes Selectas;meat;;laticinios
166;939;2025-04-10;1228,92;Atlantico Market;2024-12-15;SnackHouse Distribuicao;snacks;192,0;mercearia
188;368;2034-12-23;6123,89;Mercado Central;2025-01-21;Peixe Fresco Iberico;seafood;;fruta e legumes
64;305;2028-07-15;1177,36;Atlantico Market;2025-08-22;Higiene Plus;cleaning products;;padaria
118;559;2024-08-20;1892,06;Atlantico Market;2022-07-18;SnackHouse Distribuicao;snacks;;higiene
235;808;2025-04-29;3710,73;FreshMart Gaia;2022-03-04;Peixe Fresco Iberico;seafood;;peixaria
268;8;2027-11-30;6215,84;Atlantico Market;2025-06-15;Peixe Fresco Iberico;seafood;;fruta e legumes
87;413;2022-11-07;2131,14;SuperNorte;2022-03-07;Bebidas Lusas;beverages;;talho
491;334;2024-09-28;3409,66;Nova Compra;2024-07-19;Congelados Norte;frozen goods;;talho
331;759;2028-08-23;1579,28;FreshMart Gaia;2021-12-05;SnackHouse Distribuicao;snacks;;mercearia
118;121;2023-02-15;2701,52;Atlantico Market;2022-07-18;Lacteos do Vale;dairy;;fruta e legumes
382;910;2029-11-02;2412,9;Atlantico Market;2023-09-03;Casa Verde Horticolas;produce;;higiene
23;422;2027-03-10;2605,43;Nova Compra;2023-11-14;Frutaria Atlantica;produce;;congelados
435;711;2033-10-03;1103,2;SuperNorte;2024-08-06;Lacteos do Vale;dairy;;fruta e legumes
444;357;2031-09-03;9537,56;BomPreco;2025-11-27;Carnes Selectas;meat;164,0;peixaria
78;798;2025-05-09;4862,94;BomPreco;2022-12-29;Peixe Fresco Iberico;seafood;46,0;talho
148;435;2031-11-26;1063,06;Atlantico Market;2025-02-26;Higiene Plus;cleaning products;174,0;mercearia
152;274;2032-10-28;4852,78;Mercado Central;2023-11-30;Congelados Norte;frozen goods;;mercearia
167;573;2026-05-23;3222,33;Nova Compra;2024-08-25;Bebidas Lusas;beverages;;higiene
126;949;2025-12-01;1941,76;BomPreco;2022-12-13;SnackHouse Distribuicao;snacks;;laticinios
94;450;2025-07-15;2366,74;Atlantico Market;2024-06-11;Casa Verde Horticolas;produce;1,0;talho
94;450;2025-07-15;1312,27;Atlantico Market;2024-06-11;Casa Verde Horticolas;produce;49,0;padaria
139;202;2023-10-27;1703,2;FreshMart Gaia;2023-09-26;Frutaria Atlantica;produce;148,0;padaria
57;844;2030-09-15;4011,89;SuperNorte;2024-02-07;Congelados Norte;frozen goods;;padaria
48;445;2024-06-16;2116,32;BomPreco;2022-10-06;Higiene Plus;cleaning products;;peixaria
399;493;2031-03-15;3041,75;SuperNorte;2024-04-02;Bebidas Lusas;beverages;;talho
95;86;2024-05-17;795,4;Nova Compra;2021-11-19;Padaria Industrial;bakery supplies;;congelados
245;907;2030-05-11;3409,86;Nova Compra;2024-07-08;Carnes Selectas;meat;;congelados
132;409;2026-02-03;1095,81;BomPreco;2022-11-23;SnackHouse Distribuicao;snacks;76,0;padaria
403;963;2029-01-02;2042,11;FreshMart Gaia;2021-04-09;Bebidas Lusas;beverages;;padaria
24;37;2024-06-04;3935,43;BomPreco;2023-04-04;Carnes Selectas;meat;;congelados
213;271;2032-01-07;4000,0;SuperNorte;2022-08-14;Lacteos do Vale;dairy;19,0;talho
422;283;2025-12-03;5117,49;Mercado Central;2021-05-10;Bebidas Lusas;beverages;;laticinios
400;611;2023-05-20;3820,09;Atlantico Market;2021-10-07;Lacteos do Vale;dairy;;talho
173;785;2026-05-15;896,63;Nova Compra;2022-01-16;Higiene Plus;cleaning products;104,0;congelados
177;249;2025-08-23;686,81;SuperNorte;2023-05-04;SnackHouse Distribuicao;snacks;;higiene
101;265;2024-10-19;1585,38;Nova Compra;2023-02-01;Higiene Plus;cleaning products;;padaria
250;173;2033-03-01;7000,0;Atlantico Market;2025-01-13;Bebidas Lusas;beverages;;congelados
208;275;2024-12-23;1105,23;Atlantico Market;2024-12-15;Higiene Plus;cleaning products;176,0;congelados
332;204;2031-08-07;4501,6;Mercado Central;2024-11-20;Congelados Norte;frozen goods;;higiene
288;284;2030-10-24;2121,93;BomPreco;2025-10-31;Congelados Norte;frozen goods;;mercearia
377;952;2024-05-05;1873,63;Nova Compra;2023-06-29;Frutaria Atlantica;produce;;congelados
272;783;2030-06-13;3544,9;Mercado Central;2025-06-25;Bebidas Lusas;beverages;122,0;congelados
159;421;2025-03-01;838,28;SuperNorte;2025-01-19;Lacteos do Vale;dairy;;laticinios
8;3;2032-07-30;2351,27;Mercado Central;2024-02-04;Bebidas Lusas;beverages;172,0;talho
78;634;2023-06-12;2601,5;BomPreco;2022-12-29;Congelados Norte;frozen goods;46,0;talho
71;272;2025-10-01;908,74;Nova Compra;2024-03-23;Frutaria Atlantica;produce;136,0;talho
23;544;2024-08-04;3103,19;Nova Compra;2023-11-14;Congelados Norte;frozen goods;;mercearia
232;420;2029-12-22;2325,96;Atlantico Market;2021-05-12;Casa Verde Horticolas;produce;;laticinios
274;675;2024-01-09;1034,09;Atlantico Market;2021-09-17;Higiene Plus;cleaning products;;laticinios
224;755;2028-08-13;2305,45;Mercado Central;2024-04-11;Higiene Plus;cleaning products;98,0;fruta e legumes
466;697;2025-02-02;4586,68;Atlantico Market;2022-02-26;Carnes Selectas;meat;99,0;laticinios
279;222;2024-08-14;2142,52;SuperNorte;2022-10-07;Frutaria Atlantica;produce;;bebidas
449;779;2030-03-04;2063,99;Nova Compra;2024-02-23;SnackHouse Distribuicao;snacks;;peixaria
94;605;2025-07-13;2500,0;Atlantico Market;2024-06-11;Higiene Plus;cleaning products;1,0;talho
94;605;2025-07-13;996,21;Atlantico Market;2024-06-11;Higiene Plus;cleaning products;49,0;padaria
175;359;2025-12-05;2013,42;FreshMart Gaia;2024-01-18;SnackHouse Distribuicao;snacks;;mercearia
460;784;2025-01-07;2808,45;Atlantico Market;2024-04-23;Congelados Norte;frozen goods;;mercearia
312;574;2029-10-12;8000,0;BomPreco;2025-12-24;Congelados Norte;frozen goods;;laticinios
13;578;2024-06-09;4071,22;FreshMart Gaia;2022-10-16;Peixe Fresco Iberico;seafood;;talho
147;284;2025-09-24;5110,36;SuperNorte;2022-01-01;Congelados Norte;frozen goods;;bebidas
355;373;2031-09-19;7000,0;FreshMart Gaia;2025-09-12;Bebidas Lusas;beverages;60,0;bebidas
371;877;2031-11-21;3151,77;Nova Compra;2022-09-12;Carnes Selectas;meat;;congelados
432;198;2030-07-28;8496,0;BomPreco;2025-09-23;Peixe Fresco Iberico;seafood;;padaria
329;803;2027-03-30;2398,89;Nova Compra;2023-01-15;Bebidas Lusas;beverages;198,0;laticinios
61;218;2023-06-06;12000,0;FreshMart Gaia;2021-12-07;Peixe Fresco Iberico;seafood;;talho
163;487;2022-05-07;2305,46;FreshMart Gaia;2021-05-29;Carnes Selectas;meat;;bebidas
18;575;2028-12-02;694,66;BomPreco;2025-02-11;Higiene Plus;cleaning products;;laticinios
122;175;2023-03-22;830,08;Mercado Central;2022-11-09;Higiene Plus;cleaning products;30,0;mercearia
83;769;2030-12-09;1010,64;Nova Compra;2025-01-15;SnackHouse Distribuicao;snacks;157,0;padaria
83;769;2027-05-22;2085,83;Nova Compra;2025-01-15;SnackHouse Distribuicao;snacks;182,0;peixaria
195;119;2024-02-04;3000,0;SuperNorte;2022-02-10;SnackHouse Distribuicao;snacks;162,0;laticinios
443;814;2030-01-20;7231,33;Nova Compra;2025-05-20;Congelados Norte;frozen goods;;peixaria
94;819;2030-05-28;1833,14;Atlantico Market;2024-06-11;SnackHouse Distribuicao;snacks;1,0;talho
94;819;2025-05-02;1657,13;Atlantico Market;2024-06-11;SnackHouse Distribuicao;snacks;49,0;padaria
253;105;2025-07-15;1046,65;FreshMart Gaia;2023-05-05;Higiene Plus;cleaning products;89,0;fruta e legumes
97;190;2023-11-17;2205,97;FreshMart Gaia;2023-11-01;Casa Verde Horticolas;produce;;bebidas
309;177;2024-12-11;4915,72;SuperNorte;2024-03-19;Carnes Selectas;meat;;higiene
127;159;2023-06-16;1796,81;FreshMart Gaia;2022-10-25;SnackHouse Distribuicao;snacks;;laticinios
370;663;2032-04-03;2686,79;Atlantico Market;2023-01-22;Bebidas Lusas;beverages;7,0;higiene
384;342;2033-02-24;1077,2;BomPreco;2024-10-07;Frutaria Atlantica;produce;;peixaria
215;980;2022-09-24;1871,33;Nova Compra;2022-05-12;Casa Verde Horticolas;produce;;congelados
310;55;2023-05-13;1377,09;Atlantico Market;2022-09-29;Higiene Plus;cleaning products;;fruta e legumes
490;846;2027-11-11;764,78;Atlantico Market;2023-10-13;Padaria Industrial;bakery supplies;;mercearia
207;113;2030-03-31;2656,01;SuperNorte;2022-08-16;Bebidas Lusas;beverages;;talho
192;923;2028-01-18;4821,28;BomPreco;2023-05-20;Bebidas Lusas;beverages;80,0;fruta e legumes
364;479;2025-03-31;2024,86;Atlantico Market;2021-12-06;SnackHouse Distribuicao;snacks;;peixaria
278;134;2023-10-19;8000,0;Mercado Central;2021-03-28;Congelados Norte;frozen goods;;bebidas
111;995;2028-10-03;2500,0;SuperNorte;2021-08-21;Higiene Plus;cleaning products;;higiene
94;891;2025-05-28;1256,39;Atlantico Market;2024-06-11;Lacteos do Vale;dairy;1,0;talho
94;891;2025-05-28;1973,08;Atlantico Market;2024-06-11;Lacteos do Vale;dairy;49,0;padaria
10;83;2025-09-15;2029,14;Atlantico Market;2024-07-05;Bebidas Lusas;beverages;;laticinios
178;956;2026-03-11;437,07;Atlantico Market;2023-12-25;Padaria Industrial;bakery supplies;;higiene
227;345;2024-04-13;2500,0;Nova Compra;2022-03-15;Higiene Plus;cleaning products;;congelados
365;8;2025-12-25;12000,0;Nova Compra;2023-06-30;Peixe Fresco Iberico;seafood;;higiene
287;379;2029-02-28;1242,8;Nova Compra;2024-10-19;SnackHouse Distribuicao;snacks;83,0;peixaria
489;850;2026-12-12;3237,19;SuperNorte;2023-09-27;Casa Verde Horticolas;produce;;congelados
434;714;2026-09-03;8000,0;Mercado Central;2025-07-06;Congelados Norte;frozen goods;95,0;congelados
63;972;2027-04-20;779,56;SuperNorte;2023-01-21;Frutaria Atlantica;produce;50,0;congelados
63;972;2026-08-15;2712,73;SuperNorte;2023-01-21;Frutaria Atlantica;produce;132,0;bebidas
225;889;2028-05-13;1322,51;SuperNorte;2025-06-18;SnackHouse Distribuicao;snacks;97,0;higiene
325;633;2028-04-01;4455,54;FreshMart Gaia;2024-03-27;Bebidas Lusas;beverages;;bebidas
227;366;2023-12-18;1800,0;Nova Compra;2022-03-15;Padaria Industrial;bakery supplies;;mercearia
316;464;2025-05-10;8000,0;Atlantico Market;2022-06-02;Congelados Norte;frozen goods;75,0;mercearia
70;864;2024-06-24;4058,93;Atlantico Market;2021-12-25;Congelados Norte;frozen goods;;laticinios
378;416;2025-07-26;1800,0;BomPreco;2021-04-27;Padaria Industrial;bakery supplies;137,0;peixaria
303;282;2027-11-02;778,98;SuperNorte;2025-02-15;Frutaria Atlantica;produce;;higiene
162;169;2034-07-29;2069,66;BomPreco;2024-11-21;SnackHouse Distribuicao;snacks;;fruta e legumes
494;569;2026-10-07;2092,04;Mercado Central;2024-11-22;SnackHouse Distribuicao;snacks;;talho
205;377;2035-12-01;7418,38;FreshMart Gaia;2026-01-02;Carnes Selectas;meat;;talho
306;606;2029-05-27;795,47;BomPreco;2025-04-13;Padaria Industrial;bakery supplies;;padaria
339;792;2030-01-08;2196,96;SuperNorte;2022-10-13;Frutaria Atlantica;produce;155,0;peixaria
497;959;2030-01-14;2425,32;Nova Compra;2024-09-10;SnackHouse Distribuicao;snacks;105,0;bebidas
301;994;2025-11-13;1511,77;FreshMart Gaia;2021-11-05;Congelados Norte;frozen goods;20,0;peixaria
301;994;2025-11-13;3729,73;FreshMart Gaia;2021-11-05;Congelados Norte;frozen goods;147,0;mercearia
321;600;2025-04-21;1232,07;SuperNorte;2022-07-21;Casa Verde Horticolas;produce;77,0;congelados
420;168;2029-11-30;8756,23;BomPreco;2021-05-15;Peixe Fresco Iberico;seafood;;congelados
292;747;2023-10-01;10000,0;Atlantico Market;2023-07-16;Carnes Selectas;meat;17,0;fruta e legumes
487;145;2029-12-06;1044,06;FreshMart Gaia;2024-08-09;Higiene Plus;cleaning products;;talho
193;119;2025-10-14;1010,92;FreshMart Gaia;2022-02-11;SnackHouse Distribuicao;snacks;;higiene
361;207;2023-04-13;5692,35;FreshMart Gaia;2023-03-12;Carnes Selectas;meat;;mercearia
298;151;2024-05-20;1279,57;Atlantico Market;2023-03-05;Lacteos do Vale;dairy;;talho
329;361;2024-12-15;1941,72;Nova Compra;2023-01-15;Lacteos do Vale;dairy;198,0;laticinios
388;985;2023-12-07;1184,25;Atlantico Market;2022-12-28;Higiene Plus;cleaning products;;padaria
165;362;2026-02-02;2401,83;SuperNorte;2024-06-21;Frutaria Atlantica;produce;;bebidas
498;540;2023-10-12;2131,92;BomPreco;2023-08-24;Casa Verde Horticolas;produce;;higiene
319;269;2027-02-19;1774,3;FreshMart Gaia;2025-11-02;SnackHouse Distribuicao;snacks;;higiene
164;146;2028-06-21;1800,0;Mercado Central;2022-03-01;Padaria Industrial;bakery supplies;165,0;mercearia
164;146;2025-12-29;1129,05;Mercado Central;2022-03-01;Padaria Industrial;bakery supplies;181,0;talho
350;387;2030-06-01;4474,4;Mercado Central;2025-07-14;Carnes Selectas;meat;;higiene
498;164;2031-03-09;3765,12;BomPreco;2023-08-24;Congelados Norte;frozen goods;;congelados
392;929;2033-01-21;1169,81;Mercado Central;2023-08-21;SnackHouse Distribuicao;snacks;;fruta e legumes
27;302;2023-09-05;1169,76;SuperNorte;2022-08-07;Frutaria Atlantica;produce;42,0;bebidas
12;148;2027-07-24;3478,49;BomPreco;2024-07-15;Peixe Fresco Iberico;seafood;;fruta e legumes
136;1;2028-06-12;3581,82;Atlantico Market;2021-09-27;Lacteos do Vale;dairy;;peixaria
218;351;2033-01-31;1556,17;Mercado Central;2025-07-13;Lacteos do Vale;dairy;;laticinios
415;335;2026-12-13;1585,05;FreshMart Gaia;2024-03-20;Higiene Plus;cleaning products;;congelados
63;292;2024-02-07;1616,47;SuperNorte;2023-01-21;Frutaria Atlantica;produce;50,0;congelados
63;292;2031-08-18;1825,83;SuperNorte;2023-01-21;Frutaria Atlantica;produce;132,0;bebidas
246;31;2023-09-16;3613,51;BomPreco;2021-03-04;Lacteos do Vale;dairy;161,0;fruta e legumes
246;31;2023-09-16;2327,89;BomPreco;2021-03-04;Lacteos do Vale;dairy;191,0;peixaria
162;156;2026-04-12;660,21;BomPreco;2024-11-21;Padaria Industrial;bakery supplies;;higiene
412;320;2030-12-14;1435,24;Atlantico Market;2024-08-06;Casa Verde Horticolas;produce;36,0;laticinios
32;147;2027-12-27;7951,61;Mercado Central;2023-07-31;Carnes Selectas;meat;;laticinios
415;153;2026-04-15;4660,8;FreshMart Gaia;2024-03-20;Bebidas Lusas;beverages;;bebidas
379;870;2024-07-21;2801,83;FreshMart Gaia;2024-02-27;Casa Verde Horticolas;produce;;talho
363;573;2027-01-10;3368,37;SuperNorte;2025-10-30;Bebidas Lusas;beverages;;fruta e legumes
408;331;2022-10-02;1147,11;BomPreco;2022-04-15;Lacteos do Vale;dairy;;laticinios
423;800;2023-06-23;2323,74;SuperNorte;2022-05-09;Casa Verde Horticolas;produce;14,0;congelados
423;800;2023-06-23;2072,91;SuperNorte;2022-05-09;Casa Verde Horticolas;produce;55,0;talho
456;171;2035-01-22;2437,62;BomPreco;2025-06-07;Lacteos do Vale;dairy;;higiene
296;516;2033-02-10;536,99;Mercado Central;2024-07-23;Padaria Industrial;bakery supplies;;mercearia
335;158;2030-10-25;4872,98;Nova Compra;2024-12-25;Peixe Fresco Iberico;seafood;139,0;padaria
56;872;2026-09-25;1212,79;Mercado Central;2023-09-26;Frutaria Atlantica;produce;78,0;bebidas
56;872;2031-11-01;2214,22;Mercado Central;2023-09-26;Frutaria Atlantica;produce;134,0;fruta e legumes
227;378;2023-01-29;7901,16;Nova Compra;2022-03-15;Peixe Fresco Iberico;seafood;;bebidas
369;718;2024-11-28;6374,03;SuperNorte;2024-02-08;Peixe Fresco Iberico;seafood;;bebidas
154;989;2034-09-22;2550,24;Atlantico Market;2025-10-16;SnackHouse Distribuicao;snacks;184,0;padaria
415;622;2026-08-19;3500,0;FreshMart Gaia;2024-03-20;Frutaria Atlantica;produce;;talho
63;415;2023-12-22;1611,76;SuperNorte;2023-01-21;Higiene Plus;cleaning products;50,0;congelados
63;415;2023-12-22;1859,74;SuperNorte;2023-01-21;Higiene Plus;cleaning products;132,0;bebidas
218;577;2034-06-11;4232,11;Mercado Central;2025-07-13;Carnes Selectas;meat;;fruta e legumes
40;103;2024-12-02;2705,57;Atlantico Market;2022-08-09;Bebidas Lusas;beverages;111,0;mercearia
450;516;2023-05-07;1575,2;BomPreco;2021-02-18;Padaria Industrial;bakery supplies;;bebidas
431;863;2028-01-02;2529,75;Nova Compra;2024-03-23;Bebidas Lusas;beverages;194,0;congelados
494;432;2031-09-13;2531,63;Mercado Central;2024-11-22;Frutaria Atlantica;produce;;talho
109;717;2022-09-20;10000,0;FreshMart Gaia;2021-02-19;Carnes Selectas;meat;;congelados
114;960;2029-06-26;2482,47;BomPreco;2025-03-11;Casa Verde Horticolas;produce;;mercearia
320;885;2025-08-22;1325,82;Mercado Central;2024-03-23;Higiene Plus;cleaning products;;fruta e legumes
109;950;2023-03-27;1012,11;FreshMart Gaia;2021-02-19;Casa Verde Horticolas;produce;;congelados
104;826;2023-05-09;1076,25;Mercado Central;2023-01-07;Padaria Industrial;bakery supplies;;talho
236;969;2025-08-09;2598,33;Mercado Central;2024-07-03;SnackHouse Distribuicao;snacks;;peixaria
328;309;2031-08-12;1522,33;Atlantico Market;2024-05-28;SnackHouse Distribuicao;snacks;;bebidas
134;216;2028-09-15;1583,55;Mercado Central;2024-07-19;Padaria Industrial;bakery supplies;;talho
336;708;2022-03-11;7660,39;BomPreco;2021-05-18;Peixe Fresco Iberico;seafood;10,0;talho
472;716;2025-06-22;1140,09;Atlantico Market;2022-12-04;Padaria Industrial;bakery supplies;154,0;talho
252;280;2030-10-26;1604,21;BomPreco;2022-11-20;Casa Verde Horticolas;produce;;fruta e legumes
161;218;2023-03-14;3375,63;Nova Compra;2021-02-26;Peixe Fresco Iberico;seafood;;higiene
235;945;2025-04-19;1135,59;FreshMart Gaia;2022-03-04;Higiene Plus;cleaning products;;higiene
406;541;2032-10-05;1769,32;Atlantico Market;2022-12-02;Lacteos do Vale;dairy;93,0;mercearia
78;311;2030-02-12;2785,47;BomPreco;2022-12-29;Lacteos do Vale;dairy;46,0;talho
205;638;2030-02-13;6455,62;FreshMart Gaia;2026-01-02;Peixe Fresco Iberico;seafood;;mercearia
104;413;2027-08-11;6105,45;Mercado Central;2023-01-07;Bebidas Lusas;beverages;;padaria
79;396;2026-09-04;1134,97;FreshMart Gaia;2023-10-18;Padaria Industrial;bakery supplies;2,0;peixaria
79;396;2032-06-09;796,95;FreshMart Gaia;2023-10-18;Padaria Industrial;bakery supplies;67,0;padaria
417;77;2026-09-18;3742,32;SuperNorte;2023-07-19;Carnes Selectas;meat;;laticinios
78;430;2025-04-02;1410,11;BomPreco;2022-12-29;Casa Verde Horticolas;produce;46,0;talho
73;236;2031-03-07;1075,03;FreshMart Gaia;2025-01-05;Padaria Industrial;bakery supplies;61,0;higiene
357;518;2024-03-03;5496,14;SuperNorte;2021-05-17;Peixe Fresco Iberico;seafood;;congelados
436;424;2026-08-27;2649,09;Atlantico Market;2023-12-11;Congelados Norte;frozen goods;189,0;laticinios
434;771;2026-06-22;3382,08;Mercado Central;2025-07-06;Lacteos do Vale;dairy;95,0;congelados
428;746;2026-09-20;1070,94;Mercado Central;2023-08-26;Padaria Industrial;bakery supplies;;fruta e legumes
420;730;2026-02-10;2093,44;BomPreco;2021-05-15;Casa Verde Horticolas;produce;;laticinios
457;227;2022-07-15;3729,29;FreshMart Gaia;2022-06-06;Carnes Selectas;meat;107,0;fruta e legumes
137;500;2025-12-03;1157,74;Nova Compra;2021-03-16;Casa Verde Horticolas;produce;150,0;bebidas
202;481;2025-07-07;1998,63;Atlantico Market;2022-03-22;Lacteos do Vale;dairy;;fruta e legumes
359;247;2025-09-03;2167,78;Nova Compra;2021-05-09;Carnes Selectas;meat;;higiene
472;80;2023-06-03;2627,68;Atlantico Market;2022-12-04;Casa Verde Horticolas;produce;154,0;talho
205;209;2033-11-16;1201,97;FreshMart Gaia;2026-01-02;SnackHouse Distribuicao;snacks;;congelados
251;905;2024-01-19;1218,95;Nova Compra;2023-03-21;Higiene Plus;cleaning products;;bebidas
145;625;2025-06-28;1666,24;FreshMart Gaia;2023-11-02;Higiene Plus;cleaning products;131,0;congelados
145;625;2025-06-28;1242,8;FreshMart Gaia;2023-11-02;Higiene Plus;cleaning products;177,0;bebidas
416;369;2025-08-08;975,32;Mercado Central;2021-10-24;SnackHouse Distribuicao;snacks;;higiene
369;792;2031-02-20;3500,0;SuperNorte;2024-02-08;Frutaria Atlantica;produce;;bebidas
71;395;2030-10-27;689,9;Nova Compra;2024-03-23;Higiene Plus;cleaning products;136,0;talho
45;780;2021-06-19;676,2;SuperNorte;2021-03-03;Casa Verde Horticolas;produce;145,0;talho
263;413;2022-11-21;5558,49;Nova Compra;2022-05-13;Bebidas Lusas;beverages;47,0;peixaria
157;298;2029-06-26;3370,49;FreshMart Gaia;2024-10-04;Peixe Fresco Iberico;seafood;;higiene
380;239;2027-06-22;2899,47;Mercado Central;2022-09-25;SnackHouse Distribuicao;snacks;;talho
499;560;2032-12-19;2191,94;FreshMart Gaia;2023-08-29;Casa Verde Horticolas;produce;;higiene
308;108;2026-01-05;7382,81;Mercado Central;2022-07-13;Peixe Fresco Iberico;seafood;;bebidas
385;778;2031-03-17;5031,61;FreshMart Gaia;2023-02-10;Peixe Fresco Iberico;seafood;;laticinios
421;755;2031-12-03;948,4;FreshMart Gaia;2023-11-12;Higiene Plus;cleaning products;;padaria
150;869;2025-08-04;1393,0;BomPreco;2025-02-06;SnackHouse Distribuicao;snacks;;talho
7;423;2025-09-21;2526,94;FreshMart Gaia;2023-07-14;Bebidas Lusas;beverages;;peixaria
458;100;2025-08-26;3185,59;Mercado Central;2024-04-06;Casa Verde Horticolas;produce;169,0;higiene
410;987;2034-05-17;3865,77;Mercado Central;2025-10-07;Carnes Selectas;meat;;laticinios
162;898;2025-10-20;8163,38;BomPreco;2024-11-21;Peixe Fresco Iberico;seafood;;padaria
93;958;2031-01-29;10217,95;SuperNorte;2023-02-02;Peixe Fresco Iberico;seafood;102,0;mercearia
343;129;2028-02-26;1109,87;FreshMart Gaia;2021-12-03;SnackHouse Distribuicao;snacks;146,0;peixaria
8;862;2025-09-12;2191,64;Mercado Central;2024-02-04;Frutaria Atlantica;produce;172,0;talho
395;53;2028-06-16;2508,06;Nova Compra;2023-10-24;Bebidas Lusas;beverages;;peixaria
147;369;2023-02-02;1526,06;SuperNorte;2022-01-01;SnackHouse Distribuicao;snacks;;bebidas
430;256;2028-04-22;813,52;Atlantico Market;2025-03-04;Padaria Industrial;bakery supplies;53,0;fruta e legumes
430;256;2026-08-05;731,29;Atlantico Market;2025-03-04;Padaria Industrial;bakery supplies;183,0;mercearia
496;49;2032-05-20;1771,42;Atlantico Market;2025-03-17;SnackHouse Distribuicao;snacks;;congelados
310;178;2022-12-03;3763,88;Atlantico Market;2022-09-29;Peixe Fresco Iberico;seafood;;higiene
415;461;2025-01-31;3266,17;FreshMart Gaia;2024-03-20;Lacteos do Vale;dairy;;padaria
435;316;2028-04-02;614,66;SuperNorte;2024-08-06;Padaria Industrial;bakery supplies;;fruta e legumes
41;354;2025-06-02;2431,3;Nova Compra;2024-05-01;Congelados Norte;frozen goods;;laticinios
106;50;2033-08-10;1651,45;Atlantico Market;2024-07-22;Casa Verde Horticolas;produce;;talho
167;673;2032-09-05;3171,26;Nova Compra;2024-08-25;Bebidas Lusas;beverages;;laticinios
215;82;2025-11-07;2171,0;Nova Compra;2022-05-12;Frutaria Atlantica;produce;;congelados
294;672;2029-09-21;1921,99;BomPreco;2022-04-03;Frutaria Atlantica;produce;;bebidas
107;549;2033-05-23;793,31;Nova Compra;2025-07-14;SnackHouse Distribuicao;snacks;141,0;bebidas
107;549;2033-07-16;2572,12;Nova Compra;2025-07-14;SnackHouse Distribuicao;snacks;158,0;congelados
124;163;2023-08-05;3310,02;Atlantico Market;2022-03-28;Bebidas Lusas;beverages;;laticinios
101;903;2023-08-22;4180,42;Nova Compra;2023-02-01;Bebidas Lusas;beverages;;peixaria
318;318;2025-12-09;12000,0;BomPreco;2021-03-16;Peixe Fresco Iberico;seafood;88,0;higiene
54;40;2025-04-02;3300,54;BomPreco;2021-08-12;Casa Verde Horticolas;produce;;congelados
483;534;2025-03-30;4727,3;SuperNorte;2025-01-22;Congelados Norte;frozen goods;;laticinios
155;482;2028-10-21;997,31;Nova Compra;2021-06-09;Frutaria Atlantica;produce;121,0;padaria
287;37;2025-05-28;2933,07;Nova Compra;2024-10-19;Carnes Selectas;meat;83,0;peixaria
376;730;2026-06-06;3120,85;Atlantico Market;2025-07-22;Casa Verde Horticolas;produce;;padaria
346;191;2021-04-28;1794,36;Atlantico Market;2021-02-27;Lacteos do Vale;dairy;;congelados
55;841;2035-01-21;1993,08;FreshMart Gaia;2025-06-03;Lacteos do Vale;dairy;;higiene
12;20;2031-01-05;1104,87;BomPreco;2024-07-15;Casa Verde Horticolas;produce;;fruta e legumes
191;31;2032-10-17;2627,68;Nova Compra;2024-01-10;Lacteos do Vale;dairy;;laticinios
89;822;2023-12-22;3092,01;Nova Compra;2021-05-28;Frutaria Atlantica;produce;;talho
397;922;2025-09-24;3500,0;FreshMart Gaia;2023-10-31;Frutaria Atlantica;produce;32,0;congelados
437;783;2030-10-20;3065,13;Nova Compra;2023-11-18;Bebidas Lusas;beverages;;mercearia
32;516;2029-03-26;1336,69;Mercado Central;2023-07-31;Padaria Industrial;bakery supplies;;bebidas
456;848;2025-11-04;6227,74;BomPreco;2025-06-07;Peixe Fresco Iberico;seafood;;mercearia
21;78;2025-02-06;9659,36;SuperNorte;2024-04-14;Peixe Fresco Iberico;seafood;;talho
42;83;2022-11-08;3743,31;BomPreco;2022-11-03;Bebidas Lusas;beverages;;laticinios
298;899;2025-04-07;1138,74;Atlantico Market;2023-03-05;SnackHouse Distribuicao;snacks;;mercearia
475;582;2028-03-03;3350,99;FreshMart Gaia;2025-02-17;Frutaria Atlantica;produce;124,0;higiene
348;717;2024-06-10;5644,84;BomPreco;2024-01-26;Carnes Selectas;meat;;peixaria
268;490;2031-10-18;1579,37;Atlantico Market;2025-06-15;Casa Verde Horticolas;produce;;higiene
338;829;2023-05-23;1787,43;Mercado Central;2023-02-16;SnackHouse Distribuicao;snacks;;peixaria
195;590;2022-12-12;1328,03;SuperNorte;2022-02-10;Casa Verde Horticolas;produce;162,0;laticinios
428;175;2027-08-31;1657,51;Mercado Central;2023-08-26;Higiene Plus;cleaning products;;higiene
500;664;2023-05-03;3936,45;Mercado Central;2022-04-18;Congelados Norte;frozen goods;;mercearia
123;866;2023-04-25;699,31;SuperNorte;2023-03-06;Padaria Industrial;bakery supplies;185,0;congelados
78;808;2025-04-04;12000,0;BomPreco;2022-12-29;Peixe Fresco Iberico;seafood;46,0;talho
326;7;2024-09-13;3431,91;Mercado Central;2024-09-07;Carnes Selectas;meat;;bebidas
477;197;2023-05-21;6330,48;SuperNorte;2022-01-25;Carnes Selectas;meat;;laticinios
279;623;2027-04-02;3847,08;SuperNorte;2022-10-07;Bebidas Lusas;beverages;;higiene
456;385;2027-11-06;866,7;BomPreco;2025-06-07;Higiene Plus;cleaning products;;mercearia
480;413;2031-12-28;3221,85;BomPreco;2022-01-15;Bebidas Lusas;beverages;;higiene
422;48;2024-08-25;3552,51;Mercado Central;2021-05-10;Peixe Fresco Iberico;seafood;;padaria
483;854;2033-05-24;8000,0;SuperNorte;2025-01-22;Congelados Norte;frozen goods;;bebidas
380;511;2024-12-13;1905,77;Mercado Central;2022-09-25;Lacteos do Vale;dairy;;mercearia
470;315;2023-03-07;1266,41;Mercado Central;2022-09-27;Higiene Plus;cleaning products;84,0;mercearia
387;10;2025-09-19;3500,0;SuperNorte;2022-10-15;Casa Verde Horticolas;produce;66,0;mercearia
337;783;2033-08-21;2588,21;FreshMart Gaia;2025-05-15;Bebidas Lusas;beverages;117,0;laticinios
331;579;2025-01-21;2954,29;FreshMart Gaia;2021-12-05;SnackHouse Distribuicao;snacks;;padaria
238;796;2023-11-16;1305,57;Atlantico Market;2023-01-21;Padaria Industrial;bakery supplies;;padaria
48;314;2032-05-23;1764,86;BomPreco;2022-10-06;Congelados Norte;frozen goods;;peixaria
283;595;2025-01-02;1163,54;FreshMart Gaia;2022-11-06;Higiene Plus;cleaning products;43,0;higiene
310;873;2024-11-17;4564,13;Atlantico Market;2022-09-29;Bebidas Lusas;beverages;;peixaria
320;359;2029-08-15;1676,62;Mercado Central;2024-03-23;SnackHouse Distribuicao;snacks;;padaria
14;92;2032-04-10;1882,13;Mercado Central;2022-12-20;Frutaria Atlantica;produce;12,0;mercearia
113;181;2023-01-30;1635,98;Nova Compra;2021-11-05;Lacteos do Vale;dairy;188,0;fruta e legumes
463;998;2030-11-28;4716,23;FreshMart Gaia;2025-03-11;Peixe Fresco Iberico;seafood;108,0;laticinios
17;611;2022-03-20;1871,4;Nova Compra;2021-06-10;Lacteos do Vale;dairy;;fruta e legumes
219;568;2033-07-01;12000,0;SuperNorte;2025-01-12;Peixe Fresco Iberico;seafood;175,0;padaria
274;921;2023-01-28;1429,06;Atlantico Market;2021-09-17;Lacteos do Vale;dairy;;higiene
95;656;2028-07-16;804,94;Nova Compra;2021-11-19;Padaria Industrial;bakery supplies;;higiene
421;555;2025-02-14;1392,97;FreshMart Gaia;2023-11-12;Higiene Plus;cleaning products;;padaria
235;392;2027-09-21;957,69;FreshMart Gaia;2022-03-04;Frutaria Atlantica;produce;;padaria
141;234;2026-06-22;5222,58;SuperNorte;2021-05-17;Congelados Norte;frozen goods;;higiene
472;26;2023-07-01;560,12;Atlantico Market;2022-12-04;Padaria Industrial;bakery supplies;154,0;talho
141;762;2026-02-06;1134,2;SuperNorte;2021-05-17;Frutaria Atlantica;produce;;congelados
287;69;2030-09-21;989,96;Nova Compra;2024-10-19;SnackHouse Distribuicao;snacks;83,0;peixaria
64;244;2031-01-17;2055,16;Atlantico Market;2025-08-22;Congelados Norte;frozen goods;;padaria
103;652;2024-11-08;3273,74;FreshMart Gaia;2022-12-24;Frutaria Atlantica;produce;;congelados
149;423;2034-10-28;4742,06;Nova Compra;2025-09-19;Bebidas Lusas;beverages;41,0;congelados
58;346;2025-08-24;1514,48;Atlantico Market;2023-08-09;Padaria Industrial;bakery supplies;;mercearia
329;735;2026-06-15;1998,75;Nova Compra;2023-01-15;Higiene Plus;cleaning products;198,0;laticinios
492;704;2032-09-15;3986,71;BomPreco;2023-12-08;Congelados Norte;frozen goods;;talho
258;742;2033-03-14;1825,59;BomPreco;2025-02-11;Frutaria Atlantica;produce;73,0;talho
258;742;2027-12-17;2919,34;BomPreco;2025-02-11;Frutaria Atlantica;produce;100,0;talho
415;320;2029-05-24;3500,0;FreshMart Gaia;2024-03-20;Casa Verde Horticolas;produce;;laticinios
10;107;2032-01-16;3065,65;Atlantico Market;2024-07-05;Carnes Selectas;meat;;mercearia
284;660;2023-06-28;3500,0;Mercado Central;2023-04-30;Casa Verde Horticolas;produce;153,0;laticinios
109;420;2025-03-30;1023,41;FreshMart Gaia;2021-02-19;Casa Verde Horticolas;produce;;padaria
447;897;2030-04-16;4386,45;SuperNorte;2023-10-11;Carnes Selectas;meat;64,0;talho
127;807;2023-09-28;5583,02;FreshMart Gaia;2022-10-25;Carnes Selectas;meat;;peixaria
106;812;2027-07-28;1993,4;Atlantico Market;2024-07-22;Frutaria Atlantica;produce;;bebidas
66;710;2030-06-12;3500,0;BomPreco;2022-09-19;Casa Verde Horticolas;produce;;bebidas
78;614;2025-07-24;6779,97;BomPreco;2022-12-29;Congelados Norte;frozen goods;46,0;talho
112;895;2025-06-05;1655,71;Atlantico Market;2022-05-22;Higiene Plus;cleaning products;40,0;padaria
155;829;2022-05-18;2629,38;Nova Compra;2021-06-09;SnackHouse Distribuicao;snacks;121,0;padaria
303;179;2028-10-23;1927,77;SuperNorte;2025-02-15;SnackHouse Distribuicao;snacks;;congelados
52;455;2027-12-19;1014,62;Atlantico Market;2025-01-08;Higiene Plus;cleaning products;;fruta e legumes
328;179;2025-03-10;2053,02;Atlantico Market;2024-05-28;SnackHouse Distribuicao;snacks;;peixaria
108;847;2022-03-07;5566,67;BomPreco;2021-06-26;Carnes Selectas;meat;;peixaria
274;795;2029-03-03;940,98;Atlantico Market;2021-09-17;Higiene Plus;cleaning products;;bebidas
370;929;2029-03-23;2912,56;Atlantico Market;2023-01-22;SnackHouse Distribuicao;snacks;7,0;higiene
21;492;2033-09-08;1805,22;SuperNorte;2024-04-14;Frutaria Atlantica;produce;;peixaria
58;592;2028-11-24;1117,35;Atlantico Market;2023-08-09;Frutaria Atlantica;produce;;fruta e legumes
444;371;2031-07-22;1394,13;BomPreco;2025-11-27;Lacteos do Vale;dairy;164,0;peixaria
20;807;2026-01-22;6869,88;Mercado Central;2025-07-10;Carnes Selectas;meat;;mercearia
326;640;2024-10-23;2966,64;Mercado Central;2024-09-07;Casa Verde Horticolas;produce;;higiene
269;537;2030-07-27;6706,94;Nova Compra;2023-10-19;Carnes Selectas;meat;;peixaria
42;473;2023-03-26;4667,2;BomPreco;2022-11-03;Bebidas Lusas;beverages;;laticinios
347;565;2024-04-14;954,86;Nova Compra;2023-12-27;Higiene Plus;cleaning products;;fruta e legumes
211;165;2026-02-22;1433,69;FreshMart Gaia;2024-02-14;Higiene Plus;cleaning products;103,0;padaria
73;435;2033-09-17;1185,19;FreshMart Gaia;2025-01-05;Higiene Plus;cleaning products;61,0;higiene
468;160;2022-08-23;1694,61;BomPreco;2021-07-29;Casa Verde Horticolas;produce;;congelados
342;608;2022-12-13;6181,1;BomPreco;2021-05-14;Peixe Fresco Iberico;seafood;196,0;higiene
10;227;2025-02-22;4012,55;Atlantico Market;2024-07-05;Carnes Selectas;meat;;laticinios
299;176;2025-10-26;1402,49;Nova Compra;2025-02-06;Padaria Industrial;bakery supplies;;talho
22;569;2028-05-08;1047,78;Atlantico Market;2026-02-12;SnackHouse Distribuicao;snacks;;bebidas
205;774;2028-11-16;2397,03;FreshMart Gaia;2026-01-02;Congelados Norte;frozen goods;;fruta e legumes
60;659;2024-04-12;1158,86;BomPreco;2021-08-03;SnackHouse Distribuicao;snacks;;bebidas
192;327;2024-06-11;8035,96;BomPreco;2023-05-20;Carnes Selectas;meat;80,0;fruta e legumes
41;319;2026-04-01;1922,06;Nova Compra;2024-05-01;SnackHouse Distribuicao;snacks;;padaria
446;286;2024-08-03;448,23;Mercado Central;2022-09-29;Padaria Industrial;bakery supplies;187,0;higiene
433;43;2027-10-04;4906,34;FreshMart Gaia;2024-07-23;Bebidas Lusas;beverages;28,0;talho
51;585;2024-12-02;1345,31;SuperNorte;2021-10-07;Higiene Plus;cleaning products;112,0;padaria
162;350;2027-01-29;1533,21;BomPreco;2024-11-21;Casa Verde Horticolas;produce;;mercearia
285;763;2028-04-26;3363,11;SuperNorte;2023-05-21;Bebidas Lusas;beverages;;fruta e legumes
266;916;2023-03-22;548,74;Mercado Central;2022-11-17;Padaria Industrial;bakery supplies;;padaria
406;158;2024-10-01;7027,0;Atlantico Market;2022-12-02;Peixe Fresco Iberico;seafood;93,0;mercearia
235;813;2023-05-25;2119,88;FreshMart Gaia;2022-03-04;Bebidas Lusas;beverages;;peixaria
303;512;2025-12-15;1580,41;SuperNorte;2025-02-15;Frutaria Atlantica;produce;;peixaria
252;618;2025-06-28;5556,02;BomPreco;2022-11-20;Peixe Fresco Iberico;seafood;;padaria
350;138;2033-06-22;9191,34;Mercado Central;2025-07-14;Peixe Fresco Iberico;seafood;;fruta e legumes
212;182;2028-05-28;1883,38;Mercado Central;2024-06-29;Frutaria Atlantica;produce;;talho
238;293;2025-07-20;5152,34;Atlantico Market;2023-01-21;Bebidas Lusas;beverages;;laticinios
324;956;2027-09-27;583,87;BomPreco;2023-12-10;Padaria Industrial;bakery supplies;;fruta e legumes
61;106;2023-12-24;952,65;FreshMart Gaia;2021-12-07;Padaria Industrial;bakery supplies;;bebidas
403;951;2022-07-12;2729,48;FreshMart Gaia;2021-04-09;Lacteos do Vale;dairy;;laticinios
288;133;2033-02-18;6558,69;BomPreco;2025-10-31;Bebidas Lusas;beverages;;congelados
196;545;2031-07-29;823,51;Atlantico Market;2025-12-17;Higiene Plus;cleaning products;4,0;padaria
196;545;2032-08-08;941,79;Atlantico Market;2025-12-17;Higiene Plus;cleaning products;159,0;bebidas
395;649;2024-05-13;2071,25;Nova Compra;2023-10-24;SnackHouse Distribuicao;snacks;;peixaria
221;154;2024-09-19;8000,0;Nova Compra;2022-05-20;Congelados Norte;frozen goods;;higiene
219;711;2034-11-21;2445,17;SuperNorte;2025-01-12;Lacteos do Vale;dairy;175,0;padaria
452;645;2025-04-26;834,41;Mercado Central;2022-07-29;Higiene Plus;cleaning products;193,0;padaria
452;645;2025-04-26;841,77;Mercado Central;2022-07-29;Higiene Plus;cleaning products;195,0;bebidas
446;982;2024-04-29;1965,73;Mercado Central;2022-09-29;Frutaria Atlantica;produce;187,0;higiene
351;390;2024-06-12;2172,97;SuperNorte;2021-03-14;Casa Verde Horticolas;produce;;talho
134;19;2026-10-28;1493,62;Mercado Central;2024-07-19;SnackHouse Distribuicao;snacks;;higiene
207;736;2028-10-16;615,34;SuperNorte;2022-08-16;Padaria Industrial;bakery supplies;;talho
178;850;2030-08-30;3036,86;Atlantico Market;2023-12-25;Casa Verde Horticolas;produce;;higiene
327;266;2028-10-25;854,77;SuperNorte;2023-06-01;Padaria Industrial;bakery supplies;94,0;padaria
33;175;2030-04-07;1742,97;SuperNorte;2024-06-15;Higiene Plus;cleaning products;;bebidas
399;347;2028-03-04;2431,41;SuperNorte;2024-04-02;Carnes Selectas;meat;;mercearia
428;318;2024-05-25;11159,84;Mercado Central;2023-08-26;Peixe Fresco Iberico;seafood;;bebidas
161;334;2023-10-15;3159,62;Nova Compra;2021-02-26;Congelados Norte;frozen goods;;laticinios
98;974;2023-01-21;7875,23;Mercado Central;2022-12-11;Congelados Norte;frozen goods;;laticinios
186;56;2026-11-05;1317,49;BomPreco;2021-08-09;Padaria Industrial;bakery supplies;;higiene
340;739;2024-07-20;867,48;Atlantico Market;2022-05-12;SnackHouse Distribuicao;snacks;68,0;congelados
340;739;2024-07-20;1842,76;Atlantico Market;2022-05-12;SnackHouse Distribuicao;snacks;151,0;higiene
318;611;2023-10-07;4000,0;BomPreco;2021-03-16;Lacteos do Vale;dairy;88,0;higiene
259;708;2026-08-30;4966,62;FreshMart Gaia;2025-05-28;Peixe Fresco Iberico;seafood;39,0;mercearia
259;708;2027-05-03;12000,0;FreshMart Gaia;2025-05-28;Peixe Fresco Iberico;seafood;96,0;bebidas
169;165;2030-01-28;1635,64;FreshMart Gaia;2025-07-10;Higiene Plus;cleaning products;;talho
464;319;2026-05-16;3000,0;Mercado Central;2022-08-25;SnackHouse Distribuicao;snacks;;mercearia
356;726;2023-05-15;1074,41;Mercado Central;2022-08-06;Padaria Industrial;bakery supplies;;talho
48;479;2023-02-26;1560,47;BomPreco;2022-10-06;SnackHouse Distribuicao;snacks;;talho
378;682;2025-05-29;3500,0;BomPreco;2021-04-27;Frutaria Atlantica;produce;137,0;peixaria
256;585;2031-06-23;1902,34;Atlantico Market;2023-04-01;Higiene Plus;cleaning products;33,0;bebidas
256;585;2030-01-27;1236,84;Atlantico Market;2023-04-01;Higiene Plus;cleaning products;135,0;laticinios
45;536;2021-10-29;1210,16;SuperNorte;2021-03-03;Padaria Industrial;bakery supplies;145,0;talho
22;671;2029-08-31;1667,44;Atlantico Market;2026-02-12;Lacteos do Vale;dairy;;mercearia
96;331;2028-07-07;2256,95;BomPreco;2023-11-03;Lacteos do Vale;dairy;;higiene
421;945;2024-05-11;2354,87;FreshMart Gaia;2023-11-12;Higiene Plus;cleaning products;;talho
16;695;2024-06-22;1278,41;Atlantico Market;2024-01-08;Higiene Plus;cleaning products;5,0;congelados
246;705;2024-01-12;927,67;BomPreco;2021-03-04;Higiene Plus;cleaning products;161,0;fruta e legumes
246;705;2024-01-12;889,9;BomPreco;2021-03-04;Higiene Plus;cleaning products;191,0;peixaria
66;56;2025-10-04;1033,68;BomPreco;2022-09-19;Padaria Industrial;bakery supplies;;fruta e legumes
260;480;2028-02-23;1286,32;Mercado Central;2025-07-07;Casa Verde Horticolas;produce;;congelados
485;863;2024-07-05;1968,01;Nova Compra;2023-06-26;Bebidas Lusas;beverages;;padaria
446;842;2025-08-09;1078,77;Mercado Central;2022-09-29;Frutaria Atlantica;produce;187,0;higiene
260;853;2030-11-29;6363,32;Mercado Central;2025-07-07;Bebidas Lusas;beverages;;peixaria
55;304;2033-03-31;4033,15;FreshMart Gaia;2025-06-03;Congelados Norte;frozen goods;;mercearia
32;964;2024-02-14;4413,24;Mercado Central;2023-07-31;Congelados Norte;frozen goods;;peixaria
462;453;2024-03-28;2427,31;BomPreco;2022-01-14;Bebidas Lusas;beverages;38,0;peixaria
293;554;2031-12-10;3309,98;Nova Compra;2024-07-22;Congelados Norte;frozen goods;;padaria
1;251;2025-03-18;1631,14;FreshMart Gaia;2023-11-13;Lacteos do Vale;dairy;;laticinios
11;481;2023-09-11;1898,23;Nova Compra;2022-01-12;Lacteos do Vale;dairy;;congelados
274;694;2022-08-20;2038,75;Atlantico Market;2021-09-17;Congelados Norte;frozen goods;;peixaria
472;283;2024-02-16;6123,35;Atlantico Market;2022-12-04;Bebidas Lusas;beverages;154,0;talho
205;413;2035-07-19;3722,38;FreshMart Gaia;2026-01-02;Bebidas Lusas;beverages;;padaria
19;274;2025-02-27;4709,37;FreshMart Gaia;2023-01-09;Congelados Norte;frozen goods;160,0;higiene
348;718;2033-10-11;9808,55;BomPreco;2024-01-26;Peixe Fresco Iberico;seafood;;congelados
121;573;2025-05-11;5467,05;FreshMart Gaia;2022-03-07;Bebidas Lusas;beverages;;laticinios
175;274;2025-08-25;3319,55;FreshMart Gaia;2024-01-18;Congelados Norte;frozen goods;;laticinios
252;150;2025-12-27;2428,31;BomPreco;2022-11-20;Casa Verde Horticolas;produce;;peixaria
368;371;2023-10-10;2809,06;Mercado Central;2022-05-09;Lacteos do Vale;dairy;;laticinios
226;401;2029-05-29;2478,51;Atlantico Market;2022-06-05;Lacteos do Vale;dairy;;bebidas
195;38;2024-07-21;10478,3;SuperNorte;2022-02-10;Peixe Fresco Iberico;seafood;162,0;laticinios
197;823;2026-01-31;5373,85;Nova Compra;2023-07-18;Bebidas Lusas;beverages;;peixaria
76;293;2023-06-03;5202,15;Atlantico Market;2022-03-16;Bebidas Lusas;beverages;180,0;laticinios
74;618;2027-07-31;12000,0;Mercado Central;2025-11-11;Peixe Fresco Iberico;seafood;3,0;mercearia
463;500;2033-01-23;1874,01;FreshMart Gaia;2025-03-11;Casa Verde Horticolas;produce;108,0;laticinios
426;405;2032-07-01;1411,21;BomPreco;2025-03-14;Higiene Plus;cleaning products;11,0;peixaria
69;618;2024-07-31;9397,5;SuperNorte;2021-06-05;Peixe Fresco Iberico;seafood;;peixaria
176;31;2025-02-28;1984,1;Mercado Central;2023-03-01;Lacteos do Vale;dairy;;bebidas
53;325;2024-09-02;1707,75;Nova Compra;2022-04-27;Higiene Plus;cleaning products;;higiene
170;870;2028-06-10;1437,83;Mercado Central;2024-11-23;Casa Verde Horticolas;produce;149,0;congelados
5;48;2026-10-12;2330,37;Nova Compra;2026-02-01;Peixe Fresco Iberico;seafood;;padaria
26;767;2024-09-30;7067,04;Mercado Central;2022-05-29;Carnes Selectas;meat;;mercearia
452;914;2024-11-30;2141,93;Mercado Central;2022-07-29;Congelados Norte;frozen goods;193,0;padaria
452;914;2024-11-30;3139,34;Mercado Central;2022-07-29;Congelados Norte;frozen goods;195,0;bebidas
355;424;2030-11-29;6219,07;FreshMart Gaia;2025-09-12;Congelados Norte;frozen goods;60,0;bebidas
142;289;2025-08-18;2399,04;Atlantico Market;2023-11-17;SnackHouse Distribuicao;snacks;;peixaria
213;563;2023-12-27;6363,82;SuperNorte;2022-08-14;Bebidas Lusas;beverages;19,0;talho
42;58;2023-05-11;2619,35;BomPreco;2022-11-03;Peixe Fresco Iberico;seafood;;congelados
48;336;2027-06-30;1142,49;BomPreco;2022-10-06;Padaria Industrial;bakery supplies;;talho
106;673;2030-07-30;3339,42;Atlantico Market;2024-07-22;Bebidas Lusas;beverages;;mercearia
270;734;2023-05-31;6708,08;BomPreco;2022-05-19;Congelados Norte;frozen goods;190,0;talho
246;702;2021-03-28;3500,0;BomPreco;2021-03-04;Frutaria Atlantica;produce;161,0;fruta e legumes
246;702;2021-03-28;1026,52;BomPreco;2021-03-04;Frutaria Atlantica;produce;191,0;peixaria
26;349;2024-12-27;1661,84;Mercado Central;2022-05-29;SnackHouse Distribuicao;snacks;;laticinios
324;821;2028-03-19;3127,24;BomPreco;2023-12-10;Lacteos do Vale;dairy;;mercearia
225;494;2030-04-05;3693,28;SuperNorte;2025-06-18;Congelados Norte;frozen goods;97,0;higiene
128;663;2022-09-25;7000,0;Mercado Central;2021-12-26;Bebidas Lusas;beverages;;congelados
251;652;2029-07-05;1544,23;Nova Compra;2023-03-21;Frutaria Atlantica;produce;;talho
330;837;2033-12-29;4717,64;BomPreco;2025-02-18;Carnes Selectas;meat;;peixaria
429;331;2024-08-04;1326,41;SuperNorte;2021-08-21;Lacteos do Vale;dairy;;peixaria
462;709;2023-06-16;1768,34;BomPreco;2022-01-14;SnackHouse Distribuicao;snacks;38,0;peixaria
150;520;2025-04-11;475,68;BomPreco;2025-02-06;Casa Verde Horticolas;produce;;talho
60;542;2025-04-16;1654,82;BomPreco;2021-08-03;Frutaria Atlantica;produce;;talho
251;158;2025-11-26;11505,65;Nova Compra;2023-03-21;Peixe Fresco Iberico;seafood;;fruta e legumes
268;224;2028-10-17;2293,48;Atlantico Market;2025-06-15;Congelados Norte;frozen goods;;laticinios
132;82;2032-02-07;893,11;BomPreco;2022-11-23;Frutaria Atlantica;produce;76,0;padaria
94;755;2028-03-29;2272,21;Atlantico Market;2024-06-11;Higiene Plus;cleaning products;1,0;talho
94;755;2032-02-19;2415,05;Atlantico Market;2024-06-11;Higiene Plus;cleaning products;49,0;padaria
9;826;2025-05-26;543,32;SuperNorte;2022-10-26;Padaria Industrial;bakery supplies;23,0;congelados
159;940;2028-02-11;3500,0;SuperNorte;2025-01-19;Casa Verde Horticolas;produce;;talho
386;18;2027-10-18;7896,39;Mercado Central;2024-08-11;Peixe Fresco Iberico;seafood;;peixaria
118;976;2024-12-16;1603,09;Atlantico Market;2022-07-18;Padaria Industrial;bakery supplies;;fruta e legumes
348;838;2030-11-18;4551,52;BomPreco;2024-01-26;Peixe Fresco Iberico;seafood;;padaria
44;334;2027-07-11;8000,0;Mercado Central;2024-10-03;Congelados Norte;frozen goods;56,0;peixaria
165;740;2028-06-08;1639,81;SuperNorte;2024-06-21;Casa Verde Horticolas;produce;;congelados
134;111;2024-08-26;1868,34;Mercado Central;2024-07-19;Lacteos do Vale;dairy;;padaria
480;378;2023-09-19;8075,8;BomPreco;2022-01-15;Peixe Fresco Iberico;seafood;;mercearia
332;769;2027-06-13;1383,15;Mercado Central;2024-11-20;SnackHouse Distribuicao;snacks;;peixaria
174;963;2030-10-21;1891,63;BomPreco;2021-10-25;Bebidas Lusas;beverages;52,0;higiene
174;963;2030-06-04;3979,08;BomPreco;2021-10-25;Bebidas Lusas;beverages;163,0;talho
346;1000;2022-08-04;1603,16;Atlantico Market;2021-02-27;Casa Verde Horticolas;produce;;bebidas
401;280;2034-11-20;1309,47;Nova Compra;2025-07-23;Casa Verde Horticolas;produce;;laticinios
456;48;2025-10-27;11359,33;BomPreco;2025-06-07;Peixe Fresco Iberico;seafood;;padaria
8;241;2026-10-02;4000,0;Mercado Central;2024-02-04;Lacteos do Vale;dairy;172,0;talho
223;844;2026-06-09;2843,42;FreshMart Gaia;2022-09-06;Congelados Norte;frozen goods;;padaria
177;279;2025-06-03;1803,31;SuperNorte;2023-05-04;SnackHouse Distribuicao;snacks;;mercearia
378;39;2023-05-19;1379,16;BomPreco;2021-04-27;SnackHouse Distribuicao;snacks;137,0;peixaria
374;645;2027-03-21;2500,0;Mercado Central;2023-02-24;Higiene Plus;cleaning products;;talho
368;473;2023-04-19;4678,78;Mercado Central;2022-05-09;Bebidas Lusas;beverages;;congelados
10;910;2024-08-03;2807,56;Atlantico Market;2024-07-05;Casa Verde Horticolas;produce;;higiene
500;543;2024-06-21;6382,63;Mercado Central;2022-04-18;Bebidas Lusas;beverages;;higiene
261;383;2024-07-14;3976,19;SuperNorte;2023-10-28;Bebidas Lusas;beverages;;peixaria
468;363;2025-11-06;3448,31;BomPreco;2021-07-29;Bebidas Lusas;beverages;;congelados
430;851;2033-07-28;4000,0;Atlantico Market;2025-03-04;Lacteos do Vale;dairy;53,0;fruta e legumes
430;851;2029-05-15;3051,15;Atlantico Market;2025-03-04;Lacteos do Vale;dairy;183,0;mercearia
36;370;2030-11-15;1264,32;BomPreco;2021-03-31;Casa Verde Horticolas;produce;;congelados
402;344;2032-01-20;3104,09;BomPreco;2023-09-28;Congelados Norte;frozen goods;;padaria
288;408;2034-09-11;5454,59;BomPreco;2025-10-31;Peixe Fresco Iberico;seafood;;padaria
94;583;2025-12-04;6318,01;Atlantico Market;2024-06-11;Bebidas Lusas;beverages;1,0;talho
94;583;2026-05-21;7000,0;Atlantico Market;2024-06-11;Bebidas Lusas;beverages;49,0;padaria
85;951;2034-01-13;4000,0;FreshMart Gaia;2025-09-24;Lacteos do Vale;dairy;;higiene
234;63;2025-07-31;2726,01;BomPreco;2022-02-27;Bebidas Lusas;beverages;;fruta e legumes
176;724;2027-12-09;4580,04;Mercado Central;2023-03-01;Congelados Norte;frozen goods;;higiene
164;490;2025-08-02;1545,11;Mercado Central;2022-03-01;Casa Verde Horticolas;produce;165,0;mercearia
164;490;2025-08-02;1704,26;Mercado Central;2022-03-01;Casa Verde Horticolas;produce;181,0;talho
403;156;2025-08-28;1519,6;FreshMart Gaia;2021-04-09;Padaria Industrial;bakery supplies;;congelados
429;836;2026-12-27;979,57;SuperNorte;2021-08-21;Padaria Industrial;bakery supplies;;talho
408;569;2029-02-09;2982,95;BomPreco;2022-04-15;SnackHouse Distribuicao;snacks;;laticinios
442;900;2029-10-01;1466,46;Atlantico Market;2024-05-24;Casa Verde Horticolas;produce;143,0;fruta e legumes
434;417;2028-03-02;7538,6;Mercado Central;2025-07-06;Carnes Selectas;meat;95,0;congelados
218;138;2031-05-07;5325,79;Mercado Central;2025-07-13;Peixe Fresco Iberico;seafood;;bebidas
491;767;2025-11-24;2362,33;Nova Compra;2024-07-19;Carnes Selectas;meat;;talho
154;143;2034-09-02;2368,12;Atlantico Market;2025-10-16;Bebidas Lusas;beverages;184,0;padaria
101;979;2024-06-24;1744,79;Nova Compra;2023-02-01;SnackHouse Distribuicao;snacks;;bebidas
162;682;2025-08-20;3500,0;BomPreco;2024-11-21;Frutaria Atlantica;produce;;mercearia
193;439;2025-01-01;1341,73;FreshMart Gaia;2022-02-11;SnackHouse Distribuicao;snacks;;laticinios
200;564;2025-03-16;3984,77;Mercado Central;2025-03-04;Congelados Norte;frozen goods;;padaria
36;12;2024-08-10;2306,05;BomPreco;2021-03-31;Frutaria Atlantica;produce;;laticinios
377;577;2028-07-18;4123,32;Nova Compra;2023-06-29;Carnes Selectas;meat;;padaria
188;398;2025-11-08;5228,43;Mercado Central;2025-01-21;Peixe Fresco Iberico;seafood;;fruta e legumes
201;16;2027-05-23;1032,98;SuperNorte;2024-04-10;Padaria Industrial;bakery supplies;;bebidas
126;15;2029-10-25;1129,75;BomPreco;2022-12-13;Higiene Plus;cleaning products;;padaria
201;622;2024-07-05;829,31;SuperNorte;2024-04-10;Frutaria Atlantica;produce;;bebidas
425;848;2022-09-21;4851,2;Nova Compra;2022-01-23;Peixe Fresco Iberico;seafood;;peixaria
81;436;2030-04-01;1318,79;SuperNorte;2024-04-22;Padaria Industrial;bakery supplies;130,0;padaria
135;261;2025-08-13;2875,34;SuperNorte;2022-07-27;Lacteos do Vale;dairy;;padaria
359;535;2025-02-02;2500,0;Nova Compra;2021-05-09;Higiene Plus;cleaning products;;mercearia
479;601;2034-11-23;3782,78;Nova Compra;2025-03-24;Lacteos do Vale;dairy;18,0;laticinios
37;581;2032-08-12;1433,88;FreshMart Gaia;2022-12-13;Lacteos do Vale;dairy;15,0;bebidas
467;361;2023-11-05;1537,3;Nova Compra;2023-05-01;Lacteos do Vale;dairy;71,0;fruta e legumes
261;226;2024-04-01;729,37;SuperNorte;2023-10-28;Padaria Industrial;bakery supplies;;congelados
194;937;2030-03-11;5042,85;Mercado Central;2025-10-06;Carnes Selectas;meat;;talho
266;450;2025-05-29;1397,54;Mercado Central;2022-11-17;Casa Verde Horticolas;produce;;bebidas
194;290;2030-10-05;1710,27;Mercado Central;2025-10-06;Casa Verde Horticolas;produce;;padaria
284;661;2023-09-24;1452,05;Mercado Central;2023-04-30;Lacteos do Vale;dairy;153,0;laticinios
78;590;2023-03-22;2633,12;BomPreco;2022-12-29;Casa Verde Horticolas;produce;46,0;talho
457;382;2022-10-28;1207,51;FreshMart Gaia;2022-06-06;Frutaria Atlantica;produce;107,0;fruta e legumes
54;615;2021-09-15;877,7;BomPreco;2021-08-12;Higiene Plus;cleaning products;;padaria
53;807;2025-02-10;6824,38;Nova Compra;2022-04-27;Carnes Selectas;meat;;higiene
305;902;2025-08-28;2560,55;Nova Compra;2023-08-27;Frutaria Atlantica;produce;;mercearia
420;891;2026-12-29;1942,86;BomPreco;2021-05-15;Lacteos do Vale;dairy;;peixaria
492;620;2024-06-11;2735,27;BomPreco;2023-12-08;Casa Verde Horticolas;produce;;mercearia
395;57;2033-06-27;7728,8;Nova Compra;2023-10-24;Carnes Selectas;meat;;padaria
294;545;2024-02-12;2500,0;BomPreco;2022-04-03;Higiene Plus;cleaning products;;fruta e legumes
113;331;2024-06-20;2990,03;Nova Compra;2021-11-05;Lacteos do Vale;dairy;188,0;fruta e legumes
234;812;2024-01-23;3500,0;BomPreco;2022-02-27;Frutaria Atlantica;produce;;mercearia
35;324;2024-11-27;4421,52;Nova Compra;2021-05-08;Congelados Norte;frozen goods;;congelados
383;466;2024-02-07;1800,0;Nova Compra;2023-04-24;Padaria Industrial;bakery supplies;;talho
491;411;2033-07-26;4000,0;Nova Compra;2024-07-19;Lacteos do Vale;dairy;;mercearia
126;863;2023-09-25;3516,9;BomPreco;2022-12-13;Bebidas Lusas;beverages;;talho
443;817;2030-07-22;3961,23;Nova Compra;2025-05-20;Carnes Selectas;meat;;padaria
230;1000;2030-10-14;1468,85;Mercado Central;2025-02-06;Casa Verde Horticolas;produce;;mercearia
53;987;2025-02-19;6509,12;Nova Compra;2022-04-27;Carnes Selectas;meat;;fruta e legumes
175;225;2024-06-06;819,62;FreshMart Gaia;2024-01-18;Higiene Plus;cleaning products;;congelados
190;115;2032-05-14;1121,06;Atlantico Market;2025-05-26;Higiene Plus;cleaning products;;higiene
391;379;2025-03-27;2827,88;FreshMart Gaia;2024-03-07;SnackHouse Distribuicao;snacks;;bebidas
364;622;2024-01-28;2497,43;Atlantico Market;2021-12-06;Frutaria Atlantica;produce;;laticinios
264;93;2031-11-05;1300,92;BomPreco;2024-03-30;Bebidas Lusas;beverages;;bebidas
302;696;2032-09-15;548,98;Mercado Central;2023-08-01;Padaria Industrial;bakery supplies;;padaria
218;245;2033-04-25;2500,0;Mercado Central;2025-07-13;Higiene Plus;cleaning products;;congelados
349;826;2025-01-23;1700,3;FreshMart Gaia;2023-10-31;Padaria Industrial;bakery supplies;;padaria
335;755;2025-10-04;1057,74;Nova Compra;2024-12-25;Higiene Plus;cleaning products;139,0;padaria
46;439;2031-10-21;844,49;Atlantico Market;2023-02-06;SnackHouse Distribuicao;snacks;;padaria
115;147;2025-05-10;3077,51;FreshMart Gaia;2025-01-26;Carnes Selectas;meat;;talho
365;613;2024-08-10;4715,61;Nova Compra;2023-06-30;Bebidas Lusas;beverages;;talho
417;8;2027-02-09;12000,0;SuperNorte;2023-07-19;Peixe Fresco Iberico;seafood;;laticinios
1;695;2024-12-03;2500,0;FreshMart Gaia;2023-11-13;Higiene Plus;cleaning products;;congelados
445;5;2032-05-30;676,65;FreshMart Gaia;2025-09-12;Higiene Plus;cleaning products;;mercearia
288;655;2027-04-25;1203,65;BomPreco;2025-10-31;Higiene Plus;cleaning products;;congelados
369;893;2024-11-13;2549,98;SuperNorte;2024-02-08;Bebidas Lusas;beverages;;padaria
141;152;2024-08-30;1967,6;SuperNorte;2021-05-17;Frutaria Atlantica;produce;;padaria
411;971;2024-03-19;1181,15;SuperNorte;2023-06-02;Lacteos do Vale;dairy;;laticinios
200;363;2025-11-25;2933,33;Mercado Central;2025-03-04;Bebidas Lusas;beverages;;mercearia
298;685;2030-08-14;930,7;Atlantico Market;2023-03-05;Higiene Plus;cleaning products;;bebidas
452;877;2025-07-07;6834,76;Mercado Central;2022-07-29;Carnes Selectas;meat;193,0;padaria
452;877;2024-11-01;4283,25;Mercado Central;2022-07-29;Carnes Selectas;meat;195,0;bebidas
14;364;2023-01-24;3638,55;Mercado Central;2022-12-20;Congelados Norte;frozen goods;12,0;mercearia
458;754;2025-01-13;5411,51;Mercado Central;2024-04-06;Congelados Norte;frozen goods;169,0;higiene
422;6;2023-05-24;1800,0;Mercado Central;2021-05-10;Padaria Industrial;bakery supplies;;higiene
454;695;2025-03-10;2500,0;Atlantico Market;2022-02-05;Higiene Plus;cleaning products;;peixaria
223;740;2026-06-28;2271,39;FreshMart Gaia;2022-09-06;Casa Verde Horticolas;produce;;congelados
109;13;2027-12-24;3603,47;FreshMart Gaia;2021-02-19;Bebidas Lusas;beverages;;peixaria
209;180;2025-04-02;3345,1;Nova Compra;2022-12-23;Casa Verde Horticolas;produce;125,0;fruta e legumes
219;850;2029-10-12;3128,05;SuperNorte;2025-01-12;Casa Verde Horticolas;produce;175,0;padaria
411;260;2025-08-29;2751,1;SuperNorte;2023-06-02;Casa Verde Horticolas;produce;;higiene
114;28;2026-08-06;3193,44;BomPreco;2025-03-11;Peixe Fresco Iberico;seafood;;peixaria
331;30;2024-10-12;3186,31;FreshMart Gaia;2021-12-05;Casa Verde Horticolas;produce;;talho
103;389;2024-10-09;1938,6;FreshMart Gaia;2022-12-24;SnackHouse Distribuicao;snacks;;laticinios
341;12;2029-07-21;1237,41;Nova Compra;2022-09-13;Frutaria Atlantica;produce;;talho
27;116;2028-09-01;739,08;SuperNorte;2022-08-07;Padaria Industrial;bakery supplies;42,0;bebidas
26;645;2025-05-12;1786,7;Mercado Central;2022-05-29;Higiene Plus;cleaning products;;congelados
104;100;2023-12-14;597,47;Mercado Central;2023-01-07;Casa Verde Horticolas;produce;;bebidas
76;286;2025-03-11;945,1;Atlantico Market;2022-03-16;Padaria Industrial;bakery supplies;180,0;laticinios
138;871;2032-06-06;1601,1;BomPreco;2023-01-31;Lacteos do Vale;dairy;58,0;padaria
40;880;2023-12-20;1315,95;Atlantico Market;2022-08-09;Casa Verde Horticolas;produce;111,0;mercearia
481;771;2024-10-29;1750,2;FreshMart Gaia;2023-11-19;Lacteos do Vale;dairy;166,0;padaria
236;154;2026-02-08;2209,76;Mercado Central;2024-07-03;Congelados Norte;frozen goods;;peixaria
445;304;2032-10-22;6904,9;FreshMart Gaia;2025-09-12;Congelados Norte;frozen goods;;peixaria
401;142;2034-06-23;710,09;Nova Compra;2025-07-23;Frutaria Atlantica;produce;;laticinios
90;234;2031-09-01;4640,37;BomPreco;2023-09-21;Congelados Norte;frozen goods;9,0;laticinios
69;721;2024-02-05;1468,24;SuperNorte;2021-06-05;Lacteos do Vale;dairy;;congelados
38;426;2023-09-15;1800,0;Mercado Central;2022-04-17;Padaria Industrial;bakery supplies;140,0;congelados
142;862;2024-09-27;1868,98;Atlantico Market;2023-11-17;Frutaria Atlantica;produce;;talho
320;50;2027-08-09;711,55;Mercado Central;2024-03-23;Casa Verde Horticolas;produce;;talho
493;447;2026-02-14;6906,54;FreshMart Gaia;2025-06-26;Carnes Selectas;meat;;talho
441;409;2023-10-07;1009,16;SuperNorte;2021-08-16;SnackHouse Distribuicao;snacks;179,0;fruta e legumes
134;75;2034-06-27;2141,82;Mercado Central;2024-07-19;Higiene Plus;cleaning products;;talho
228;872;2028-12-23;2442,84;BomPreco;2025-05-03;Frutaria Atlantica;produce;44,0;fruta e legumes
64;671;2027-04-06;4000,0;Atlantico Market;2025-08-22;Lacteos do Vale;dairy;;fruta e legumes
95;506;2030-01-16;1087,81;Nova Compra;2021-11-19;Padaria Industrial;bakery supplies;;fruta e legumes
333;665;2029-02-27;1987,88;SuperNorte;2021-06-28;Higiene Plus;cleaning products;;talho
89;561;2022-10-29;2191,77;Nova Compra;2021-05-28;Lacteos do Vale;dairy;;padaria
408;959;2025-05-22;1265,45;BomPreco;2022-04-15;SnackHouse Distribuicao;snacks;;padaria
447;952;2032-03-10;2988,51;SuperNorte;2023-10-11;Frutaria Atlantica;produce;64,0;talho
415;735;2032-09-03;790,36;FreshMart Gaia;2024-03-20;Higiene Plus;cleaning products;;congelados
265;890;2024-01-05;1820,02;FreshMart Gaia;2022-10-08;Casa Verde Horticolas;produce;72,0;laticinios
265;890;2027-12-02;1432,37;FreshMart Gaia;2022-10-08;Casa Verde Horticolas;produce;114,0;bebidas
7;759;2027-12-09;2410,22;FreshMart Gaia;2023-07-14;SnackHouse Distribuicao;snacks;;laticinios
9;225;2025-03-27;898,03;SuperNorte;2022-10-26;Higiene Plus;cleaning products;23,0;congelados
333;846;2023-03-07;831,96;SuperNorte;2021-06-28;Padaria Industrial;bakery supplies;;fruta e legumes
148;836;2028-12-13;1019,96;Atlantico Market;2025-02-26;Padaria Industrial;bakery supplies;174,0;mercearia
34;509;2025-01-16;3000,0;Atlantico Market;2021-09-25;SnackHouse Distribuicao;snacks;;padaria
459;42;2032-01-14;1455,8;SuperNorte;2023-06-20;Frutaria Atlantica;produce;;congelados
217;359;2026-07-17;1377,64;FreshMart Gaia;2021-10-15;SnackHouse Distribuicao;snacks;171,0;laticinios
89;201;2023-12-17;1172,08;Nova Compra;2021-05-28;Lacteos do Vale;dairy;;mercearia
110;661;2032-08-07;1381,43;Mercado Central;2024-05-11;Lacteos do Vale;dairy;;congelados
380;978;2022-12-24;7827,5;Mercado Central;2022-09-25;Peixe Fresco Iberico;seafood;;bebidas
28;388;2031-10-24;6594,48;Atlantico Market;2023-02-26;Peixe Fresco Iberico;seafood;;mercearia
413;783;2027-08-21;3832,06;Nova Compra;2025-04-04;Bebidas Lusas;beverages;79,0;higiene
413;783;2028-03-12;7000,0;Nova Compra;2025-04-04;Bebidas Lusas;beverages;81,0;laticinios
215;781;2023-08-07;1013,03;Nova Compra;2022-05-12;Lacteos do Vale;dairy;;mercearia
475;4;2025-09-06;8000,0;FreshMart Gaia;2025-02-17;Congelados Norte;frozen goods;124,0;higiene
299;695;2027-10-03;2336,55;Nova Compra;2025-02-06;Higiene Plus;cleaning products;;higiene
146;402;2024-06-22;1597,72;Mercado Central;2022-01-30;Frutaria Atlantica;produce;;congelados
169;858;2025-10-03;7751,27;FreshMart Gaia;2025-07-10;Peixe Fresco Iberico;seafood;;congelados
465;242;2026-12-07;1360,57;SuperNorte;2024-12-20;Frutaria Atlantica;produce;;laticinios
303;477;2028-11-29;6234,22;SuperNorte;2025-02-15;Carnes Selectas;meat;;laticinios
274;1;2024-04-14;4000,0;Atlantico Market;2021-09-17;Lacteos do Vale;dairy;;bebidas
419;533;2033-11-24;2803,66;Nova Compra;2026-02-16;Bebidas Lusas;beverages;74,0;peixaria
323;566;2022-02-02;900,86;Nova Compra;2021-06-14;Padaria Industrial;bakery supplies;82,0;talho
248;857;2029-03-27;3841,47;Mercado Central;2025-02-23;Carnes Selectas;meat;8,0;fruta e legumes
217;172;2025-06-30;1414,72;FreshMart Gaia;2021-10-15;Frutaria Atlantica;produce;171,0;laticinios
382;803;2024-03-09;3128,47;Atlantico Market;2023-09-03;Bebidas Lusas;beverages;;mercearia
326;608;2025-05-07;3971,34;Mercado Central;2024-09-07;Peixe Fresco Iberico;seafood;;higiene
400;490;2025-02-25;1643,06;Atlantico Market;2021-10-07;Casa Verde Horticolas;produce;;mercearia
116;201;2025-09-21;2203,12;Mercado Central;2022-10-19;Lacteos do Vale;dairy;;congelados
66;371;2024-03-05;1793,29;BomPreco;2022-09-19;Lacteos do Vale;dairy;;laticinios
211;698;2025-06-17;2309,91;FreshMart Gaia;2024-02-14;Peixe Fresco Iberico;seafood;103,0;padaria
312;516;2034-08-06;932,91;BomPreco;2025-12-24;Padaria Industrial;bakery supplies;;talho
209;65;2024-04-06;1346,06;Nova Compra;2022-12-23;Higiene Plus;cleaning products;125,0;fruta e legumes
326;998;2024-10-09;12000,0;Mercado Central;2024-09-07;Peixe Fresco Iberico;seafood;;mercearia
66;663;2023-06-20;3795,53;BomPreco;2022-09-19;Bebidas Lusas;beverages;;congelados
380;672;2025-09-27;2818,48;Mercado Central;2022-09-25;Frutaria Atlantica;produce;;padaria
445;119;2035-06-17;1362,35;FreshMart Gaia;2025-09-12;SnackHouse Distribuicao;snacks;;laticinios
217;777;2028-12-28;9684,99;FreshMart Gaia;2021-10-15;Carnes Selectas;meat;171,0;laticinios
456;217;2035-02-22;3530,2;BomPreco;2025-06-07;Carnes Selectas;meat;;peixaria
331;566;2027-08-21;1255,14;FreshMart Gaia;2021-12-05;Padaria Industrial;bakery supplies;;mercearia
396;274;2025-12-03;6276,29;BomPreco;2025-10-21;Congelados Norte;frozen goods;57,0;mercearia
268;360;2031-10-08;2527,7;Atlantico Market;2025-06-15;Casa Verde Horticolas;produce;;padaria
70;229;2024-03-27;3000,0;Atlantico Market;2021-12-25;SnackHouse Distribuicao;snacks;;higiene
56;675;2024-04-16;1057,06;Mercado Central;2023-09-26;Higiene Plus;cleaning products;78,0;bebidas
56;675;2024-04-16;2500,0;Mercado Central;2023-09-26;Higiene Plus;cleaning products;134,0;fruta e legumes
141;494;2022-10-25;7233,01;SuperNorte;2021-05-17;Congelados Norte;frozen goods;;laticinios
219;313;2025-06-06;3834,41;SuperNorte;2025-01-12;Bebidas Lusas;beverages;175,0;padaria
204;350;2027-03-21;3500,0;BomPreco;2021-04-02;Casa Verde Horticolas;produce;;bebidas
394;76;2024-12-26;936,18;Atlantico Market;2023-07-15;Padaria Industrial;bakery supplies;;padaria
421;281;2025-04-21;2171,7;FreshMart Gaia;2023-11-12;Lacteos do Vale;dairy;;laticinios
467;482;2027-01-10;1845,44;Nova Compra;2023-05-01;Frutaria Atlantica;produce;71,0;fruta e legumes
231;534;2028-04-23;2424,64;SuperNorte;2025-05-07;Congelados Norte;frozen goods;;peixaria
369;245;2025-10-04;1936,99;SuperNorte;2024-02-08;Higiene Plus;cleaning products;;peixaria
485;86;2031-02-04;1313,15;Nova Compra;2023-06-26;Padaria Industrial;bakery supplies;;higiene
498;558;2028-08-31;6200,91;BomPreco;2023-08-24;Peixe Fresco Iberico;seafood;;higiene
131;445;2024-04-03;2500,0;Nova Compra;2022-05-27;Higiene Plus;cleaning products;152,0;fruta e legumes
290;72;2025-07-22;1519,58;Mercado Central;2022-12-23;Frutaria Atlantica;produce;;higiene
470;476;2026-01-15;459,14;Mercado Central;2022-09-27;Padaria Industrial;bakery supplies;84,0;mercearia
202;479;2022-08-23;3000,0;Atlantico Market;2022-03-22;SnackHouse Distribuicao;snacks;;mercearia
11;441;2023-12-15;3388,77;Nova Compra;2022-01-12;Lacteos do Vale;dairy;;congelados
33;129;2025-07-03;2186,92;SuperNorte;2024-06-15;SnackHouse Distribuicao;snacks;;higiene
453;195;2028-07-24;1180,22;SuperNorte;2025-10-17;Higiene Plus;cleaning products;;congelados
8;984;2025-06-23;5015,62;Mercado Central;2024-02-04;Congelados Norte;frozen goods;172,0;talho
70;316;2025-02-24;567,13;Atlantico Market;2021-12-25;Padaria Industrial;bakery supplies;;fruta e legumes
302;610;2025-12-12;1671,75;Mercado Central;2023-08-01;Casa Verde Horticolas;produce;;talho
388;717;2024-06-21;3595,69;Atlantico Market;2022-12-28;Carnes Selectas;meat;;peixaria
283;694;2023-11-10;4837,81;FreshMart Gaia;2022-11-06;Congelados Norte;frozen goods;43,0;higiene
326;357;2030-04-27;8182,19;Mercado Central;2024-09-07;Carnes Selectas;meat;;padaria
70;671;2022-06-30;1341,83;Atlantico Market;2021-12-25;Lacteos do Vale;dairy;;fruta e legumes
177;887;2027-07-09;7482,82;SuperNorte;2023-05-04;Carnes Selectas;meat;;talho
41;98;2029-12-08;7111,33;Nova Compra;2024-05-01;Peixe Fresco Iberico;seafood;;talho
467;590;2026-02-16;2516,63;Nova Compra;2023-05-01;Casa Verde Horticolas;produce;71,0;fruta e legumes
228;274;2026-08-18;3855,94;BomPreco;2025-05-03;Congelados Norte;frozen goods;44,0;fruta e legumes
122;99;2024-12-11;2265,02;Mercado Central;2022-11-09;SnackHouse Distribuicao;snacks;30,0;mercearia
62;646;2024-10-30;731,17;Mercado Central;2023-12-03;Padaria Industrial;bakery supplies;186,0;bebidas
463;274;2034-04-10;2016,98;FreshMart Gaia;2025-03-11;Congelados Norte;frozen goods;108,0;laticinios
39;577;2024-10-05;2807,04;SuperNorte;2022-08-08;Carnes Selectas;meat;;mercearia
109;181;2024-08-31;1714,67;FreshMart Gaia;2021-02-19;Lacteos do Vale;dairy;;laticinios
404;332;2034-02-16;895,43;Mercado Central;2024-09-04;Frutaria Atlantica;produce;;higiene
191;256;2024-07-13;1800,0;Nova Compra;2024-01-10;Padaria Industrial;bakery supplies;;laticinios
167;462;2031-10-09;1782,31;Nova Compra;2024-08-25;Frutaria Atlantica;produce;;mercearia
414;631;2029-12-07;3251,58;BomPreco;2025-05-11;Lacteos do Vale;dairy;;laticinios
272;672;2034-01-14;2636,27;Mercado Central;2025-06-25;Frutaria Atlantica;produce;122,0;congelados
324;60;2025-02-21;1855,35;BomPreco;2023-12-10;Casa Verde Horticolas;produce;;padaria
262;237;2024-05-18;10000,0;Atlantico Market;2023-03-24;Carnes Selectas;meat;;bebidas
63;388;2028-02-06;12000,0;SuperNorte;2023-01-21;Peixe Fresco Iberico;seafood;50,0;congelados
63;388;2024-07-19;12000,0;SuperNorte;2023-01-21;Peixe Fresco Iberico;seafood;132,0;bebidas
141;274;2023-01-07;2861,31;SuperNorte;2021-05-17;Congelados Norte;frozen goods;;padaria
68;399;2028-12-03;3000,0;Mercado Central;2023-11-14;SnackHouse Distribuicao;snacks;;fruta e legumes
466;490;2027-11-12;842,27;Atlantico Market;2022-02-26;Casa Verde Horticolas;produce;99,0;laticinios
479;167;2027-02-27;10000,0;Nova Compra;2025-03-24;Carnes Selectas;meat;18,0;laticinios
419;446;2031-03-17;316,56;Nova Compra;2026-02-16;Padaria Industrial;bakery supplies;74,0;peixaria
240;391;2032-01-06;1862,53;BomPreco;2023-03-19;Lacteos do Vale;dairy;106,0;higiene
164;229;2023-10-13;2843,06;Mercado Central;2022-03-01;SnackHouse Distribuicao;snacks;165,0;mercearia
164;229;2022-11-23;1962,3;Mercado Central;2022-03-01;SnackHouse Distribuicao;snacks;181,0;talho
357;262;2026-08-11;951,06;SuperNorte;2021-05-17;Frutaria Atlantica;produce;;padaria
312;688;2033-11-05;7017,71;BomPreco;2025-12-24;Peixe Fresco Iberico;seafood;;fruta e legumes
174;659;2030-06-23;1962,67;BomPreco;2021-10-25;SnackHouse Distribuicao;snacks;52,0;higiene
174;659;2024-04-02;1809,28;BomPreco;2021-10-25;SnackHouse Distribuicao;snacks;163,0;talho
177;777;2025-12-17;4495,71;SuperNorte;2023-05-04;Carnes Selectas;meat;;peixaria
248;195;2028-05-18;2020,29;Mercado Central;2025-02-23;Higiene Plus;cleaning products;8,0;fruta e legumes
192;726;2031-01-28;1673,99;BomPreco;2023-05-20;Padaria Industrial;bakery supplies;80,0;fruta e legumes
343;989;2024-01-22;1539,4;FreshMart Gaia;2021-12-03;SnackHouse Distribuicao;snacks;146,0;peixaria
477;988;2022-06-08;12000,0;SuperNorte;2022-01-25;Peixe Fresco Iberico;seafood;;bebidas
193;783;2026-12-14;3495,37;FreshMart Gaia;2022-02-11;Bebidas Lusas;beverages;;talho
125;262;2033-04-28;1484,04;Nova Compra;2024-01-05;Frutaria Atlantica;produce;;bebidas
405;700;2023-02-13;3406,87;SuperNorte;2023-01-07;Casa Verde Horticolas;produce;22,0;padaria
42;396;2024-12-30;1800,0;BomPreco;2022-11-03;Padaria Industrial;bakery supplies;;higiene
253;650;2029-06-19;1399,53;FreshMart Gaia;2023-05-05;Casa Verde Horticolas;produce;89,0;fruta e legumes
317;882;2031-12-06;1311,04;Nova Compra;2022-01-06;Frutaria Atlantica;produce;16,0;higiene
126;32;2027-01-12;3500,0;BomPreco;2022-12-13;Frutaria Atlantica;produce;;mercearia
15;437;2034-03-02;5156,21;SuperNorte;2024-07-30;Carnes Selectas;meat;;laticinios
474;691;2024-10-27;2153,18;BomPreco;2023-04-15;Lacteos do Vale;dairy;;higiene
72;185;2023-11-04;1227,45;BomPreco;2021-04-11;Higiene Plus;cleaning products;;peixaria
451;405;2024-09-16;2492,23;FreshMart Gaia;2022-01-11;Higiene Plus;cleaning products;63,0;laticinios
21;382;2031-08-15;3500,0;SuperNorte;2024-04-14;Frutaria Atlantica;produce;;talho
195;117;2023-02-17;5572,77;SuperNorte;2022-02-10;Carnes Selectas;meat;162,0;laticinios
442;452;2024-12-20;3500,0;Atlantico Market;2024-05-24;Frutaria Atlantica;produce;143,0;fruta e legumes
316;284;2024-08-13;3350,42;Atlantico Market;2022-06-02;Congelados Norte;frozen goods;75,0;mercearia
142;639;2024-04-10;1452,83;Atlantico Market;2023-11-17;SnackHouse Distribuicao;snacks;;higiene
499;944;2024-12-22;5821,19;FreshMart Gaia;2023-08-29;Congelados Norte;frozen goods;;padaria
225;684;2034-08-15;2977,16;SuperNorte;2025-06-18;Congelados Norte;frozen goods;97,0;higiene
416;88;2026-01-15;8748,64;Mercado Central;2021-10-24;Peixe Fresco Iberico;seafood;;padaria
28;872;2024-08-06;1465,01;Atlantico Market;2023-02-26;Frutaria Atlantica;produce;;peixaria
397;755;2027-04-01;686,33;FreshMart Gaia;2023-10-31;Higiene Plus;cleaning products;32,0;congelados
176;286;2024-12-07;456,52;Mercado Central;2023-03-01;Padaria Industrial;bakery supplies;;fruta e legumes
419;91;2030-04-08;1858,49;Nova Compra;2026-02-16;Lacteos do Vale;dairy;74,0;peixaria
217;711;2023-03-24;2594,5;FreshMart Gaia;2021-10-15;Lacteos do Vale;dairy;171,0;laticinios
448;14;2034-03-10;2330,49;Atlantico Market;2025-02-18;Congelados Norte;frozen goods;;peixaria
28;599;2023-05-02;1788,08;Atlantico Market;2023-02-26;SnackHouse Distribuicao;snacks;;bebidas
189;648;2025-09-27;7052,92;SuperNorte;2024-04-27;Peixe Fresco Iberico;seafood;;laticinios
125;864;2024-04-14;3987,55;Nova Compra;2024-01-05;Congelados Norte;frozen goods;;mercearia
280;851;2033-07-21;1417,16;Atlantico Market;2025-05-05;Lacteos do Vale;dairy;115,0;higiene
461;970;2033-04-11;2061,21;Nova Compra;2025-03-18;Casa Verde Horticolas;produce;;mercearia
340;744;2025-07-21;4033,22;Atlantico Market;2022-05-12;Congelados Norte;frozen goods;68,0;congelados
340;744;2025-07-21;6688,57;Atlantico Market;2022-05-12;Congelados Norte;frozen goods;151,0;higiene
483;40;2034-09-10;1033,99;SuperNorte;2025-01-22;Casa Verde Horticolas;produce;;mercearia
25;314;2028-06-20;4526,27;FreshMart Gaia;2024-05-31;Congelados Norte;frozen goods;;bebidas
418;543;2027-12-31;2115,79;Atlantico Market;2023-10-04;Bebidas Lusas;beverages;24,0;bebidas
28;813;2028-12-05;3370,54;Atlantico Market;2023-02-26;Bebidas Lusas;beverages;;talho
55;829;2028-11-19;1008,02;FreshMart Gaia;2025-06-03;SnackHouse Distribuicao;snacks;;talho
292;459;2033-06-16;1091,99;Atlantico Market;2023-07-16;SnackHouse Distribuicao;snacks;17,0;fruta e legumes
457;995;2024-10-29;1372,62;FreshMart Gaia;2022-06-06;Higiene Plus;cleaning products;107,0;fruta e legumes
241;413;2023-08-19;2907,3;FreshMart Gaia;2022-04-14;Bebidas Lusas;beverages;51,0;bebidas
427;9;2025-12-26;3000,0;FreshMart Gaia;2023-12-18;SnackHouse Distribuicao;snacks;;talho
222;331;2023-12-01;3654,99;BomPreco;2021-07-06;Lacteos do Vale;dairy;;padaria
315;930;2032-02-12;2657,34;SuperNorte;2025-10-02;Casa Verde Horticolas;produce;;fruta e legumes
279;747;2025-06-07;7687,76;SuperNorte;2022-10-07;Carnes Selectas;meat;;higiene
39;508;2022-08-30;6892,41;SuperNorte;2022-08-08;Peixe Fresco Iberico;seafood;;bebidas
412;265;2025-08-30;2473,45;Atlantico Market;2024-08-06;Higiene Plus;cleaning products;36,0;laticinios
255;941;2025-12-24;1883,53;SuperNorte;2024-01-22;Lacteos do Vale;dairy;129,0;mercearia
465;403;2025-05-27;7000,0;SuperNorte;2024-12-20;Bebidas Lusas;beverages;;bebidas
97;249;2024-08-25;1079,81;FreshMart Gaia;2023-11-01;SnackHouse Distribuicao;snacks;;laticinios
220;101;2029-09-07;1293,69;Atlantico Market;2024-11-09;Lacteos do Vale;dairy;;bebidas
499;827;2024-09-28;2882,51;FreshMart Gaia;2023-08-29;Carnes Selectas;meat;;mercearia
213;406;2029-03-20;577,3;SuperNorte;2022-08-14;Padaria Industrial;bakery supplies;19,0;talho
444;79;2028-12-29;792,6;BomPreco;2025-11-27;SnackHouse Distribuicao;snacks;164,0;peixaria
237;753;2028-04-26;4129,26;SuperNorte;2025-07-18;Bebidas Lusas;beverages;;padaria
43;917;2028-07-31;7929,73;FreshMart Gaia;2025-06-14;Carnes Selectas;meat;;peixaria
459;586;2031-04-29;1015,48;SuperNorte;2023-06-20;Padaria Industrial;bakery supplies;;bebidas
242;182;2023-12-21;991,84;Mercado Central;2022-10-19;Frutaria Atlantica;produce;;padaria
406;697;2023-02-21;4371,22;Atlantico Market;2022-12-02;Carnes Selectas;meat;93,0;mercearia
488;71;2022-02-25;3139,73;Mercado Central;2022-02-12;Lacteos do Vale;dairy;;higiene
438;2;2024-08-13;1586,16;BomPreco;2022-04-17;Frutaria Atlantica;produce;116,0;fruta e legumes
397;136;2026-01-12;698,18;FreshMart Gaia;2023-10-31;Padaria Industrial;bakery supplies;32,0;congelados
315;836;2034-04-11;506,01;SuperNorte;2025-10-02;Padaria Industrial;bakery supplies;;higiene
295;424;2029-12-05;3555,09;FreshMart Gaia;2024-02-12;Congelados Norte;frozen goods;;congelados
24;47;2027-12-01;3936,32;BomPreco;2023-04-04;Carnes Selectas;meat;;mercearia
214;851;2027-05-24;2068,04;Atlantico Market;2023-09-17;Lacteos do Vale;dairy;87,0;bebidas
381;995;2021-09-16;1703,74;SuperNorte;2021-05-16;Higiene Plus;cleaning products;;padaria
113;602;2025-02-08;1629,17;Nova Compra;2021-11-05;Frutaria Atlantica;produce;188,0;fruta e legumes
231;92;2031-05-30;2010,43;SuperNorte;2025-05-07;Frutaria Atlantica;produce;;laticinios
367;171;2026-01-13;2658,79;FreshMart Gaia;2022-02-26;Lacteos do Vale;dairy;;fruta e legumes
320;875;2032-12-24;790,6;Mercado Central;2024-03-23;Higiene Plus;cleaning products;;talho
477;413;2025-06-23;7000,0;SuperNorte;2022-01-25;Bebidas Lusas;beverages;;higiene
356;419;2030-11-05;1181,91;Mercado Central;2022-08-06;SnackHouse Distribuicao;snacks;;bebidas
46;561;2029-03-25;2712,63;Atlantico Market;2023-02-06;Lacteos do Vale;dairy;;peixaria
485;325;2026-08-10;824,7;Nova Compra;2023-06-26;Higiene Plus;cleaning products;;higiene
217;403;2021-11-26;3940,55;FreshMart Gaia;2021-10-15;Bebidas Lusas;beverages;171,0;laticinios
377;968;2026-07-09;6943,68;Nova Compra;2023-06-29;Peixe Fresco Iberico;seafood;;peixaria
335;71;2030-12-20;4000,0;Nova Compra;2024-12-25;Lacteos do Vale;dairy;139,0;padaria
491;428;2030-05-11;5853,99;Nova Compra;2024-07-19;Peixe Fresco Iberico;seafood;;talho
13;103;2025-05-18;6729,61;FreshMart Gaia;2022-10-16;Bebidas Lusas;beverages;;talho
343;575;2024-05-15;1567,0;FreshMart Gaia;2021-12-03;Higiene Plus;cleaning products;146,0;peixaria
144;703;2025-04-05;7000,0;BomPreco;2022-09-23;Bebidas Lusas;beverages;;peixaria
175;169;2025-04-30;740,62;FreshMart Gaia;2024-01-18;SnackHouse Distribuicao;snacks;;laticinios
439;736;2034-12-14;1242,31;FreshMart Gaia;2026-01-08;Padaria Industrial;bakery supplies;;peixaria
369;481;2025-06-10;645,76;SuperNorte;2024-02-08;Lacteos do Vale;dairy;;fruta e legumes
500;281;2023-04-02;2094,55;Mercado Central;2022-04-18;Lacteos do Vale;dairy;;peixaria
281;423;2033-10-26;5936,99;Nova Compra;2024-07-19;Bebidas Lusas;beverages;;bebidas
381;194;2023-08-12;8000,0;SuperNorte;2021-05-16;Congelados Norte;frozen goods;;congelados
212;83;2027-03-28;5228,57;Mercado Central;2024-06-29;Bebidas Lusas;beverages;;laticinios
435;325;2025-05-05;1206,47;SuperNorte;2024-08-06;Higiene Plus;cleaning products;;padaria
175;125;2028-07-22;1757,27;FreshMart Gaia;2024-01-18;Higiene Plus;cleaning products;;padaria
3;38;2025-04-23;12000,0;SuperNorte;2022-12-19;Peixe Fresco Iberico;seafood;;peixaria
386;653;2025-04-04;3879,38;Mercado Central;2024-08-11;Bebidas Lusas;beverages;;congelados
348;147;2025-01-07;8321,69;BomPreco;2024-01-26;Carnes Selectas;meat;;congelados
65;502;2025-07-21;1524,97;Nova Compra;2024-07-21;Frutaria Atlantica;produce;;talho
79;369;2025-12-22;2671,04;FreshMart Gaia;2023-10-18;SnackHouse Distribuicao;snacks;2,0;peixaria
79;369;2033-01-30;2480,6;FreshMart Gaia;2023-10-18;SnackHouse Distribuicao;snacks;67,0;padaria
343;93;2023-10-02;2849,16;FreshMart Gaia;2021-12-03;Bebidas Lusas;beverages;146,0;peixaria
224;873;2031-02-22;5320,37;Mercado Central;2024-04-11;Bebidas Lusas;beverages;98,0;fruta e legumes
172;742;2027-06-26;2681,4;Atlantico Market;2025-06-28;Frutaria Atlantica;produce;;fruta e legumes
182;27;2028-05-05;7533,6;Mercado Central;2021-08-07;Carnes Selectas;meat;85,0;padaria
412;283;2024-10-11;3681,21;Atlantico Market;2024-08-06;Bebidas Lusas;beverages;36,0;laticinios
386;760;2029-02-20;3216,45;Mercado Central;2024-08-11;Casa Verde Horticolas;produce;;talho
315;886;2028-08-14;656,58;SuperNorte;2025-10-02;Padaria Industrial;bakery supplies;;bebidas
173;368;2023-07-26;6528,58;Nova Compra;2022-01-16;Peixe Fresco Iberico;seafood;104,0;congelados
259;46;2028-02-07;1051,41;FreshMart Gaia;2025-05-28;Padaria Industrial;bakery supplies;39,0;mercearia
259;46;2033-07-24;1694,04;FreshMart Gaia;2025-05-28;Padaria Industrial;bakery supplies;96,0;bebidas
401;382;2032-09-18;1197,54;Nova Compra;2025-07-23;Frutaria Atlantica;produce;;higiene
190;297;2025-07-16;6018,82;Atlantico Market;2025-05-26;Carnes Selectas;meat;;laticinios
132;31;2023-02-13;1722,74;BomPreco;2022-11-23;Lacteos do Vale;dairy;76,0;padaria
211;531;2032-06-28;2258,55;FreshMart Gaia;2024-02-14;Lacteos do Vale;dairy;103,0;padaria
325;568;2030-12-18;7754,97;FreshMart Gaia;2024-03-27;Peixe Fresco Iberico;seafood;;fruta e legumes
296;324;2029-01-21;2418,92;Mercado Central;2024-07-23;Congelados Norte;frozen goods;;higiene
204;422;2024-04-09;3267,46;BomPreco;2021-04-02;Frutaria Atlantica;produce;;higiene
227;442;2025-08-01;2242,77;Nova Compra;2022-03-15;Frutaria Atlantica;produce;;fruta e legumes
400;98;2027-10-07;4416,88;Atlantico Market;2021-10-07;Peixe Fresco Iberico;seafood;;laticinios
14;660;2028-04-25;1586,7;Mercado Central;2022-12-20;Casa Verde Horticolas;produce;12,0;mercearia
249;319;2024-10-21;3000,0;SuperNorte;2023-09-28;SnackHouse Distribuicao;snacks;27,0;laticinios
120;301;2025-08-17;2592,44;BomPreco;2025-05-31;Lacteos do Vale;dairy;6,0;bebidas
438;169;2030-08-18;1068,85;BomPreco;2022-04-17;SnackHouse Distribuicao;snacks;116,0;fruta e legumes
107;710;2033-12-10;1300,32;Nova Compra;2025-07-14;Casa Verde Horticolas;produce;141,0;bebidas
107;710;2027-12-20;2450,62;Nova Compra;2025-07-14;Casa Verde Horticolas;produce;158,0;congelados
314;373;2028-04-09;5243,1;Mercado Central;2024-07-14;Bebidas Lusas;beverages;;peixaria
477;474;2022-11-08;5062,72;SuperNorte;2022-01-25;Congelados Norte;frozen goods;;fruta e legumes
167;389;2030-09-25;1447,18;Nova Compra;2024-08-25;SnackHouse Distribuicao;snacks;;higiene
127;772;2025-03-08;2663,24;FreshMart Gaia;2022-10-25;Frutaria Atlantica;produce;;higiene
458;443;2024-11-05;3258,95;Mercado Central;2024-04-06;Bebidas Lusas;beverages;169,0;higiene
45;443;2023-04-05;2552,68;SuperNorte;2021-03-03;Bebidas Lusas;beverages;145,0;talho
224;160;2031-05-05;3500,0;Mercado Central;2024-04-11;Casa Verde Horticolas;produce;98,0;fruta e legumes
181;510;2025-07-08;2305,15;FreshMart Gaia;2021-08-25;Casa Verde Horticolas;produce;113,0;congelados
138;148;2031-06-29;4566,04;BomPreco;2023-01-31;Peixe Fresco Iberico;seafood;58,0;padaria
348;882;2024-11-20;1965,21;BomPreco;2024-01-26;Frutaria Atlantica;produce;;padaria
416;573;2030-01-10;3796,34;Mercado Central;2021-10-24;Bebidas Lusas;beverages;;peixaria
441;313;2022-01-13;3203,66;SuperNorte;2021-08-16;Bebidas Lusas;beverages;179,0;fruta e legumes
161;387;2022-02-07;5998,42;Nova Compra;2021-02-26;Carnes Selectas;meat;;fruta e legumes
485;590;2025-09-26;1218,17;Nova Compra;2023-06-26;Casa Verde Horticolas;produce;;mercearia
393;637;2031-04-29;8000,76;SuperNorte;2025-10-05;Carnes Selectas;meat;;talho
344;424;2021-07-15;4288,09;Mercado Central;2021-06-15;Congelados Norte;frozen goods;;talho
233;989;2024-09-04;799,73;Nova Compra;2023-12-13;SnackHouse Distribuicao;snacks;;talho
259;402;2025-07-24;1669,49;FreshMart Gaia;2025-05-28;Frutaria Atlantica;produce;39,0;mercearia
259;402;2025-07-24;1402,2;FreshMart Gaia;2025-05-28;Frutaria Atlantica;produce;96,0;bebidas
109;540;2025-10-22;481,67;FreshMart Gaia;2021-02-19;Casa Verde Horticolas;produce;;congelados
65;368;2026-12-27;6059,85;Nova Compra;2024-07-21;Peixe Fresco Iberico;seafood;;laticinios
95;145;2022-02-09;2192,42;Nova Compra;2021-11-19;Higiene Plus;cleaning products;;talho
478;568;2033-04-04;6192,17;Atlantico Market;2025-11-21;Peixe Fresco Iberico;seafood;;fruta e legumes
135;606;2025-10-16;1375,29;SuperNorte;2022-07-27;Padaria Industrial;bakery supplies;;talho
495;518;2026-01-23;6524,9;SuperNorte;2022-10-02;Peixe Fresco Iberico;seafood;110,0;peixaria
496;939;2028-11-19;1343,68;Atlantico Market;2025-03-17;SnackHouse Distribuicao;snacks;;higiene
141;577;2023-07-11;3885,21;SuperNorte;2021-05-17;Carnes Selectas;meat;;bebidas
181;793;2025-04-13;2105,38;FreshMart Gaia;2021-08-25;Bebidas Lusas;beverages;113,0;congelados
365;239;2032-12-12;2502,7;Nova Compra;2023-06-30;SnackHouse Distribuicao;snacks;;peixaria
264;965;2028-12-28;1910,36;BomPreco;2024-03-30;Higiene Plus;cleaning products;;mercearia
18;959;2032-12-02;1455,78;BomPreco;2025-02-11;SnackHouse Distribuicao;snacks;;congelados
308;186;2025-01-28;402,15;Mercado Central;2022-07-13;Padaria Industrial;bakery supplies;;talho
96;965;2025-07-08;1700,45;BomPreco;2023-11-03;Higiene Plus;cleaning products;;padaria
498;822;2024-06-10;1231,26;BomPreco;2023-08-24;Frutaria Atlantica;produce;;fruta e legumes
215;691;2022-12-03;2293,81;Nova Compra;2022-05-12;Lacteos do Vale;dairy;;fruta e legumes
12;947;2031-09-14;2698,88;BomPreco;2024-07-15;Carnes Selectas;meat;;bebidas
33;131;2027-09-17;2240,88;SuperNorte;2024-06-15;Lacteos do Vale;dairy;;fruta e legumes
334;246;2029-06-02;942,62;Atlantico Market;2024-10-12;Padaria Industrial;bakery supplies;127,0;talho
499;739;2027-06-18;557,89;FreshMart Gaia;2023-08-29;SnackHouse Distribuicao;snacks;;bebidas
368;702;2024-06-24;3500,0;Mercado Central;2022-05-09;Frutaria Atlantica;produce;;congelados
319;365;2027-04-05;1187,55;FreshMart Gaia;2025-11-02;Higiene Plus;cleaning products;;padaria
354;142;2031-05-27;1646,27;BomPreco;2025-11-02;Frutaria Atlantica;produce;;bebidas
429;774;2022-08-08;5469,68;SuperNorte;2021-08-21;Congelados Norte;frozen goods;;fruta e legumes
221;94;2023-12-13;4203,07;Nova Compra;2022-05-20;Congelados Norte;frozen goods;;higiene
237;289;2034-10-14;1943,65;SuperNorte;2025-07-18;SnackHouse Distribuicao;snacks;;congelados
217;689;2025-06-23;985,9;FreshMart Gaia;2021-10-15;SnackHouse Distribuicao;snacks;171,0;laticinios
214;193;2025-05-16;3517,58;Atlantico Market;2023-09-17;Bebidas Lusas;beverages;87,0;bebidas
99;478;2031-12-19;2752,77;SuperNorte;2025-09-02;Peixe Fresco Iberico;seafood;;mercearia
158;823;2028-11-29;3369,67;Mercado Central;2025-02-09;Bebidas Lusas;beverages;;bebidas
250;493;2033-06-10;7000,0;Atlantico Market;2025-01-13;Bebidas Lusas;beverages;;laticinios
15;792;2025-10-20;939,41;SuperNorte;2024-07-30;Frutaria Atlantica;produce;;bebidas
354;750;2029-01-21;1579,88;BomPreco;2025-11-02;Casa Verde Horticolas;produce;;congelados
58;499;2024-12-04;634,45;Atlantico Market;2023-08-09;SnackHouse Distribuicao;snacks;;fruta e legumes
213;326;2030-11-20;1003,58;SuperNorte;2022-08-14;Padaria Industrial;bakery supplies;19,0;talho
252;44;2025-08-21;5303,64;BomPreco;2022-11-20;Congelados Norte;frozen goods;;congelados
467;347;2026-01-19;6417,08;Nova Compra;2023-05-01;Carnes Selectas;meat;71,0;fruta e legumes
195;438;2024-12-05;4957,8;SuperNorte;2022-02-10;Peixe Fresco Iberico;seafood;162,0;laticinios
145;319;2025-01-21;628,7;FreshMart Gaia;2023-11-02;SnackHouse Distribuicao;snacks;131,0;congelados
145;319;2025-01-21;943,72;FreshMart Gaia;2023-11-02;SnackHouse Distribuicao;snacks;177,0;bebidas
127;597;2027-02-17;9504,95;FreshMart Gaia;2022-10-25;Carnes Selectas;meat;;laticinios
1;851;2033-10-10;3193,15;FreshMart Gaia;2023-11-13;Lacteos do Vale;dairy;;talho
326;876;2030-01-22;959,73;Mercado Central;2024-09-07;Padaria Industrial;bakery supplies;;padaria
156;145;2030-12-02;1479,18;BomPreco;2026-01-04;Higiene Plus;cleaning products;48,0;mercearia
34;348;2031-09-08;4093,39;Atlantico Market;2021-09-25;Peixe Fresco Iberico;seafood;;fruta e legumes
394;608;2025-03-21;11618,36;Atlantico Market;2023-07-15;Peixe Fresco Iberico;seafood;;padaria
489;665;2030-01-05;994,85;SuperNorte;2023-09-27;Higiene Plus;cleaning products;;laticinios
67;602;2025-02-04;2252,32;FreshMart Gaia;2023-11-18;Frutaria Atlantica;produce;;talho
352;500;2031-11-20;1017,79;Atlantico Market;2022-04-17;Casa Verde Horticolas;produce;;fruta e legumes
88;633;2025-01-04;3461,02;Atlantico Market;2021-03-26;Bebidas Lusas;beverages;62,0;fruta e legumes
168;346;2025-11-11;1753,82;BomPreco;2024-01-25;Padaria Industrial;bakery supplies;;bebidas
133;279;2031-04-21;1077,51;FreshMart Gaia;2023-08-18;SnackHouse Distribuicao;snacks;26,0;fruta e legumes
211;221;2030-11-11;3012,22;FreshMart Gaia;2024-02-14;Lacteos do Vale;dairy;103,0;padaria
382;374;2025-01-20;2643,94;Atlantico Market;2023-09-03;Congelados Norte;frozen goods;;higiene
364;264;2027-06-19;2865,53;Atlantico Market;2021-12-06;Congelados Norte;frozen goods;;padaria
322;365;2027-11-17;1369,46;Atlantico Market;2026-01-04;Higiene Plus;cleaning products;34,0;higiene
224;170;2026-04-01;2864,59;Mercado Central;2024-04-11;Casa Verde Horticolas;produce;98,0;fruta e legumes
151;950;2025-09-26;1617,69;FreshMart Gaia;2024-04-02;Casa Verde Horticolas;produce;;bebidas
179;662;2034-10-14;2443,78;Nova Compra;2024-10-24;Frutaria Atlantica;produce;;padaria
234;853;2025-03-28;6275,27;BomPreco;2022-02-27;Bebidas Lusas;beverages;;congelados
249;90;2030-07-07;1307,57;SuperNorte;2023-09-28;Casa Verde Horticolas;produce;27,0;laticinios
284;906;2025-08-16;503,42;Mercado Central;2023-04-30;Padaria Industrial;bakery supplies;153,0;laticinios
279;398;2029-03-26;5539,03;SuperNorte;2022-10-07;Peixe Fresco Iberico;seafood;;fruta e legumes
141;235;2022-03-23;2438,4;SuperNorte;2021-05-17;Higiene Plus;cleaning products;;laticinios
165;837;2032-07-08;3746,05;SuperNorte;2024-06-21;Carnes Selectas;meat;;congelados
20;250;2026-09-12;2920,96;Mercado Central;2025-07-10;Casa Verde Horticolas;produce;;bebidas
282;286;2031-07-12;888,58;BomPreco;2022-10-01;Padaria Industrial;bakery supplies;31,0;padaria
282;286;2030-04-13;1800,0;BomPreco;2022-10-01;Padaria Industrial;bakery supplies;142,0;higiene
213;328;2022-11-19;12000,0;SuperNorte;2022-08-14;Peixe Fresco Iberico;seafood;19,0;talho
440;368;2023-02-23;10339,38;Mercado Central;2021-09-09;Peixe Fresco Iberico;seafood;;laticinios
61;551;2022-02-14;1024,8;FreshMart Gaia;2021-12-07;Lacteos do Vale;dairy;;padaria
50;869;2033-06-25;559,52;Mercado Central;2025-02-27;SnackHouse Distribuicao;snacks;;talho
395;70;2024-11-05;1901,64;Nova Compra;2023-10-24;Casa Verde Horticolas;produce;;higiene
471;342;2025-06-04;2782,02;SuperNorte;2024-09-26;Frutaria Atlantica;produce;119,0;peixaria
251;445;2024-05-16;1722,73;Nova Compra;2023-03-21;Higiene Plus;cleaning products;;padaria
144;978;2031-01-07;4693,53;BomPreco;2022-09-23;Peixe Fresco Iberico;seafood;;padaria
14;380;2024-12-04;947,9;Mercado Central;2022-12-20;Casa Verde Horticolas;produce;12,0;mercearia
228;391;2029-06-06;3267,01;BomPreco;2025-05-03;Lacteos do Vale;dairy;44,0;fruta e legumes
179;370;2025-01-25;3500,0;Nova Compra;2024-10-24;Casa Verde Horticolas;produce;;fruta e legumes
360;528;2026-02-08;4807,98;BomPreco;2023-03-19;Peixe Fresco Iberico;seafood;200,0;peixaria
157;472;2030-03-24;2681,92;FreshMart Gaia;2024-10-04;Frutaria Atlantica;produce;;bebidas
356;998;2023-09-28;12000,0;Mercado Central;2022-08-06;Peixe Fresco Iberico;seafood;;padaria
482;713;2025-08-24;3443,13;Mercado Central;2023-10-18;Bebidas Lusas;beverages;156,0;mercearia
89;823;2025-05-27;3474,63;Nova Compra;2021-05-28;Bebidas Lusas;beverages;;congelados
432;288;2029-11-10;8361,87;BomPreco;2025-09-23;Peixe Fresco Iberico;seafood;;higiene
54;267;2021-08-21;4751,41;BomPreco;2021-08-12;Carnes Selectas;meat;;higiene
277;892;2026-02-17;3379,88;FreshMart Gaia;2026-02-03;Frutaria Atlantica;produce;;padaria
235;719;2025-10-13;1375,71;FreshMart Gaia;2022-03-04;SnackHouse Distribuicao;snacks;;congelados
159;116;2033-02-22;986,13;SuperNorte;2025-01-19;Padaria Industrial;bakery supplies;;peixaria
427;811;2025-05-11;1123,41;FreshMart Gaia;2023-12-18;Lacteos do Vale;dairy;;higiene
258;142;2027-12-15;1663,91;BomPreco;2025-02-11;Frutaria Atlantica;produce;73,0;talho
258;142;2028-01-18;1175,6;BomPreco;2025-02-11;Frutaria Atlantica;produce;100,0;talho
248;749;2028-01-12;1928,04;Mercado Central;2025-02-23;SnackHouse Distribuicao;snacks;8,0;fruta e legumes
391;415;2028-01-01;650,22;FreshMart Gaia;2024-03-07;Higiene Plus;cleaning products;;higiene
224;563;2025-08-30;5828,18;Mercado Central;2024-04-11;Bebidas Lusas;beverages;98,0;fruta e legumes
204;983;2024-04-18;2533,82;BomPreco;2021-04-02;Bebidas Lusas;beverages;;laticinios
137;438;2021-11-25;12000,0;Nova Compra;2021-03-16;Peixe Fresco Iberico;seafood;150,0;bebidas
355;78;2028-08-10;12000,0;FreshMart Gaia;2025-09-12;Peixe Fresco Iberico;seafood;60,0;bebidas
185;811;2028-09-07;2736,03;Nova Compra;2023-05-21;Lacteos do Vale;dairy;;fruta e legumes
491;9;2032-05-17;825,87;Nova Compra;2024-07-19;SnackHouse Distribuicao;snacks;;laticinios
20;976;2033-10-20;753,86;Mercado Central;2025-07-10;Padaria Industrial;bakery supplies;;fruta e legumes
13;673;2032-04-21;2505,34;FreshMart Gaia;2022-10-16;Bebidas Lusas;beverages;;talho
176;423;2032-08-27;2650,5;Mercado Central;2023-03-01;Bebidas Lusas;beverages;;bebidas
127;307;2025-10-15;10000,0;FreshMart Gaia;2022-10-25;Carnes Selectas;meat;;mercearia
300;792;2025-06-19;1727,19;BomPreco;2022-06-18;Frutaria Atlantica;produce;;laticinios
315;511;2026-10-17;1599,08;SuperNorte;2025-10-02;Lacteos do Vale;dairy;;laticinios
27;849;2028-07-22;1178,47;SuperNorte;2022-08-07;SnackHouse Distribuicao;snacks;42,0;bebidas
247;12;2029-04-01;1456,24;FreshMart Gaia;2021-04-17;Frutaria Atlantica;produce;173,0;peixaria
256;912;2025-10-14;2351,06;Atlantico Market;2023-04-01;Frutaria Atlantica;produce;33,0;bebidas
256;912;2032-11-19;889,58;Atlantico Market;2023-04-01;Frutaria Atlantica;produce;135,0;laticinios
233;360;2032-07-13;1933,57;Nova Compra;2023-12-13;Casa Verde Horticolas;produce;;fruta e legumes
354;448;2026-11-15;7864,81;BomPreco;2025-11-02;Peixe Fresco Iberico;seafood;;congelados
314;37;2025-02-14;2473,13;Mercado Central;2024-07-14;Carnes Selectas;meat;;laticinios
76;74;2025-04-08;2272,15;Atlantico Market;2022-03-16;Congelados Norte;frozen goods;180,0;laticinios
366;353;2023-01-20;3670,35;BomPreco;2021-10-13;Bebidas Lusas;beverages;;congelados
196;339;2035-09-09;3000,0;Atlantico Market;2025-12-17;SnackHouse Distribuicao;snacks;4,0;padaria
196;339;2027-08-15;2834,89;Atlantico Market;2025-12-17;SnackHouse Distribuicao;snacks;159,0;bebidas
72;837;2021-10-30;4106,57;BomPreco;2021-04-11;Carnes Selectas;meat;;congelados
445;501;2030-06-06;4000,0;FreshMart Gaia;2025-09-12;Lacteos do Vale;dairy;;padaria
296;274;2025-02-18;3723,94;Mercado Central;2024-07-23;Congelados Norte;frozen goods;;padaria
108;480;2027-08-27;1595,99;BomPreco;2021-06-26;Casa Verde Horticolas;produce;;mercearia
282;344;2024-09-04;4485,82;BomPreco;2022-10-01;Congelados Norte;frozen goods;31,0;padaria
282;344;2024-09-04;6273,75;BomPreco;2022-10-01;Congelados Norte;frozen goods;142,0;higiene
325;138;2030-01-19;4941,92;FreshMart Gaia;2024-03-27;Peixe Fresco Iberico;seafood;;laticinios
322;480;2029-06-28;1546,61;Atlantico Market;2026-01-04;Casa Verde Horticolas;produce;34,0;higiene
82;68;2026-07-28;3706,64;Atlantico Market;2023-01-31;Peixe Fresco Iberico;seafood;54,0;laticinios
491;541;2025-11-10;2517,91;Nova Compra;2024-07-19;Lacteos do Vale;dairy;;mercearia
450;766;2022-09-14;1521,97;BomPreco;2021-02-18;Padaria Industrial;bakery supplies;;congelados
166;458;2033-06-23;10169,4;Atlantico Market;2024-12-15;Peixe Fresco Iberico;seafood;192,0;mercearia
95;111;2024-12-12;1162,42;Nova Compra;2021-11-19;Lacteos do Vale;dairy;;fruta e legumes
454;905;2025-09-29;1157,37;Atlantico Market;2022-02-05;Higiene Plus;cleaning products;;mercearia
1;767;2024-01-02;9457,99;FreshMart Gaia;2023-11-13;Carnes Selectas;meat;;congelados
439;953;2026-08-15;4162,98;FreshMart Gaia;2026-01-08;Bebidas Lusas;beverages;;padaria
293;607;2032-09-15;5483,51;Nova Compra;2024-07-22;Carnes Selectas;meat;;peixaria
331;467;2022-10-28;5425,66;FreshMart Gaia;2021-12-05;Carnes Selectas;meat;;higiene
12;26;2024-11-07;1275,91;BomPreco;2024-07-15;Padaria Industrial;bakery supplies;;laticinios
15;3;2026-02-17;4264,9;SuperNorte;2024-07-30;Bebidas Lusas;beverages;;bebidas
18;509;2026-09-08;1273,61;BomPreco;2025-02-11;SnackHouse Distribuicao;snacks;;laticinios
297;504;2028-04-06;6392,29;SuperNorte;2022-11-01;Congelados Norte;frozen goods;;laticinios
8;970;2031-06-11;1076,69;Mercado Central;2024-02-04;Casa Verde Horticolas;produce;172,0;talho
104;442;2029-08-10;3353,96;Mercado Central;2023-01-07;Frutaria Atlantica;produce;;padaria
495;130;2029-08-02;1236,16;SuperNorte;2022-10-02;Casa Verde Horticolas;produce;110,0;peixaria
288;990;2034-10-26;2367,27;BomPreco;2025-10-31;Casa Verde Horticolas;produce;;bebidas
451;748;2030-07-04;6035,5;FreshMart Gaia;2022-01-11;Peixe Fresco Iberico;seafood;63,0;laticinios
368;994;2024-03-02;3470,31;Mercado Central;2022-05-09;Congelados Norte;frozen goods;;laticinios
254;976;2031-12-05;1800,0;Mercado Central;2022-08-29;Padaria Industrial;bakery supplies;90,0;laticinios
92;663;2026-06-17;5238,65;Mercado Central;2024-11-30;Bebidas Lusas;beverages;37,0;talho
490;52;2026-10-19;1801,57;Atlantico Market;2023-10-13;Frutaria Atlantica;produce;;laticinios
75;756;2026-09-24;1800,0;SuperNorte;2024-05-04;Padaria Industrial;bakery supplies;65,0;peixaria
75;756;2026-06-05;1554,09;SuperNorte;2024-05-04;Padaria Industrial;bakery supplies;170,0;fruta e legumes
405;342;2024-07-17;1287,52;SuperNorte;2023-01-07;Frutaria Atlantica;produce;22,0;padaria
437;147;2026-10-08;1952,76;Nova Compra;2023-11-18;Carnes Selectas;meat;;bebidas
146;387;2024-11-15;5666,02;Mercado Central;2022-01-30;Carnes Selectas;meat;;bebidas
2;591;2024-07-21;4000,0;Mercado Central;2022-09-10;Lacteos do Vale;dairy;167,0;congelados
125;498;2032-01-28;8555,68;Nova Compra;2024-01-05;Peixe Fresco Iberico;seafood;;fruta e legumes
109;305;2022-03-22;2500,0;FreshMart Gaia;2021-02-19;Higiene Plus;cleaning products;;talho
163;945;2027-07-08;1050,44;FreshMart Gaia;2021-05-29;Higiene Plus;cleaning products;;laticinios
226;188;2025-10-22;6166,01;Atlantico Market;2022-06-05;Peixe Fresco Iberico;seafood;;higiene
264;710;2024-09-20;1774,22;BomPreco;2024-03-30;Casa Verde Horticolas;produce;;talho
243;653;2029-01-05;4179,98;SuperNorte;2025-04-24;Bebidas Lusas;beverages;;peixaria
192;623;2023-08-06;5296,81;BomPreco;2023-05-20;Bebidas Lusas;beverages;80,0;fruta e legumes
125;933;2025-08-15;7000,0;Nova Compra;2024-01-05;Bebidas Lusas;beverages;;talho
311;956;2024-11-01;1800,0;Nova Compra;2023-04-01;Padaria Industrial;bakery supplies;;mercearia
395;939;2024-09-29;3000,0;Nova Compra;2023-10-24;SnackHouse Distribuicao;snacks;;talho
234;827;2025-08-27;7297,16;BomPreco;2022-02-27;Carnes Selectas;meat;;laticinios
117;78;2030-03-06;5572,27;SuperNorte;2025-08-17;Peixe Fresco Iberico;seafood;;higiene
237;773;2029-04-16;4151,25;SuperNorte;2025-07-18;Bebidas Lusas;beverages;;congelados
348;731;2029-05-21;2887,3;BomPreco;2024-01-26;Lacteos do Vale;dairy;;peixaria
310;705;2024-10-23;1461,17;Atlantico Market;2022-09-29;Higiene Plus;cleaning products;;laticinios
373;570;2025-11-12;1226,27;FreshMart Gaia;2022-06-04;Casa Verde Horticolas;produce;;higiene
95;902;2023-02-12;1502,48;Nova Compra;2021-11-19;Frutaria Atlantica;produce;;fruta e legumes
202;106;2023-05-15;1477,9;Atlantico Market;2022-03-22;Padaria Industrial;bakery supplies;;bebidas
124;684;2027-05-28;3848,52;Atlantico Market;2022-03-28;Congelados Norte;frozen goods;;peixaria
303;606;2029-08-12;1010,94;SuperNorte;2025-02-15;Padaria Industrial;bakery supplies;;laticinios
87;671;2024-06-20;2075,45;SuperNorte;2022-03-07;Lacteos do Vale;dairy;;congelados
334;405;2031-12-10;920,32;Atlantico Market;2024-10-12;Higiene Plus;cleaning products;127,0;talho
488;63;2024-01-10;3471,84;Mercado Central;2022-02-12;Bebidas Lusas;beverages;;higiene
498;167;2028-07-15;4394,62;BomPreco;2023-08-24;Carnes Selectas;meat;;peixaria
388;182;2024-01-16;1355,1;Atlantico Market;2022-12-28;Frutaria Atlantica;produce;;bebidas
246;377;2021-04-11;3354,02;BomPreco;2021-03-04;Carnes Selectas;meat;161,0;fruta e legumes
246;377;2021-04-11;5160,99;BomPreco;2021-03-04;Carnes Selectas;meat;191,0;peixaria
475;496;2033-05-01;1320,72;FreshMart Gaia;2025-02-17;Padaria Industrial;bakery supplies;124,0;higiene
168;630;2031-09-17;3063,16;BomPreco;2024-01-25;Casa Verde Horticolas;produce;;congelados
231;155;2030-05-24;734,24;SuperNorte;2025-05-07;Higiene Plus;cleaning products;;laticinios
241;261;2023-06-11;4000,0;FreshMart Gaia;2022-04-14;Lacteos do Vale;dairy;51,0;bebidas
96;117;2024-04-26;6160,91;BomPreco;2023-11-03;Carnes Selectas;meat;;padaria
318;353;2023-09-10;2258,26;BomPreco;2021-03-16;Bebidas Lusas;beverages;88,0;higiene
365;182;2024-07-07;1542,68;Nova Compra;2023-06-30;Frutaria Atlantica;produce;;talho
307;823;2023-12-09;1611,12;FreshMart Gaia;2022-08-19;Bebidas Lusas;beverages;197,0;fruta e legumes
480;797;2024-09-24;2602,85;BomPreco;2022-01-15;Carnes Selectas;meat;;laticinios
386;361;2033-03-07;4000,0;Mercado Central;2024-08-11;Lacteos do Vale;dairy;;mercearia
114;913;2028-05-22;2737,57;BomPreco;2025-03-11;Bebidas Lusas;beverages;;fruta e legumes
229;908;2026-02-16;8276,36;FreshMart Gaia;2022-07-08;Peixe Fresco Iberico;seafood;;mercearia
13;860;2025-12-30;1759,71;FreshMart Gaia;2022-10-16;Casa Verde Horticolas;produce;;fruta e legumes
226;304;2023-02-18;4334,6;Atlantico Market;2022-06-05;Congelados Norte;frozen goods;;congelados
323;557;2022-11-07;6372,62;Nova Compra;2021-06-14;Carnes Selectas;meat;82,0;talho
292;917;2026-09-21;2114,02;Atlantico Market;2023-07-16;Carnes Selectas;meat;17,0;fruta e legumes
390;801;2025-02-28;3891,57;BomPreco;2021-05-05;Lacteos do Vale;dairy;;congelados
425;904;2024-01-29;4113,18;Nova Compra;2022-01-23;Congelados Norte;frozen goods;;talho
458;716;2025-06-14;796,98;Mercado Central;2024-04-06;Padaria Industrial;bakery supplies;169,0;higiene
80;963;2025-01-03;4629,08;Mercado Central;2021-08-21;Bebidas Lusas;beverages;;bebidas
361;220;2028-09-11;1337,34;FreshMart Gaia;2023-03-12;Casa Verde Horticolas;produce;;padaria
179;574;2029-06-08;4722,37;Nova Compra;2024-10-24;Congelados Norte;frozen goods;;mercearia
233;53;2025-03-05;3481,02;Nova Compra;2023-12-13;Bebidas Lusas;beverages;;congelados
62;864;2025-12-18;5921,38;Mercado Central;2023-12-03;Congelados Norte;frozen goods;186,0;bebidas
478;90;2031-01-21;1680,19;Atlantico Market;2025-11-21;Casa Verde Horticolas;produce;;padaria
165;722;2024-11-25;1163,78;SuperNorte;2024-06-21;Frutaria Atlantica;produce;;fruta e legumes
216;489;2033-07-03;1942,22;BomPreco;2025-09-23;SnackHouse Distribuicao;snacks;;bebidas
437;101;2027-02-17;1903,49;Nova Compra;2023-11-18;Lacteos do Vale;dairy;;peixaria
262;305;2032-05-28;605,93;Atlantico Market;2023-03-24;Higiene Plus;cleaning products;;peixaria
456;218;2032-07-10;7104,64;BomPreco;2025-06-07;Peixe Fresco Iberico;seafood;;fruta e legumes
95;188;2024-05-31;5103,63;Nova Compra;2021-11-19;Peixe Fresco Iberico;seafood;;congelados
262;175;2033-02-05;1606,48;Atlantico Market;2023-03-24;Higiene Plus;cleaning products;;peixaria
337;635;2026-03-24;935,83;FreshMart Gaia;2025-05-15;Higiene Plus;cleaning products;117,0;laticinios
208;93;2032-08-18;2179,04;Atlantico Market;2024-12-15;Bebidas Lusas;beverages;176,0;congelados
321;915;2023-03-13;2338,5;SuperNorte;2022-07-21;Higiene Plus;cleaning products;77,0;congelados
499;125;2029-02-06;2009,47;FreshMart Gaia;2023-08-29;Higiene Plus;cleaning products;;higiene
394;630;2023-12-15;1844,53;Atlantico Market;2023-07-15;Casa Verde Horticolas;produce;;padaria
171;17;2034-12-13;6575,79;SuperNorte;2025-12-02;Carnes Selectas;meat;13,0;padaria
349;445;2024-04-08;1980,09;FreshMart Gaia;2023-10-31;Higiene Plus;cleaning products;;congelados
61;886;2023-08-15;995,43;FreshMart Gaia;2021-12-07;Padaria Industrial;bakery supplies;;mercearia
416;20;2025-04-08;1073,97;Mercado Central;2021-10-24;Casa Verde Horticolas;produce;;talho
287;20;2034-05-23;2116,89;Nova Compra;2024-10-19;Casa Verde Horticolas;produce;83,0;peixaria
427;253;2024-05-16;5887,05;FreshMart Gaia;2023-12-18;Bebidas Lusas;beverages;;congelados
208;167;2025-05-14;7052,14;Atlantico Market;2024-12-15;Carnes Selectas;meat;176,0;congelados
418;916;2028-02-05;1027,05;Atlantico Market;2023-10-04;Padaria Industrial;bakery supplies;24,0;bebidas
392;344;2027-06-06;5545,55;Mercado Central;2023-08-21;Congelados Norte;frozen goods;;fruta e legumes
294;580;2022-07-17;1673,18;BomPreco;2022-04-03;Casa Verde Horticolas;produce;;fruta e legumes
492;165;2025-08-29;2199,73;BomPreco;2023-12-08;Higiene Plus;cleaning products;;talho
214;872;2025-12-25;3391,99;Atlantico Market;2023-09-17;Frutaria Atlantica;produce;87,0;bebidas
425;966;2025-10-03;558,06;Nova Compra;2022-01-23;Padaria Industrial;bakery supplies;;higiene
375;188;2025-12-25;10739,97;SuperNorte;2024-05-11;Peixe Fresco Iberico;seafood;123,0;bebidas
57;251;2033-11-16;4000,0;SuperNorte;2024-02-07;Lacteos do Vale;dairy;;talho
399;892;2024-05-13;2343,63;SuperNorte;2024-04-02;Frutaria Atlantica;produce;;talho
170;718;2030-02-17;10119,79;Mercado Central;2024-11-23;Peixe Fresco Iberico;seafood;149,0;congelados
40;289;2025-10-24;1233,16;Atlantico Market;2022-08-09;SnackHouse Distribuicao;snacks;111,0;mercearia
280;859;2031-11-21;1315,36;Atlantico Market;2025-05-05;SnackHouse Distribuicao;snacks;115,0;higiene
481;91;2029-05-10;1956,56;FreshMart Gaia;2023-11-19;Lacteos do Vale;dairy;166,0;padaria
476;229;2023-11-19;1376,68;Mercado Central;2023-03-11;SnackHouse Distribuicao;snacks;;congelados
193;825;2026-11-11;761,96;FreshMart Gaia;2022-02-11;Higiene Plus;cleaning products;;laticinios
162;554;2025-03-29;3978,55;BomPreco;2024-11-21;Congelados Norte;frozen goods;;peixaria
492;576;2025-12-20;1456,99;BomPreco;2023-12-08;Padaria Industrial;bakery supplies;;bebidas
36;535;2022-06-18;766,53;BomPreco;2021-03-31;Higiene Plus;cleaning products;;higiene
44;573;2026-07-04;4064,8;Mercado Central;2024-10-03;Bebidas Lusas;beverages;56,0;peixaria
124;978;2022-04-10;6949,05;Atlantico Market;2022-03-28;Peixe Fresco Iberico;seafood;;peixaria
174;293;2026-07-02;3274,5;BomPreco;2021-10-25;Bebidas Lusas;beverages;52,0;higiene
174;293;2027-09-07;4688,87;BomPreco;2021-10-25;Bebidas Lusas;beverages;163,0;talho
450;9;2021-11-19;1977,77;BomPreco;2021-02-18;SnackHouse Distribuicao;snacks;;peixaria
382;242;2025-08-07;1564,54;Atlantico Market;2023-09-03;Frutaria Atlantica;produce;;congelados
465;211;2027-09-19;3465,54;SuperNorte;2024-12-20;Lacteos do Vale;dairy;;padaria
224;870;2024-06-04;2380,86;Mercado Central;2024-04-11;Casa Verde Horticolas;produce;98,0;fruta e legumes
60;12;2022-04-14;3500,0;BomPreco;2021-08-03;Frutaria Atlantica;produce;;mercearia
16;313;2024-06-29;3639,56;Atlantico Market;2024-01-08;Bebidas Lusas;beverages;5,0;congelados
362;646;2023-08-23;865,2;Mercado Central;2021-04-28;Padaria Industrial;bakery supplies;144,0;laticinios
423;703;2024-07-10;3414,21;SuperNorte;2022-05-09;Bebidas Lusas;beverages;14,0;congelados
423;703;2024-07-10;6372,54;SuperNorte;2022-05-09;Bebidas Lusas;beverages;55,0;talho
450;23;2023-09-29;3507,28;BomPreco;2021-02-18;Bebidas Lusas;beverages;;mercearia
202;187;2024-04-22;5191,17;Atlantico Market;2022-03-22;Carnes Selectas;meat;;congelados
25;498;2031-01-31;12000,0;FreshMart Gaia;2024-05-31;Peixe Fresco Iberico;seafood;;bebidas
480;644;2025-10-20;2348,08;BomPreco;2022-01-15;Congelados Norte;frozen goods;;higiene
209;50;2023-05-27;2172,23;Nova Compra;2022-12-23;Casa Verde Horticolas;produce;125,0;fruta e legumes
450;873;2024-11-14;3647,71;BomPreco;2021-02-18;Bebidas Lusas;beverages;;peixaria
293;812;2025-09-28;1652,7;Nova Compra;2024-07-22;Frutaria Atlantica;produce;;mercearia
365;406;2024-03-13;651,15;Nova Compra;2023-06-30;Padaria Industrial;bakery supplies;;higiene
13;652;2024-11-15;1372,21;FreshMart Gaia;2022-10-16;Frutaria Atlantica;produce;;bebidas
76;278;2022-04-28;5409,53;Atlantico Market;2022-03-16;Peixe Fresco Iberico;seafood;180,0;laticinios
205;715;2035-06-26;1718,65;FreshMart Gaia;2026-01-02;Higiene Plus;cleaning products;;peixaria
292;605;2025-01-24;2017,89;Atlantico Market;2023-07-16;Higiene Plus;cleaning products;17,0;fruta e legumes
224;652;2030-09-27;830,87;Mercado Central;2024-04-11;Frutaria Atlantica;produce;98,0;fruta e legumes
106;550;2024-09-19;1077,33;Atlantico Market;2024-07-22;Casa Verde Horticolas;produce;;peixaria
152;156;2028-06-07;1279,6;Mercado Central;2023-11-30;Padaria Industrial;bakery supplies;;peixaria
277;937;2027-01-30;7177,24;FreshMart Gaia;2026-02-03;Carnes Selectas;meat;;mercearia
48;169;2025-05-09;853,96;BomPreco;2022-10-06;SnackHouse Distribuicao;snacks;;padaria
52;690;2032-10-23;2741,8;Atlantico Market;2025-01-08;Casa Verde Horticolas;produce;;laticinios
393;276;2026-11-23;993,73;SuperNorte;2025-10-05;Padaria Industrial;bakery supplies;;fruta e legumes
342;661;2021-08-03;3009,13;BomPreco;2021-05-14;Lacteos do Vale;dairy;196,0;higiene
188;839;2028-07-22;1124,67;Mercado Central;2025-01-21;SnackHouse Distribuicao;snacks;;talho
12;365;2028-03-26;735,61;BomPreco;2024-07-15;Higiene Plus;cleaning products;;talho
345;267;2034-12-02;4699,73;SuperNorte;2025-10-09;Carnes Selectas;meat;;padaria
299;653;2027-12-19;3329,53;Nova Compra;2025-02-06;Bebidas Lusas;beverages;;higiene
83;204;2031-09-27;3723,02;Nova Compra;2025-01-15;Congelados Norte;frozen goods;157,0;padaria
83;204;2033-05-08;3607,54;Nova Compra;2025-01-15;Congelados Norte;frozen goods;182,0;peixaria
73;880;2027-03-14;3500,0;FreshMart Gaia;2025-01-05;Casa Verde Horticolas;produce;61,0;higiene
148;855;2032-08-10;639,89;Atlantico Market;2025-02-26;Higiene Plus;cleaning products;174,0;mercearia
49;555;2025-02-28;940,13;FreshMart Gaia;2023-09-03;Higiene Plus;cleaning products;;padaria
411;110;2031-09-09;1532,38;SuperNorte;2023-06-02;Casa Verde Horticolas;produce;;mercearia
113;37;2021-11-30;5458,6;Nova Compra;2021-11-05;Carnes Selectas;meat;188,0;fruta e legumes
88;19;2023-03-31;2272,16;Atlantico Market;2021-03-26;SnackHouse Distribuicao;snacks;62,0;fruta e legumes
30;611;2029-08-31;3173,64;BomPreco;2025-01-06;Lacteos do Vale;dairy;29,0;peixaria
30;611;2028-02-04;3490,01;BomPreco;2025-01-06;Lacteos do Vale;dairy;199,0;talho
196;797;2032-06-02;6706,34;Atlantico Market;2025-12-17;Carnes Selectas;meat;4,0;padaria
196;797;2032-06-25;2479,09;Atlantico Market;2025-12-17;Carnes Selectas;meat;159,0;bebidas
181;30;2021-12-15;874,78;FreshMart Gaia;2021-08-25;Casa Verde Horticolas;produce;113,0;congelados
480;108;2027-03-21;10892,59;BomPreco;2022-01-15;Peixe Fresco Iberico;seafood;;fruta e legumes
264;933;2025-10-29;6103,96;BomPreco;2024-03-30;Bebidas Lusas;beverages;;congelados
297;414;2024-08-08;5724,9;SuperNorte;2022-11-01;Congelados Norte;frozen goods;;peixaria
388;30;2023-06-15;1278,98;Atlantico Market;2022-12-28;Casa Verde Horticolas;produce;;bebidas
321;626;2024-02-10;864,91;SuperNorte;2022-07-21;Padaria Industrial;bakery supplies;77,0;congelados
292;926;2028-01-26;835,7;Atlantico Market;2023-07-16;Padaria Industrial;bakery supplies;17,0;fruta e legumes
297;552;2027-12-27;1166,56;SuperNorte;2022-11-01;Frutaria Atlantica;produce;;bebidas
116;322;2023-08-03;2078,73;Mercado Central;2022-10-19;Frutaria Atlantica;produce;;laticinios
482;550;2032-09-28;3500,0;Mercado Central;2023-10-18;Casa Verde Horticolas;produce;156,0;mercearia
231;449;2032-12-02;1320,15;SuperNorte;2025-05-07;SnackHouse Distribuicao;snacks;;talho
83;127;2028-08-30;9678,89;Nova Compra;2025-01-15;Carnes Selectas;meat;157,0;padaria
83;127;2026-07-30;3625,51;Nova Compra;2025-01-15;Carnes Selectas;meat;182,0;peixaria
393;629;2029-11-08;826,36;SuperNorte;2025-10-05;SnackHouse Distribuicao;snacks;;bebidas
358;630;2025-09-13;2885,1;Atlantico Market;2024-06-13;Casa Verde Horticolas;produce;;mercearia
332;50;2025-05-05;1676,52;Mercado Central;2024-11-20;Casa Verde Horticolas;produce;;peixaria
173;406;2024-02-02;1771,92;Nova Compra;2022-01-16;Padaria Industrial;bakery supplies;104,0;congelados
411;131;2031-01-11;4000,0;SuperNorte;2023-06-02;Lacteos do Vale;dairy;;talho
424;891;2035-07-04;1896,83;Atlantico Market;2025-08-18;Lacteos do Vale;dairy;;talho
335;580;2025-05-06;3385,64;Nova Compra;2024-12-25;Casa Verde Horticolas;produce;139,0;padaria
69;853;2024-04-12;2528,26;SuperNorte;2021-06-05;Bebidas Lusas;beverages;;talho
168;491;2033-10-11;1439,3;BomPreco;2024-01-25;Lacteos do Vale;dairy;;laticinios
33;362;2033-08-30;2997,29;SuperNorte;2024-06-15;Frutaria Atlantica;produce;;congelados
200;193;2026-06-26;1868,7;Mercado Central;2025-03-04;Bebidas Lusas;beverages;;bebidas
180;499;2024-02-18;1648,84;BomPreco;2023-10-07;SnackHouse Distribuicao;snacks;;padaria
190;797;2026-04-19;9475,82;Atlantico Market;2025-05-26;Carnes Selectas;meat;;mercearia
137;917;2029-03-03;9766,47;Nova Compra;2021-03-16;Carnes Selectas;meat;150,0;bebidas
338;62;2023-06-22;1522,7;Mercado Central;2023-02-16;Frutaria Atlantica;produce;;congelados
220;464;2025-07-25;6771,81;Atlantico Market;2024-11-09;Congelados Norte;frozen goods;;padaria
172;948;2025-11-13;3921,54;Atlantico Market;2025-06-28;Peixe Fresco Iberico;seafood;;peixaria
118;247;2024-11-05;3999,15;Atlantico Market;2022-07-18;Carnes Selectas;meat;;talho
260;287;2031-03-20;5989,95;Mercado Central;2025-07-07;Carnes Selectas;meat;;higiene
411;262;2032-04-17;2192,79;SuperNorte;2023-06-02;Frutaria Atlantica;produce;;talho
26;491;2025-05-03;1341,77;Mercado Central;2022-05-29;Lacteos do Vale;dairy;;higiene
476;551;2027-02-07;4000,0;Mercado Central;2023-03-11;Lacteos do Vale;dairy;;peixaria
498;448;2030-09-25;2792,52;BomPreco;2023-08-24;Peixe Fresco Iberico;seafood;;mercearia
326;426;2032-10-19;1024,69;Mercado Central;2024-09-07;Padaria Industrial;bakery supplies;;talho
110;147;2026-12-26;5897,67;Mercado Central;2024-05-11;Carnes Selectas;meat;;bebidas
251;30;2025-03-01;842,87;Nova Compra;2023-03-21;Casa Verde Horticolas;produce;;mercearia
86;829;2026-06-25;2994,07;Mercado Central;2025-11-24;SnackHouse Distribuicao;snacks;;congelados
87;989;2025-08-12;1182,42;SuperNorte;2022-03-07;SnackHouse Distribuicao;snacks;;fruta e legumes
150;735;2025-12-13;1437,29;BomPreco;2025-02-06;Higiene Plus;cleaning products;;padaria
5;769;2027-02-11;1912,46;Nova Compra;2026-02-01;SnackHouse Distribuicao;snacks;;padaria
212;875;2027-06-17;714,65;Mercado Central;2024-06-29;Higiene Plus;cleaning products;;fruta e legumes
433;504;2026-11-23;2654,23;FreshMart Gaia;2024-07-23;Congelados Norte;frozen goods;28,0;talho
14;277;2023-05-22;10000,0;Mercado Central;2022-12-20;Carnes Selectas;meat;12,0;mercearia
194;139;2027-02-17;1601,84;Mercado Central;2025-10-06;SnackHouse Distribuicao;snacks;;talho
379;286;2032-05-13;297,1;FreshMart Gaia;2024-02-27;Padaria Industrial;bakery supplies;;mercearia
363;902;2035-08-28;1614,98;SuperNorte;2025-10-30;Frutaria Atlantica;produce;;padaria
38;901;2025-11-05;2118,4;Mercado Central;2022-04-17;Lacteos do Vale;dairy;140,0;congelados
463;834;2031-10-07;4746,14;FreshMart Gaia;2025-03-11;Congelados Norte;frozen goods;108,0;laticinios
198;859;2031-01-02;671,18;BomPreco;2025-11-21;SnackHouse Distribuicao;snacks;;bebidas
184;963;2025-10-28;3700,87;Atlantico Market;2024-11-20;Bebidas Lusas;beverages;118,0;talho
378;372;2027-10-14;1271,88;BomPreco;2021-04-27;Frutaria Atlantica;produce;137,0;peixaria
419;726;2028-12-25;1104,58;Nova Compra;2026-02-16;Padaria Industrial;bakery supplies;74,0;peixaria
494;743;2034-03-09;4709,62;Mercado Central;2024-11-22;Bebidas Lusas;beverages;;padaria
404;231;2027-01-23;2574,01;Mercado Central;2024-09-04;Lacteos do Vale;dairy;;laticinios
167;925;2025-05-05;2500,0;Nova Compra;2024-08-25;Higiene Plus;cleaning products;;higiene
271;564;2026-01-21;8000,0;FreshMart Gaia;2025-10-11;Congelados Norte;frozen goods;;laticinios
269;76;2032-12-22;600,42;Nova Compra;2023-10-19;Padaria Industrial;bakery supplies;;padaria
104;400;2025-03-06;1557,83;Mercado Central;2023-01-07;Casa Verde Horticolas;produce;;mercearia
146;841;2023-06-11;3003,7;Mercado Central;2022-01-30;Lacteos do Vale;dairy;;higiene
449;137;2027-05-18;5100,51;Nova Compra;2024-02-23;Carnes Selectas;meat;;higiene
472;482;2028-01-04;543,31;Atlantico Market;2022-12-04;Frutaria Atlantica;produce;154,0;talho
199;263;2023-10-15;3438,76;FreshMart Gaia;2022-06-22;Bebidas Lusas;beverages;;fruta e legumes
391;43;2026-09-19;6534,67;FreshMart Gaia;2024-03-07;Bebidas Lusas;beverages;;mercearia
323;891;2027-09-30;1147,79;Nova Compra;2021-06-14;Lacteos do Vale;dairy;82,0;talho
207;328;2024-10-20;7178,06;SuperNorte;2022-08-16;Peixe Fresco Iberico;seafood;;mercearia
417;331;2025-12-09;911,33;SuperNorte;2023-07-19;Lacteos do Vale;dairy;;laticinios
136;854;2021-11-02;6360,64;Atlantico Market;2021-09-27;Congelados Norte;frozen goods;;talho
233;357;2024-12-07;6020,09;Nova Compra;2023-12-13;Carnes Selectas;meat;;fruta e legumes
4;240;2030-08-01;1432,68;Atlantico Market;2024-06-23;Casa Verde Horticolas;produce;;mercearia
374;940;2032-07-18;1532,82;Mercado Central;2023-02-24;Casa Verde Horticolas;produce;;padaria
227;275;2025-06-04;700,38;Nova Compra;2022-03-15;Higiene Plus;cleaning products;;fruta e legumes
440;631;2025-08-07;3383,47;Mercado Central;2021-09-09;Lacteos do Vale;dairy;;laticinios
270;105;2024-05-24;959,59;BomPreco;2022-05-19;Higiene Plus;cleaning products;190,0;talho
249;474;2025-07-20;5385,71;SuperNorte;2023-09-28;Congelados Norte;frozen goods;27,0;laticinios
356;522;2024-02-23;1200,01;Mercado Central;2022-08-06;Frutaria Atlantica;produce;;laticinios
218;588;2032-01-12;12000,0;Mercado Central;2025-07-13;Peixe Fresco Iberico;seafood;;padaria
360;144;2024-11-18;8000,0;BomPreco;2023-03-19;Congelados Norte;frozen goods;200,0;peixaria
224;874;2031-12-19;8000,0;Mercado Central;2024-04-11;Congelados Norte;frozen goods;98,0;fruta e legumes
79;292;2024-04-13;3500,0;FreshMart Gaia;2023-10-18;Frutaria Atlantica;produce;2,0;peixaria
79;292;2024-04-13;1390,48;FreshMart Gaia;2023-10-18;Frutaria Atlantica;produce;67,0;padaria
189;71;2028-06-29;1444,28;SuperNorte;2024-04-27;Lacteos do Vale;dairy;;fruta e legumes
445;766;2028-09-26;1800,0;FreshMart Gaia;2025-09-12;Padaria Industrial;bakery supplies;;higiene
182;763;2031-06-18;3519,34;Mercado Central;2021-08-07;Bebidas Lusas;beverages;85,0;padaria
53;897;2030-10-26;7856,55;Nova Compra;2022-04-27;Carnes Selectas;meat;;peixaria
63;747;2023-10-29;4084,06;SuperNorte;2023-01-21;Carnes Selectas;meat;50,0;congelados
63;747;2023-10-29;4114,4;SuperNorte;2023-01-21;Carnes Selectas;meat;132,0;bebidas
155;213;2021-07-12;5447,94;Nova Compra;2021-06-09;Bebidas Lusas;beverages;121,0;padaria
51;10;2022-03-26;762,42;SuperNorte;2021-10-07;Casa Verde Horticolas;produce;112,0;padaria
94;58;2026-12-31;9246,37;Atlantico Market;2024-06-11;Peixe Fresco Iberico;seafood;1,0;talho
94;58;2029-07-24;8230,24;Atlantico Market;2024-06-11;Peixe Fresco Iberico;seafood;49,0;padaria
143;473;2033-03-21;2954,08;Nova Compra;2025-12-20;Bebidas Lusas;beverages;128,0;peixaria
286;160;2031-05-06;1870,24;Atlantico Market;2026-01-18;Casa Verde Horticolas;produce;;higiene
58;31;2031-06-29;2332,29;Atlantico Market;2023-08-09;Lacteos do Vale;dairy;;laticinios
91;789;2027-04-30;1835,72;FreshMart Gaia;2025-05-06;SnackHouse Distribuicao;snacks;92,0;peixaria
190;535;2032-09-14;1875,77;Atlantico Market;2025-05-26;Higiene Plus;cleaning products;;congelados
321;4;2025-10-19;2979,85;SuperNorte;2022-07-21;Congelados Norte;frozen goods;77,0;congelados
474;61;2028-06-25;4000,0;BomPreco;2023-04-15;Lacteos do Vale;dairy;;fruta e legumes
363;905;2030-01-08;1253,5;SuperNorte;2025-10-30;Higiene Plus;cleaning products;;fruta e legumes
19;341;2023-07-23;2027,2;FreshMart Gaia;2023-01-09;Lacteos do Vale;dairy;160,0;higiene
165;760;2025-01-05;3500,0;SuperNorte;2024-06-21;Casa Verde Horticolas;produce;;talho
448;719;2033-10-29;724,48;Atlantico Market;2025-02-18;SnackHouse Distribuicao;snacks;;talho
341;423;2024-05-05;7000,0;Nova Compra;2022-09-13;Bebidas Lusas;beverages;;padaria
155;989;2021-10-10;1720,87;Nova Compra;2021-06-09;SnackHouse Distribuicao;snacks;121,0;padaria
25;153;2033-05-07;2954,05;FreshMart Gaia;2024-05-31;Bebidas Lusas;beverages;;peixaria
126;415;2025-10-15;830,78;BomPreco;2022-12-13;Higiene Plus;cleaning products;;laticinios
145;136;2024-08-21;564,91;FreshMart Gaia;2023-11-02;Padaria Industrial;bakery supplies;131,0;congelados
145;136;2024-08-21;857,43;FreshMart Gaia;2023-11-02;Padaria Industrial;bakery supplies;177,0;bebidas
296;329;2025-03-28;1869,87;Mercado Central;2024-07-23;SnackHouse Distribuicao;snacks;;padaria
230;542;2025-05-20;2448,09;Mercado Central;2025-02-06;Frutaria Atlantica;produce;;congelados
242;323;2024-04-04;4226,88;Mercado Central;2022-10-19;Bebidas Lusas;beverages;;peixaria
340;152;2032-05-02;1470,48;Atlantico Market;2022-05-12;Frutaria Atlantica;produce;68,0;congelados
340;152;2028-04-16;3380,31;Atlantico Market;2022-05-12;Frutaria Atlantica;produce;151,0;higiene
91;593;2029-02-05;7000,0;FreshMart Gaia;2025-05-06;Bebidas Lusas;beverages;92,0;peixaria
144;401;2023-12-29;4000,0;BomPreco;2022-09-23;Lacteos do Vale;dairy;;congelados
365;336;2023-12-23;850,71;Nova Compra;2023-06-30;Padaria Industrial;bakery supplies;;mercearia
364;319;2025-12-23;2068,27;Atlantico Market;2021-12-06;SnackHouse Distribuicao;snacks;;padaria
408;830;2022-07-23;2386,83;BomPreco;2022-04-15;Casa Verde Horticolas;produce;;congelados
65;999;2032-06-29;3000,0;Nova Compra;2024-07-21;SnackHouse Distribuicao;snacks;;mercearia
445;949;2035-07-23;1417,07;FreshMart Gaia;2025-09-12;SnackHouse Distribuicao;snacks;;padaria
365;659;2025-12-14;1068,83;Nova Compra;2023-06-30;SnackHouse Distribuicao;snacks;;mercearia
465;578;2032-05-01;10826,92;SuperNorte;2024-12-20;Peixe Fresco Iberico;seafood;;congelados
124;346;2023-05-02;1200,66;Atlantico Market;2022-03-28;Padaria Industrial;bakery supplies;;padaria
235;490;2022-12-23;1123,27;FreshMart Gaia;2022-03-04;Casa Verde Horticolas;produce;;congelados
477;573;2023-08-31;5151,38;SuperNorte;2022-01-25;Bebidas Lusas;beverages;;laticinios
350;905;2028-05-08;2500,0;Mercado Central;2025-07-14;Higiene Plus;cleaning products;;talho
51;877;2022-02-09;3951,94;SuperNorte;2021-10-07;Carnes Selectas;meat;112,0;padaria
478;461;2025-12-31;1439,82;Atlantico Market;2025-11-21;Lacteos do Vale;dairy;;padaria
383;23;2025-07-21;3801,08;Nova Compra;2023-04-24;Bebidas Lusas;beverages;;laticinios
152;311;2027-10-28;2920,06;Mercado Central;2023-11-30;Lacteos do Vale;dairy;;laticinios
241;377;2023-05-01;5220,99;FreshMart Gaia;2022-04-14;Carnes Selectas;meat;51,0;bebidas
259;990;2028-04-06;3082,3;FreshMart Gaia;2025-05-28;Casa Verde Horticolas;produce;39,0;mercearia
259;990;2035-05-11;2080,28;FreshMart Gaia;2025-05-28;Casa Verde Horticolas;produce;96,0;bebidas
370;534;2025-03-04;6779,2;Atlantico Market;2023-01-22;Congelados Norte;frozen goods;7,0;higiene
490;279;2025-03-28;1192,92;Atlantico Market;2023-10-13;SnackHouse Distribuicao;snacks;;peixaria
297;461;2030-11-24;1237,38;SuperNorte;2022-11-01;Lacteos do Vale;dairy;;peixaria
119;268;2026-07-16;5577,76;Nova Compra;2024-10-31;Peixe Fresco Iberico;seafood;;peixaria
307;362;2031-09-22;1009,33;FreshMart Gaia;2022-08-19;Frutaria Atlantica;produce;197,0;fruta e legumes
202;147;2025-08-15;6492,16;Atlantico Market;2022-03-22;Carnes Selectas;meat;;mercearia
168;733;2024-03-15;1513,22;BomPreco;2024-01-25;Bebidas Lusas;beverages;;fruta e legumes
288;792;2026-12-31;1509,02;BomPreco;2025-10-31;Frutaria Atlantica;produce;;laticinios
227;629;2026-05-12;1450,77;Nova Compra;2022-03-15;SnackHouse Distribuicao;snacks;;laticinios
231;462;2030-05-25;1155,11;SuperNorte;2025-05-07;Frutaria Atlantica;produce;;higiene
122;560;2026-02-06;1611,76;Mercado Central;2022-11-09;Casa Verde Horticolas;produce;30,0;mercearia
327;269;2032-02-09;1653,17;SuperNorte;2023-06-01;SnackHouse Distribuicao;snacks;94,0;padaria
146;230;2024-05-10;3275,07;Mercado Central;2022-01-30;Casa Verde Horticolas;produce;;higiene
158;65;2032-02-29;860,81;Mercado Central;2025-02-09;Higiene Plus;cleaning products;;laticinios
111;802;2027-04-23;2172,74;SuperNorte;2021-08-21;Frutaria Atlantica;produce;;laticinios
448;624;2033-10-21;5521,81;Atlantico Market;2025-02-18;Congelados Norte;frozen goods;;mercearia
295;4;2025-07-21;4259,23;FreshMart Gaia;2024-02-12;Congelados Norte;frozen goods;;laticinios
489;200;2027-05-12;1478,56;SuperNorte;2023-09-27;Casa Verde Horticolas;produce;;fruta e legumes
250;602;2026-01-29;1108,09;Atlantico Market;2025-01-13;Frutaria Atlantica;produce;;padaria
495;314;2024-05-02;8000,0;SuperNorte;2022-10-02;Congelados Norte;frozen goods;110,0;peixaria
462;905;2031-09-01;1420,69;BomPreco;2022-01-14;Higiene Plus;cleaning products;38,0;peixaria
205;205;2027-06-22;1192,98;FreshMart Gaia;2026-01-02;Higiene Plus;cleaning products;;bebidas
183;157;2025-06-13;10000,0;SuperNorte;2022-11-01;Carnes Selectas;meat;178,0;higiene
280;463;2025-10-28;4144,51;Atlantico Market;2025-05-05;Bebidas Lusas;beverages;115,0;higiene
23;183;2023-12-01;7000,0;Nova Compra;2023-11-14;Bebidas Lusas;beverages;;congelados
88;782;2026-01-29;978,09;Atlantico Market;2021-03-26;Frutaria Atlantica;produce;62,0;fruta e legumes
166;733;2032-09-23;3370,44;Atlantico Market;2024-12-15;Bebidas Lusas;beverages;192,0;mercearia
330;102;2027-02-05;998,68;BomPreco;2025-02-18;Frutaria Atlantica;produce;;higiene
296;970;2030-07-05;1751,08;Mercado Central;2024-07-23;Casa Verde Horticolas;produce;;laticinios
270;805;2025-04-01;1298,68;BomPreco;2022-05-19;Higiene Plus;cleaning products;190,0;talho
346;487;2023-09-04;4394,2;Atlantico Market;2021-02-27;Carnes Selectas;meat;;congelados
437;368;2024-07-11;6659,55;Nova Compra;2023-11-18;Peixe Fresco Iberico;seafood;;higiene
368;447;2024-07-11;4491,63;Mercado Central;2022-05-09;Carnes Selectas;meat;;bebidas
141;543;2025-02-28;3568,29;SuperNorte;2021-05-17;Bebidas Lusas;beverages;;laticinios
39;941;2024-06-12;1530,14;SuperNorte;2022-08-08;Lacteos do Vale;dairy;;padaria
263;717;2025-11-17;10000,0;Nova Compra;2022-05-13;Carnes Selectas;meat;47,0;peixaria
219;203;2034-02-01;2276,91;SuperNorte;2025-01-12;Bebidas Lusas;beverages;175,0;padaria
36;801;2026-09-09;2365,6;BomPreco;2021-03-31;Lacteos do Vale;dairy;;peixaria
184;647;2025-08-10;3157,27;Atlantico Market;2024-11-20;Carnes Selectas;meat;118,0;talho
361;128;2025-11-21;4464,14;FreshMart Gaia;2023-03-12;Peixe Fresco Iberico;seafood;;talho
78;375;2024-01-17;990,78;BomPreco;2022-12-29;Higiene Plus;cleaning products;46,0;talho
487;312;2024-10-28;1743,48;FreshMart Gaia;2024-08-09;Frutaria Atlantica;produce;;bebidas
209;188;2024-12-04;7033,9;Nova Compra;2022-12-23;Peixe Fresco Iberico;seafood;125,0;fruta e legumes
169;581;2029-07-05;1306,62;FreshMart Gaia;2025-07-10;Lacteos do Vale;dairy;;talho
198;322;2026-11-16;1535,89;BomPreco;2025-11-21;Frutaria Atlantica;produce;;congelados
429;923;2022-11-24;2400,65;SuperNorte;2021-08-21;Bebidas Lusas;beverages;;bebidas
288;33;2032-11-03;2353,41;BomPreco;2025-10-31;Bebidas Lusas;beverages;;padaria
415;685;2027-07-23;2290,01;FreshMart Gaia;2024-03-20;Higiene Plus;cleaning products;;talho
462;692;2024-08-07;988,85;BomPreco;2022-01-14;Frutaria Atlantica;produce;38,0;peixaria
328;357;2032-11-05;5584,57;Atlantico Market;2024-05-28;Carnes Selectas;meat;;bebidas
208;66;2032-01-05;1800,0;Atlantico Market;2024-12-15;Padaria Industrial;bakery supplies;176,0;congelados
104;541;2023-03-03;3699,65;Mercado Central;2023-01-07;Lacteos do Vale;dairy;;mercearia
380;876;2025-01-28;1210,96;Mercado Central;2022-09-25;Padaria Industrial;bakery supplies;;bebidas
61;871;2025-05-10;2134,33;FreshMart Gaia;2021-12-07;Lacteos do Vale;dairy;;talho
389;792;2023-05-20;2577,13;Nova Compra;2023-02-14;Frutaria Atlantica;produce;;bebidas
33;507;2026-08-02;6376,54;SuperNorte;2024-06-15;Carnes Selectas;meat;;bebidas
42;404;2024-02-07;8000,0;BomPreco;2022-11-03;Congelados Norte;frozen goods;;talho
463;532;2025-03-13;1741,96;FreshMart Gaia;2025-03-11;Frutaria Atlantica;produce;108,0;laticinios
275;661;2033-09-18;3373,54;Nova Compra;2025-12-22;Lacteos do Vale;dairy;35,0;fruta e legumes
442;637;2030-05-04;4663,76;Atlantico Market;2024-05-24;Carnes Selectas;meat;143,0;fruta e legumes
154;295;2034-10-10;2500,0;Atlantico Market;2025-10-16;Higiene Plus;cleaning products;184,0;padaria
416;581;2025-10-09;1998,98;Mercado Central;2021-10-24;Lacteos do Vale;dairy;;peixaria
25;259;2031-01-22;796,33;FreshMart Gaia;2024-05-31;SnackHouse Distribuicao;snacks;;padaria
229;875;2026-01-20;1423,93;FreshMart Gaia;2022-07-08;Higiene Plus;cleaning products;;higiene
377;592;2023-10-13;2609,76;Nova Compra;2023-06-29;Frutaria Atlantica;produce;;talho
366;648;2021-11-05;12000,0;BomPreco;2021-10-13;Peixe Fresco Iberico;seafood;;talho
176;255;2028-08-20;878,26;Mercado Central;2023-03-01;Higiene Plus;cleaning products;;mercearia
390;560;2022-08-17;843,83;BomPreco;2021-05-05;Casa Verde Horticolas;produce;;congelados
207;187;2024-10-11;6752,55;SuperNorte;2022-08-16;Carnes Selectas;meat;;peixaria
48;665;2023-05-26;1695,62;BomPreco;2022-10-06;Higiene Plus;cleaning products;;fruta e legumes
271;942;2026-06-11;980,4;FreshMart Gaia;2025-10-11;Frutaria Atlantica;produce;;higiene
272;846;2029-02-03;862,16;Mercado Central;2025-06-25;Padaria Industrial;bakery supplies;122,0;congelados
474;418;2023-05-06;5718,25;BomPreco;2023-04-15;Peixe Fresco Iberico;seafood;;peixaria
172;670;2025-11-11;2679,39;Atlantico Market;2025-06-28;Casa Verde Horticolas;produce;;bebidas
21;154;2026-09-11;3569,58;SuperNorte;2024-04-14;Congelados Norte;frozen goods;;talho
277;151;2032-10-20;1767,36;FreshMart Gaia;2026-02-03;Lacteos do Vale;dairy;;padaria
62;403;2027-07-19;3948,51;Mercado Central;2023-12-03;Bebidas Lusas;beverages;186,0;bebidas
439;25;2035-05-18;739,56;FreshMart Gaia;2026-01-08;Higiene Plus;cleaning products;;laticinios
36;61;2023-07-16;4000,0;BomPreco;2021-03-31;Lacteos do Vale;dairy;;padaria
377;562;2025-08-25;2816,56;Nova Compra;2023-06-29;Frutaria Atlantica;produce;;mercearia
109;36;2024-07-14;729,2;FreshMart Gaia;2021-02-19;Padaria Industrial;bakery supplies;;padaria
241;948;2030-11-14;3930,89;FreshMart Gaia;2022-04-14;Peixe Fresco Iberico;seafood;51,0;bebidas
14;216;2030-02-25;626,21;Mercado Central;2022-12-20;Padaria Industrial;bakery supplies;12,0;mercearia
298;743;2024-09-16;4883,15;Atlantico Market;2023-03-05;Bebidas Lusas;beverages;;peixaria
48;863;2025-08-25;2379,96;BomPreco;2022-10-06;Bebidas Lusas;beverages;;bebidas
51;949;2023-11-20;1474,88;SuperNorte;2021-10-07;SnackHouse Distribuicao;snacks;112,0;padaria
475;194;2032-05-07;2009,22;FreshMart Gaia;2025-02-17;Congelados Norte;frozen goods;124,0;higiene
372;279;2030-10-29;2105,06;BomPreco;2025-04-26;SnackHouse Distribuicao;snacks;;fruta e legumes
165;198;2027-08-27;8433,73;SuperNorte;2024-06-21;Peixe Fresco Iberico;seafood;;peixaria
331;900;2025-04-28;1702,55;FreshMart Gaia;2021-12-05;Casa Verde Horticolas;produce;;padaria
286;321;2029-03-27;2345,66;Atlantico Market;2026-01-18;Lacteos do Vale;dairy;;mercearia
198;480;2029-06-11;2646,58;BomPreco;2025-11-21;Casa Verde Horticolas;produce;;bebidas
414;903;2028-12-28;4042,08;BomPreco;2025-05-11;Bebidas Lusas;beverages;;laticinios
89;668;2022-07-03;9236,71;Nova Compra;2021-05-28;Peixe Fresco Iberico;seafood;;talho
329;851;2031-08-08;1271,09;Nova Compra;2023-01-15;Lacteos do Vale;dairy;198,0;laticinios
237;894;2026-06-28;5098,91;SuperNorte;2025-07-18;Congelados Norte;frozen goods;;padaria
267;889;2027-11-13;1800,08;SuperNorte;2025-12-26;SnackHouse Distribuicao;snacks;;congelados
275;224;2026-12-05;7385,42;Nova Compra;2025-12-22;Congelados Norte;frozen goods;35,0;fruta e legumes
224;680;2025-11-14;1875,46;Mercado Central;2024-04-11;Casa Verde Horticolas;produce;98,0;fruta e legumes
324;824;2031-08-09;4115,67;BomPreco;2023-12-10;Congelados Norte;frozen goods;;bebidas
315;134;2028-10-02;3346,47;SuperNorte;2025-10-02;Congelados Norte;frozen goods;;bebidas
162;159;2030-06-14;3000,0;BomPreco;2024-11-21;SnackHouse Distribuicao;snacks;;padaria
184;620;2032-08-03;640,76;Atlantico Market;2024-11-20;Casa Verde Horticolas;produce;118,0;talho
419;914;2035-06-04;5412,12;Nova Compra;2026-02-16;Congelados Norte;frozen goods;74,0;peixaria
187;682;2025-01-07;1833,11;FreshMart Gaia;2023-07-04;Frutaria Atlantica;produce;;talho
432;76;2029-04-18;920,7;BomPreco;2025-09-23;Padaria Industrial;bakery supplies;;mercearia
209;504;2024-06-16;3707,73;Nova Compra;2022-12-23;Congelados Norte;frozen goods;125,0;fruta e legumes
352;932;2027-01-23;1804,08;Atlantico Market;2022-04-17;Frutaria Atlantica;produce;;talho
204;787;2022-12-16;6697,57;BomPreco;2021-04-02;Carnes Selectas;meat;;bebidas
488;394;2023-01-21;3006,71;Mercado Central;2022-02-12;Congelados Norte;frozen goods;;congelados
305;269;2025-06-23;1753,37;Nova Compra;2023-08-27;SnackHouse Distribuicao;snacks;;talho
142;622;2033-03-22;2166,32;Atlantico Market;2023-11-17;Frutaria Atlantica;produce;;higiene
378;816;2025-10-09;651,04;BomPreco;2021-04-27;Padaria Industrial;bakery supplies;137,0;peixaria
379;209;2025-10-02;2069,94;FreshMart Gaia;2024-02-27;SnackHouse Distribuicao;snacks;;fruta e legumes
236;203;2027-04-17;4407,34;Mercado Central;2024-07-03;Bebidas Lusas;beverages;;congelados
95;835;2023-11-20;959,75;Nova Compra;2021-11-19;Higiene Plus;cleaning products;;bebidas
461;408;2032-10-13;3808,23;Nova Compra;2025-03-18;Peixe Fresco Iberico;seafood;;mercearia
178;88;2030-10-31;4510,24;Atlantico Market;2023-12-25;Peixe Fresco Iberico;seafood;;talho
199;991;2030-02-21;2285,05;FreshMart Gaia;2022-06-22;Lacteos do Vale;dairy;;talho
229;648;2023-11-25;6281,65;FreshMart Gaia;2022-07-08;Peixe Fresco Iberico;seafood;;talho
223;932;2023-12-30;3464,09;FreshMart Gaia;2022-09-06;Frutaria Atlantica;produce;;peixaria
224;656;2024-05-15;847,72;Mercado Central;2024-04-11;Padaria Industrial;bakery supplies;98,0;fruta e legumes
108;437;2023-08-11;3619,39;BomPreco;2021-06-26;Carnes Selectas;meat;;bebidas
124;733;2025-11-30;5040,05;Atlantico Market;2022-03-28;Bebidas Lusas;beverages;;congelados
210;251;2032-03-25;1383,28;BomPreco;2023-03-24;Lacteos do Vale;dairy;;padaria
110;853;2025-05-30;2627,1;Mercado Central;2024-05-11;Bebidas Lusas;beverages;;peixaria
218;77;2027-04-02;3805,37;Mercado Central;2025-07-13;Carnes Selectas;meat;;bebidas
177;336;2024-04-09;259,55;SuperNorte;2023-05-04;Padaria Industrial;bakery supplies;;fruta e legumes
321;878;2022-11-06;8388,76;SuperNorte;2022-07-21;Peixe Fresco Iberico;seafood;77,0;congelados
125;630;2028-02-12;2824,06;Nova Compra;2024-01-05;Casa Verde Horticolas;produce;;fruta e legumes
299;298;2032-07-05;9818,92;Nova Compra;2025-02-06;Peixe Fresco Iberico;seafood;;talho
135;243;2022-09-23;7000,0;SuperNorte;2022-07-27;Bebidas Lusas;beverages;;talho
486;458;2022-04-13;12000,0;BomPreco;2022-02-26;Peixe Fresco Iberico;seafood;;padaria
471;142;2029-08-23;1591,86;SuperNorte;2024-09-26;Frutaria Atlantica;produce;119,0;peixaria
179;630;2025-11-20;3047,57;Nova Compra;2024-10-24;Casa Verde Horticolas;produce;;fruta e legumes
180;894;2024-12-29;4115,16;BomPreco;2023-10-07;Congelados Norte;frozen goods;;peixaria
133;724;2025-09-19;3549,93;FreshMart Gaia;2023-08-18;Congelados Norte;frozen goods;26,0;fruta e legumes
337;73;2032-08-17;2669,11;FreshMart Gaia;2025-05-15;Bebidas Lusas;beverages;117,0;laticinios
354;888;2027-08-05;5762,5;BomPreco;2025-11-02;Peixe Fresco Iberico;seafood;;fruta e legumes
379;915;2028-11-27;1594,39;FreshMart Gaia;2024-02-27;Higiene Plus;cleaning products;;bebidas
208;491;2028-04-07;4000,0;Atlantico Market;2024-12-15;Lacteos do Vale;dairy;176,0;congelados
121;934;2025-01-21;5968,56;FreshMart Gaia;2022-03-07;Congelados Norte;frozen goods;;bebidas
29;770;2033-08-21;1307,47;Nova Compra;2025-01-17;Casa Verde Horticolas;produce;;bebidas
355;475;2027-12-08;859,5;FreshMart Gaia;2025-09-12;Higiene Plus;cleaning products;60,0;bebidas
58;842;2025-03-07;2389,37;Atlantico Market;2023-08-09;Frutaria Atlantica;produce;;fruta e legumes
32;180;2024-12-22;2776,67;Mercado Central;2023-07-31;Casa Verde Horticolas;produce;;fruta e legumes
456;346;2025-10-31;1737,36;BomPreco;2025-06-07;Padaria Industrial;bakery supplies;;laticinios
217;37;2025-11-14;4784,88;FreshMart Gaia;2021-10-15;Carnes Selectas;meat;171,0;laticinios
284;264;2032-09-17;5311,59;Mercado Central;2023-04-30;Congelados Norte;frozen goods;153,0;laticinios
3;154;2025-10-13;6320,11;SuperNorte;2022-12-19;Congelados Norte;frozen goods;;fruta e legumes
366;215;2024-12-03;748,62;BomPreco;2021-10-13;Higiene Plus;cleaning products;;laticinios
79;790;2025-04-10;2096,32;FreshMart Gaia;2023-10-18;Casa Verde Horticolas;produce;2,0;peixaria
79;790;2025-04-10;2779,14;FreshMart Gaia;2023-10-18;Casa Verde Horticolas;produce;67,0;padaria
211;671;2025-09-18;2705,11;FreshMart Gaia;2024-02-14;Lacteos do Vale;dairy;103,0;padaria
142;652;2024-12-04;1784,07;Atlantico Market;2023-11-17;Frutaria Atlantica;produce;;bebidas
49;805;2032-11-17;2500,0;FreshMart Gaia;2023-09-03;Higiene Plus;cleaning products;;fruta e legumes
300;657;2022-08-05;10000,0;BomPreco;2022-06-18;Carnes Selectas;meat;;laticinios
445;903;2029-07-28;3765,89;FreshMart Gaia;2025-09-12;Bebidas Lusas;beverages;;talho
102;872;2023-04-09;1698,61;BomPreco;2022-07-06;Frutaria Atlantica;produce;;higiene
396;766;2028-09-16;1370,43;BomPreco;2025-10-21;Padaria Industrial;bakery supplies;57,0;mercearia
167;403;2034-04-28;3654,17;Nova Compra;2024-08-25;Bebidas Lusas;beverages;;higiene
286;467;2035-11-06;9569,62;Atlantico Market;2026-01-18;Carnes Selectas;meat;;peixaria
168;725;2025-11-18;777,39;BomPreco;2024-01-25;Higiene Plus;cleaning products;;mercearia
72;662;2025-02-24;1660,09;BomPreco;2021-04-11;Frutaria Atlantica;produce;;congelados
332;109;2025-08-08;2245,97;Mercado Central;2024-11-20;SnackHouse Distribuicao;snacks;;laticinios
444;427;2030-01-08;8483,18;BomPreco;2025-11-27;Carnes Selectas;meat;164,0;peixaria
444;124;2028-02-18;2208,25;BomPreco;2025-11-27;Congelados Norte;frozen goods;164,0;peixaria
205;251;2029-11-28;1399,53;FreshMart Gaia;2026-01-02;Lacteos do Vale;dairy;;talho
405;942;2023-01-09;870,11;SuperNorte;2023-01-07;Frutaria Atlantica;produce;22,0;padaria
132;335;2025-07-17;928,23;BomPreco;2022-11-23;Higiene Plus;cleaning products;76,0;padaria
343;322;2022-11-14;1041,27;FreshMart Gaia;2021-12-03;Frutaria Atlantica;produce;146,0;peixaria
446;725;2024-10-06;1752,53;Mercado Central;2022-09-29;Higiene Plus;cleaning products;187,0;higiene
55;716;2030-09-16;1108,55;FreshMart Gaia;2025-06-03;Padaria Industrial;bakery supplies;;congelados
433;110;2034-07-08;1726,27;FreshMart Gaia;2024-07-23;Casa Verde Horticolas;produce;28,0;talho
243;384;2025-12-17;4350,79;SuperNorte;2025-04-24;Congelados Norte;frozen goods;;bebidas
106;566;2029-12-17;1711,56;Atlantico Market;2024-07-22;Padaria Industrial;bakery supplies;;congelados
328;50;2029-01-28;1157,39;Atlantico Market;2024-05-28;Casa Verde Horticolas;produce;;peixaria
212;508;2024-11-03;2727,03;Mercado Central;2024-06-29;Peixe Fresco Iberico;seafood;;bebidas
12;391;2027-09-30;2960,03;BomPreco;2024-07-15;Lacteos do Vale;dairy;;congelados
149;29;2032-08-27;1383,81;Nova Compra;2025-09-19;SnackHouse Distribuicao;snacks;41,0;congelados
368;834;2024-12-19;2719,15;Mercado Central;2022-05-09;Congelados Norte;frozen goods;;laticinios
308;523;2024-01-12;4811,75;Mercado Central;2022-07-13;Bebidas Lusas;beverages;;padaria
150;543;2033-08-13;1547,0;BomPreco;2025-02-06;Bebidas Lusas;beverages;;mercearia
159;449;2029-02-27;1121,72;SuperNorte;2025-01-19;SnackHouse Distribuicao;snacks;;fruta e legumes
321;633;2025-11-23;1280,0;SuperNorte;2022-07-21;Bebidas Lusas;beverages;77,0;congelados
112;655;2025-03-02;1545,04;Atlantico Market;2022-05-22;Higiene Plus;cleaning products;40,0;padaria
272;36;2030-06-27;1800,0;Mercado Central;2025-06-25;Padaria Industrial;bakery supplies;122,0;congelados
282;873;2027-08-09;2897,43;BomPreco;2022-10-01;Bebidas Lusas;beverages;31,0;padaria
282;873;2028-05-13;2626,26;BomPreco;2022-10-01;Bebidas Lusas;beverages;142,0;higiene
84;48;2023-03-22;12000,0;BomPreco;2022-05-29;Peixe Fresco Iberico;seafood;;fruta e legumes
411;538;2028-06-28;8620,54;SuperNorte;2023-06-02;Peixe Fresco Iberico;seafood;;laticinios
174;112;2024-07-07;3500,0;BomPreco;2021-10-25;Frutaria Atlantica;produce;52,0;higiene
174;112;2031-04-20;1988,83;BomPreco;2021-10-25;Frutaria Atlantica;produce;163,0;talho
220;449;2032-01-21;1827,16;Atlantico Market;2024-11-09;SnackHouse Distribuicao;snacks;;higiene
250;108;2026-01-23;12000,0;Atlantico Market;2025-01-13;Peixe Fresco Iberico;seafood;;laticinios
107;605;2030-11-01;1286,04;Nova Compra;2025-07-14;Higiene Plus;cleaning products;141,0;bebidas
107;605;2033-07-16;1536,78;Nova Compra;2025-07-14;Higiene Plus;cleaning products;158,0;congelados
362;966;2021-06-19;336,36;Mercado Central;2021-04-28;Padaria Industrial;bakery supplies;144,0;laticinios
151;832;2025-01-23;3500,0;FreshMart Gaia;2024-04-02;Frutaria Atlantica;produce;;talho
97;595;2024-10-24;1639,43;FreshMart Gaia;2023-11-01;Higiene Plus;cleaning products;;fruta e legumes
283;93;2024-01-29;3573,11;FreshMart Gaia;2022-11-06;Bebidas Lusas;beverages;43,0;higiene
277;474;2034-08-17;6468,34;FreshMart Gaia;2026-02-03;Congelados Norte;frozen goods;;talho
96;534;2024-01-26;2526,81;BomPreco;2023-11-03;Congelados Norte;frozen goods;;congelados
92;34;2031-05-16;3355,14;Mercado Central;2024-11-30;Congelados Norte;frozen goods;37,0;talho
5;723;2030-02-09;4810,29;Nova Compra;2026-02-01;Bebidas Lusas;beverages;;laticinios
93;654;2023-12-11;4386,04;SuperNorte;2023-02-02;Congelados Norte;frozen goods;102,0;mercearia
219;706;2027-11-12;1222,61;SuperNorte;2025-01-12;Padaria Industrial;bakery supplies;175,0;padaria
344;206;2024-12-06;1118,72;Mercado Central;2021-06-15;Padaria Industrial;bakery supplies;;higiene
302;714;2024-03-27;5710,8;Mercado Central;2023-08-01;Congelados Norte;frozen goods;;higiene
487;377;2029-06-11;2980,34;FreshMart Gaia;2024-08-09;Carnes Selectas;meat;;congelados
310;978;2023-04-01;11553,26;Atlantico Market;2022-09-29;Peixe Fresco Iberico;seafood;;congelados
50;870;2030-07-10;1488,01;Mercado Central;2025-02-27;Casa Verde Horticolas;produce;;higiene
440;10;2028-09-07;1898,69;Mercado Central;2021-09-09;Casa Verde Horticolas;produce;;laticinios
222;920;2025-02-05;1411,76;BomPreco;2021-07-06;Casa Verde Horticolas;produce;;bebidas
18;332;2026-01-28;1625,56;BomPreco;2025-02-11;Frutaria Atlantica;produce;;mercearia
481;702;2025-03-25;2050,9;FreshMart Gaia;2023-11-19;Frutaria Atlantica;produce;166,0;padaria
322;521;2030-02-06;2993,05;Atlantico Market;2026-01-04;Lacteos do Vale;dairy;34,0;higiene
175;624;2028-07-24;6450,57;FreshMart Gaia;2024-01-18;Congelados Norte;frozen goods;;mercearia
345;481;2035-01-28;2611,95;SuperNorte;2025-10-09;Lacteos do Vale;dairy;;higiene
480;965;2024-06-23;1051,63;BomPreco;2022-01-15;Higiene Plus;cleaning products;;padaria
395;129;2033-05-05;1948,43;Nova Compra;2023-10-24;SnackHouse Distribuicao;snacks;;laticinios
206;288;2033-09-15;7242,25;Mercado Central;2025-04-19;Peixe Fresco Iberico;seafood;;laticinios
68;801;2024-02-16;2207,91;Mercado Central;2023-11-14;Lacteos do Vale;dairy;;bebidas
252;735;2023-05-28;1748,67;BomPreco;2022-11-20;Higiene Plus;cleaning products;;fruta e legumes
34;50;2022-06-03;1041,95;Atlantico Market;2021-09-25;Casa Verde Horticolas;produce;;padaria
327;646;2027-12-26;401,67;SuperNorte;2023-06-01;Padaria Industrial;bakery supplies;94,0;padaria
209;693;2025-01-21;6406,13;Nova Compra;2022-12-23;Bebidas Lusas;beverages;125,0;fruta e legumes
189;193;2025-01-01;3534,73;SuperNorte;2024-04-27;Bebidas Lusas;beverages;;higiene
352;467;2027-07-16;6511,48;Atlantico Market;2022-04-17;Carnes Selectas;meat;;peixaria
327;229;2025-11-29;1116,69;SuperNorte;2023-06-01;SnackHouse Distribuicao;snacks;94,0;padaria
117;227;2028-12-28;9529,57;SuperNorte;2025-08-17;Carnes Selectas;meat;;padaria
131;232;2022-12-21;2165,65;Nova Compra;2022-05-27;Frutaria Atlantica;produce;152,0;fruta e legumes
83;930;2029-06-22;1706,43;Nova Compra;2025-01-15;Casa Verde Horticolas;produce;157,0;padaria
83;930;2033-11-15;2103,9;Nova Compra;2025-01-15;Casa Verde Horticolas;produce;182,0;peixaria
277;648;2031-12-26;2968,44;FreshMart Gaia;2026-02-03;Peixe Fresco Iberico;seafood;;congelados
486;341;2022-03-03;2543,08;BomPreco;2022-02-26;Lacteos do Vale;dairy;;higiene
364;584;2026-01-23;8000,0;Atlantico Market;2021-12-06;Congelados Norte;frozen goods;;padaria
128;498;2026-08-09;7490,82;Mercado Central;2021-12-26;Peixe Fresco Iberico;seafood;;peixaria
306;1;2026-11-16;2337,85;BomPreco;2025-04-13;Lacteos do Vale;dairy;;padaria
372;609;2032-05-21;1430,62;BomPreco;2025-04-26;SnackHouse Distribuicao;snacks;;peixaria
478;406;2029-09-13;1627,82;Atlantico Market;2025-11-21;Padaria Industrial;bakery supplies;;higiene
302;942;2031-09-07;3219,22;Mercado Central;2023-08-01;Frutaria Atlantica;produce;;higiene
189;77;2024-11-08;4446,09;SuperNorte;2024-04-27;Carnes Selectas;meat;;peixaria
363;347;2027-06-24;6345,78;SuperNorte;2025-10-30;Carnes Selectas;meat;;peixaria
40;787;2025-12-26;5994,82;Atlantico Market;2022-08-09;Carnes Selectas;meat;111,0;mercearia
153;924;2024-10-27;5152,14;SuperNorte;2024-02-05;Congelados Norte;frozen goods;;peixaria
56;677;2024-12-03;3813,98;Mercado Central;2023-09-26;Carnes Selectas;meat;78,0;bebidas
56;677;2024-12-03;9030,87;Mercado Central;2023-09-26;Carnes Selectas;meat;134,0;fruta e legumes
292;190;2026-10-16;2385,8;Atlantico Market;2023-07-16;Casa Verde Horticolas;produce;17,0;fruta e legumes
104;572;2025-07-06;3178,05;Mercado Central;2023-01-07;Frutaria Atlantica;produce;;fruta e legumes
41;151;2027-01-04;1301,56;Nova Compra;2024-05-01;Lacteos do Vale;dairy;;peixaria
388;50;2032-10-14;1149,95;Atlantico Market;2022-12-28;Casa Verde Horticolas;produce;;congelados
178;414;2032-05-30;8000,0;Atlantico Market;2023-12-25;Congelados Norte;frozen goods;;talho
487;873;2031-12-22;6283,73;FreshMart Gaia;2024-08-09;Bebidas Lusas;beverages;;laticinios
203;669;2029-12-31;1143,38;Nova Compra;2024-03-02;SnackHouse Distribuicao;snacks;45,0;laticinios
85;908;2026-06-08;9606,8;FreshMart Gaia;2025-09-24;Peixe Fresco Iberico;seafood;;bebidas
425;635;2022-08-24;1114,98;Nova Compra;2022-01-23;Higiene Plus;cleaning products;;higiene
320;716;2026-01-07;465,6;Mercado Central;2024-03-23;Padaria Industrial;bakery supplies;;talho
385;216;2023-06-16;388,64;FreshMart Gaia;2023-02-10;Padaria Industrial;bakery supplies;;fruta e legumes
89;496;2025-01-04;990,15;Nova Compra;2021-05-28;Padaria Industrial;bakery supplies;;padaria
20;53;2031-06-26;7000,0;Mercado Central;2025-07-10;Bebidas Lusas;beverages;;higiene
258;605;2027-09-20;2500,0;BomPreco;2025-02-11;Higiene Plus;cleaning products;73,0;talho
258;605;2034-11-29;2424,24;BomPreco;2025-02-11;Higiene Plus;cleaning products;100,0;talho
497;47;2027-01-16;7845,22;Nova Compra;2024-09-10;Carnes Selectas;meat;105,0;bebidas
109;430;2021-04-18;2134,0;FreshMart Gaia;2021-02-19;Casa Verde Horticolas;produce;;bebidas
360;929;2032-08-28;2770,86;BomPreco;2023-03-19;SnackHouse Distribuicao;snacks;200,0;peixaria
447;463;2026-10-03;1517,19;SuperNorte;2023-10-11;Bebidas Lusas;beverages;64,0;talho
238;367;2023-04-02;8430,06;Atlantico Market;2023-01-21;Carnes Selectas;meat;;mercearia
131;253;2025-03-15;2264,39;Nova Compra;2022-05-27;Bebidas Lusas;beverages;152,0;fruta e legumes
173;513;2022-09-22;2486,88;Nova Compra;2022-01-16;Bebidas Lusas;beverages;104,0;congelados
76;377;2025-03-29;7385,6;Atlantico Market;2022-03-16;Carnes Selectas;meat;180,0;laticinios
247;850;2022-08-04;2809,8;FreshMart Gaia;2021-04-17;Casa Verde Horticolas;produce;173,0;peixaria
397;729;2025-06-05;1254,09;FreshMart Gaia;2023-10-31;SnackHouse Distribuicao;snacks;32,0;congelados
205;68;2026-10-17;8693,62;FreshMart Gaia;2026-01-02;Peixe Fresco Iberico;seafood;;higiene
267;717;2029-11-14;6956,79;SuperNorte;2025-12-26;Carnes Selectas;meat;;bebidas
280;163;2035-02-24;3260,77;Atlantico Market;2025-05-05;Bebidas Lusas;beverages;115,0;higiene
279;222;2029-04-30;1982,62;SuperNorte;2022-10-07;Frutaria Atlantica;produce;;congelados
86;989;2031-12-19;3000,0;Mercado Central;2025-11-24;SnackHouse Distribuicao;snacks;;fruta e legumes
172;124;2030-11-04;3788,27;Atlantico Market;2025-06-28;Congelados Norte;frozen goods;;mercearia
147;575;2024-05-08;1230,31;SuperNorte;2022-01-01;Higiene Plus;cleaning products;;congelados
391;154;2025-11-24;4600,28;FreshMart Gaia;2024-03-07;Congelados Norte;frozen goods;;padaria
431;991;2030-04-08;1980,08;Nova Compra;2024-03-23;Lacteos do Vale;dairy;194,0;congelados
435;364;2026-02-12;6137,03;SuperNorte;2024-08-06;Congelados Norte;frozen goods;;mercearia
208;229;2033-04-10;3000,0;Atlantico Market;2024-12-15;SnackHouse Distribuicao;snacks;176,0;congelados
191;591;2032-05-31;1924,12;Nova Compra;2024-01-10;Lacteos do Vale;dairy;;congelados
229;369;2024-10-22;1122,12;FreshMart Gaia;2022-07-08;SnackHouse Distribuicao;snacks;;congelados
425;936;2022-04-22;1800,0;Nova Compra;2022-01-23;Padaria Industrial;bakery supplies;;peixaria
469;951;2024-09-14;2269,1;FreshMart Gaia;2023-05-24;Lacteos do Vale;dairy;126,0;laticinios
119;204;2028-10-06;1996,86;Nova Compra;2024-10-31;Congelados Norte;frozen goods;;peixaria
253;252;2025-02-10;3500,0;FreshMart Gaia;2023-05-05;Frutaria Atlantica;produce;89,0;fruta e legumes
45;474;2024-07-29;7137,76;SuperNorte;2021-03-03;Congelados Norte;frozen goods;145,0;talho
95;879;2025-03-26;3000,0;Nova Compra;2021-11-19;SnackHouse Distribuicao;snacks;;congelados
382;202;2023-09-03;3500,0;Atlantico Market;2023-09-03;Frutaria Atlantica;produce;;padaria
227;3;2024-04-14;7000,0;Nova Compra;2022-03-15;Bebidas Lusas;beverages;;laticinios
254;506;2025-03-26;627,12;Mercado Central;2022-08-29;Padaria Industrial;bakery supplies;90,0;laticinios
52;962;2030-12-24;1293,23;Atlantico Market;2025-01-08;Frutaria Atlantica;produce;;fruta e legumes
335;383;2034-08-10;3004,88;Nova Compra;2024-12-25;Bebidas Lusas;beverages;139,0;padaria
166;513;2025-11-08;2966,48;Atlantico Market;2024-12-15;Bebidas Lusas;beverages;192,0;mercearia
455;700;2026-07-26;1955,24;Nova Compra;2024-05-14;Casa Verde Horticolas;produce;;bebidas
114;791;2033-04-01;1724,63;BomPreco;2025-03-11;Lacteos do Vale;dairy;;bebidas
434;730;2025-08-25;1083,17;Mercado Central;2025-07-06;Casa Verde Horticolas;produce;95,0;congelados
327;919;2025-10-20;1113,24;SuperNorte;2023-06-01;SnackHouse Distribuicao;snacks;94,0;padaria
340;703;2023-03-17;3285,66;Atlantico Market;2022-05-12;Bebidas Lusas;beverages;68,0;congelados
340;703;2023-03-17;6275,74;Atlantico Market;2022-05-12;Bebidas Lusas;beverages;151,0;higiene
462;519;2022-06-11;1273,65;BomPreco;2022-01-14;SnackHouse Distribuicao;snacks;38,0;peixaria
389;511;2025-04-03;3095,51;Nova Compra;2023-02-14;Lacteos do Vale;dairy;;talho
285;869;2028-04-13;910,46;SuperNorte;2023-05-21;SnackHouse Distribuicao;snacks;;laticinios
282;356;2026-11-03;237,05;BomPreco;2022-10-01;Padaria Industrial;bakery supplies;31,0;padaria
282;356;2027-07-15;941,83;BomPreco;2022-10-01;Padaria Industrial;bakery supplies;142,0;higiene
353;371;2025-03-08;1633,89;Nova Compra;2021-02-20;Lacteos do Vale;dairy;;higiene
464;494;2024-05-05;2891,67;Mercado Central;2022-08-25;Congelados Norte;frozen goods;;peixaria
69;12;2023-08-17;1180,22;SuperNorte;2021-06-05;Frutaria Atlantica;produce;;padaria
202;932;2024-08-19;1345,55;Atlantico Market;2022-03-22;Frutaria Atlantica;produce;;fruta e legumes
335;164;2025-03-10;2757,45;Nova Compra;2024-12-25;Congelados Norte;frozen goods;139,0;padaria
468;716;2024-05-05;667,96;BomPreco;2021-07-29;Padaria Industrial;bakery supplies;;bebidas
32;914;2023-10-23;2332,95;Mercado Central;2023-07-31;Congelados Norte;frozen goods;;mercearia
83;306;2028-11-23;383,57;Nova Compra;2025-01-15;Padaria Industrial;bakery supplies;157,0;padaria
83;306;2027-01-17;370,01;Nova Compra;2025-01-15;Padaria Industrial;bakery supplies;182,0;peixaria
174;980;2022-04-24;3500,0;BomPreco;2021-10-25;Casa Verde Horticolas;produce;52,0;higiene
174;980;2022-04-24;1798,09;BomPreco;2021-10-25;Casa Verde Horticolas;produce;163,0;talho
411;350;2029-12-12;3500,0;SuperNorte;2023-06-02;Casa Verde Horticolas;produce;;bebidas
181;430;2030-09-06;1707,91;FreshMart Gaia;2021-08-25;Casa Verde Horticolas;produce;113,0;congelados
159;483;2031-12-29;3514,27;SuperNorte;2025-01-19;Bebidas Lusas;beverages;;mercearia
356;786;2025-02-06;1147,98;Mercado Central;2022-08-06;Padaria Industrial;bakery supplies;;talho
392;387;2025-10-15;7202,52;Mercado Central;2023-08-21;Carnes Selectas;meat;;mercearia
468;181;2025-03-22;1226,87;BomPreco;2021-07-29;Lacteos do Vale;dairy;;laticinios
81;688;2025-10-24;5478,9;SuperNorte;2024-04-22;Peixe Fresco Iberico;seafood;130,0;padaria
96;103;2023-11-23;4301,26;BomPreco;2023-11-03;Bebidas Lusas;beverages;;bebidas
33;869;2034-04-06;691,21;SuperNorte;2024-06-15;SnackHouse Distribuicao;snacks;;congelados
117;965;2033-01-19;2465,16;SuperNorte;2025-08-17;Higiene Plus;cleaning products;;padaria
290;834;2024-02-09;6936,91;Mercado Central;2022-12-23;Congelados Norte;frozen goods;;peixaria
389;761;2031-09-13;834,99;Nova Compra;2023-02-14;Lacteos do Vale;dairy;;talho
119;339;2028-09-11;1110,96;Nova Compra;2024-10-31;SnackHouse Distribuicao;snacks;;mercearia
458;985;2033-01-22;1441,43;Mercado Central;2024-04-06;Higiene Plus;cleaning products;169,0;higiene
85;634;2027-10-17;6280,47;FreshMart Gaia;2025-09-24;Congelados Norte;frozen goods;;talho
485;837;2029-01-18;10000,0;Nova Compra;2023-06-26;Carnes Selectas;meat;;talho
361;394;2026-10-14;3227,83;FreshMart Gaia;2023-03-12;Congelados Norte;frozen goods;;congelados
497;460;2032-11-14;3500,0;Nova Compra;2024-09-10;Casa Verde Horticolas;produce;105,0;bebidas
461;550;2026-01-18;1809,85;Nova Compra;2025-03-18;Casa Verde Horticolas;produce;;mercearia
239;639;2028-11-04;1491,7;Nova Compra;2022-04-05;SnackHouse Distribuicao;snacks;120,0;mercearia
328;141;2030-05-30;2768,33;Atlantico Market;2024-05-28;Lacteos do Vale;dairy;;talho
309;897;2029-11-16;6210,58;SuperNorte;2024-03-19;Carnes Selectas;meat;;mercearia
148;989;2034-04-19;1850,53;Atlantico Market;2025-02-26;SnackHouse Distribuicao;snacks;174,0;mercearia
312;488;2030-09-29;12000,0;BomPreco;2025-12-24;Peixe Fresco Iberico;seafood;;talho
293;121;2034-07-04;2403,16;Nova Compra;2024-07-22;Lacteos do Vale;dairy;;laticinios
349;624;2024-09-21;2761,27;FreshMart Gaia;2023-10-31;Congelados Norte;frozen goods;;congelados
451;743;2025-09-23;2569,9;FreshMart Gaia;2022-01-11;Bebidas Lusas;beverages;63,0;laticinios
93;65;2025-07-14;2500,0;SuperNorte;2023-02-02;Higiene Plus;cleaning products;102,0;mercearia
293;75;2025-06-13;1870,45;Nova Compra;2024-07-22;Higiene Plus;cleaning products;;padaria
483;97;2032-04-04;2680,6;SuperNorte;2025-01-22;Carnes Selectas;meat;;congelados
186;459;2024-05-08;801,15;BomPreco;2021-08-09;SnackHouse Distribuicao;snacks;;fruta e legumes
303;439;2028-03-02;1668,71;SuperNorte;2025-02-15;SnackHouse Distribuicao;snacks;;fruta e legumes
257;600;2021-11-05;2441,48;Nova Compra;2021-04-16;Casa Verde Horticolas;produce;21,0;mercearia
257;600;2021-11-05;1363,51;Nova Compra;2021-04-16;Casa Verde Horticolas;produce;91,0;talho
188;394;2033-11-11;2018,87;Mercado Central;2025-01-21;Congelados Norte;frozen goods;;peixaria
388;340;2029-09-27;1115,0;Atlantico Market;2022-12-28;Casa Verde Horticolas;produce;;laticinios
167;761;2029-11-15;4000,0;Nova Compra;2024-08-25;Lacteos do Vale;dairy;;mercearia
379;586;2024-07-21;1250,62;FreshMart Gaia;2024-02-27;Padaria Industrial;bakery supplies;;bebidas
397;232;2023-12-10;2901,48;FreshMart Gaia;2023-10-31;Frutaria Atlantica;produce;32,0;congelados
414;921;2025-12-19;3631,75;BomPreco;2025-05-11;Lacteos do Vale;dairy;;talho
259;966;2026-05-05;754,5;FreshMart Gaia;2025-05-28;Padaria Industrial;bakery supplies;39,0;mercearia
259;966;2032-08-04;845,47;FreshMart Gaia;2025-05-28;Padaria Industrial;bakery supplies;96,0;bebidas
270;820;2023-02-25;1715,29;BomPreco;2022-05-19;Casa Verde Horticolas;produce;190,0;talho
424;769;2025-08-21;1990,3;Atlantico Market;2025-08-18;SnackHouse Distribuicao;snacks;;padaria
339;520;2023-11-23;3020,62;SuperNorte;2022-10-13;Casa Verde Horticolas;produce;155,0;peixaria
417;674;2032-03-06;8000,0;SuperNorte;2023-07-19;Congelados Norte;frozen goods;;peixaria
445;946;2028-04-16;1442,58;FreshMart Gaia;2025-09-12;Padaria Industrial;bakery supplies;;fruta e legumes
495;166;2026-11-15;1447,32;SuperNorte;2022-10-02;Padaria Industrial;bakery supplies;110,0;peixaria
255;252;2031-03-05;3500,0;SuperNorte;2024-01-22;Frutaria Atlantica;produce;129,0;mercearia
442;690;2025-04-23;1686,93;Atlantico Market;2024-05-24;Casa Verde Horticolas;produce;143,0;fruta e legumes
82;626;2023-10-05;1707,54;Atlantico Market;2023-01-31;Padaria Industrial;bakery supplies;54,0;laticinios
124;657;2028-05-04;7005,01;Atlantico Market;2022-03-28;Carnes Selectas;meat;;fruta e legumes
448;527;2030-07-26;7121,56;Atlantico Market;2025-02-18;Carnes Selectas;meat;;congelados
360;199;2028-07-05;1498,16;BomPreco;2023-03-19;SnackHouse Distribuicao;snacks;200,0;peixaria
204;188;2023-10-08;3470,84;BomPreco;2021-04-02;Peixe Fresco Iberico;seafood;;laticinios
72;772;2023-06-11;2160,55;BomPreco;2021-04-11;Frutaria Atlantica;produce;;mercearia
188;309;2034-07-20;1930,66;Mercado Central;2025-01-21;SnackHouse Distribuicao;snacks;;mercearia
341;707;2025-08-05;4168,06;Nova Compra;2022-09-13;Carnes Selectas;meat;;fruta e legumes
407;510;2024-06-23;1771,2;Nova Compra;2024-05-16;Casa Verde Horticolas;produce;;higiene
358;442;2034-05-02;1244,0;Atlantico Market;2024-06-13;Frutaria Atlantica;produce;;mercearia
55;119;2025-08-23;1113,76;FreshMart Gaia;2025-06-03;SnackHouse Distribuicao;snacks;;higiene
374;510;2026-02-07;1489,96;Mercado Central;2023-02-24;Casa Verde Horticolas;produce;;talho
52;410;2025-08-18;1017,54;Atlantico Market;2025-01-08;Casa Verde Horticolas;produce;;padaria
447;974;2028-09-26;3307,03;SuperNorte;2023-10-11;Congelados Norte;frozen goods;64,0;talho
201;46;2027-11-24;1378,75;SuperNorte;2024-04-10;Padaria Industrial;bakery supplies;;mercearia
323;703;2024-02-03;7000,0;Nova Compra;2021-06-14;Bebidas Lusas;beverages;82,0;talho
27;745;2025-08-26;2500,0;SuperNorte;2022-08-07;Higiene Plus;cleaning products;42,0;bebidas
27;471;2029-11-20;1795,72;SuperNorte;2022-08-07;Lacteos do Vale;dairy;42,0;bebidas
5;193;2032-06-16;6435,34;Nova Compra;2026-02-01;Bebidas Lusas;beverages;;laticinios
166;916;2029-09-07;1163,32;Atlantico Market;2024-12-15;Padaria Industrial;bakery supplies;192,0;mercearia
423;319;2026-01-06;1482,85;SuperNorte;2022-05-09;SnackHouse Distribuicao;snacks;14,0;congelados
423;319;2026-01-06;1977,37;SuperNorte;2022-05-09;SnackHouse Distribuicao;snacks;55,0;talho
165;788;2026-03-08;10673,44;SuperNorte;2024-06-21;Peixe Fresco Iberico;seafood;;mercearia
5;112;2034-01-22;1478,38;Nova Compra;2026-02-01;Frutaria Atlantica;produce;;talho
90;600;2025-05-31;1463,15;BomPreco;2023-09-21;Casa Verde Horticolas;produce;9,0;laticinios
73;795;2034-10-06;1143,45;FreshMart Gaia;2025-01-05;Higiene Plus;cleaning products;61,0;higiene
378;353;2022-06-03;2828,39;BomPreco;2021-04-27;Bebidas Lusas;beverages;137,0;peixaria
132;89;2023-06-04;2829,99;BomPreco;2022-11-23;SnackHouse Distribuicao;snacks;76,0;padaria
186;702;2023-01-19;1311,87;BomPreco;2021-08-09;Frutaria Atlantica;produce;;mercearia
371;212;2024-02-12;1420,14;Nova Compra;2022-09-12;Frutaria Atlantica;produce;;higiene
43;781;2031-06-12;2473,19;FreshMart Gaia;2025-06-14;Lacteos do Vale;dairy;;laticinios
415;870;2025-12-28;2052,04;FreshMart Gaia;2024-03-20;Casa Verde Horticolas;produce;;mercearia
202;65;2024-07-01;1143,42;Atlantico Market;2022-03-22;Higiene Plus;cleaning products;;higiene
306;388;2034-01-20;12000,0;BomPreco;2025-04-13;Peixe Fresco Iberico;seafood;;mercearia
375;587;2027-04-11;4065,81;SuperNorte;2024-05-11;Carnes Selectas;meat;123,0;bebidas
366;257;2022-09-20;4999,86;BomPreco;2021-10-13;Carnes Selectas;meat;;peixaria
361;777;2023-08-13;2269,05;FreshMart Gaia;2023-03-12;Carnes Selectas;meat;;peixaria
95;465;2025-04-26;1198,66;Nova Compra;2021-11-19;Higiene Plus;cleaning products;;padaria
301;211;2022-03-27;1185,47;FreshMart Gaia;2021-11-05;Lacteos do Vale;dairy;20,0;peixaria
301;211;2022-03-27;1423,54;FreshMart Gaia;2021-11-05;Lacteos do Vale;dairy;147,0;mercearia
158;906;2025-09-30;414,73;Mercado Central;2025-02-09;Padaria Industrial;bakery supplies;;higiene
350;922;2033-06-09;1238,08;Mercado Central;2025-07-14;Frutaria Atlantica;produce;;peixaria
143;164;2027-05-03;4157,18;Nova Compra;2025-12-20;Congelados Norte;frozen goods;128,0;peixaria
86;835;2028-01-01;1231,92;Mercado Central;2025-11-24;Higiene Plus;cleaning products;;talho
237;886;2034-09-02;829,74;SuperNorte;2025-07-18;Padaria Industrial;bakery supplies;;padaria
402;755;2031-12-19;1187,97;BomPreco;2023-09-28;Higiene Plus;cleaning products;;bebidas
417;382;2025-06-03;1473,94;SuperNorte;2023-07-19;Frutaria Atlantica;produce;;padaria
425;626;2025-08-05;984,55;Nova Compra;2022-01-23;Padaria Industrial;bakery supplies;;congelados
434;192;2032-07-30;1760,48;Mercado Central;2025-07-06;Frutaria Atlantica;produce;95,0;congelados
3;814;2032-09-13;4866,41;SuperNorte;2022-12-19;Congelados Norte;frozen goods;;peixaria
192;295;2023-08-20;1256,11;BomPreco;2023-05-20;Higiene Plus;cleaning products;80,0;fruta e legumes
273;250;2023-11-05;1522,02;SuperNorte;2021-11-16;Casa Verde Horticolas;produce;25,0;higiene
273;250;2023-11-05;2625,8;SuperNorte;2021-11-16;Casa Verde Horticolas;produce;101,0;peixaria
241;468;2022-07-02;8525,79;FreshMart Gaia;2022-04-14;Peixe Fresco Iberico;seafood;51,0;bebidas
169;273;2030-03-08;3695,68;FreshMart Gaia;2025-07-10;Bebidas Lusas;beverages;;padaria
434;673;2028-01-15;6420,86;Mercado Central;2025-07-06;Bebidas Lusas;beverages;95,0;congelados
416;575;2025-08-05;1427,1;Mercado Central;2021-10-24;Higiene Plus;cleaning products;;fruta e legumes
136;487;2021-12-13;5022,22;Atlantico Market;2021-09-27;Carnes Selectas;meat;;fruta e legumes
159;337;2028-01-14;5235,87;SuperNorte;2025-01-19;Carnes Selectas;meat;;bebidas
258;859;2034-01-06;1777,27;BomPreco;2025-02-11;SnackHouse Distribuicao;snacks;73,0;talho
258;859;2031-03-06;1092,03;BomPreco;2025-02-11;SnackHouse Distribuicao;snacks;100,0;talho
248;120;2026-07-01;796,17;Mercado Central;2025-02-23;Casa Verde Horticolas;produce;8,0;fruta e legumes
424;460;2025-10-30;2099,81;Atlantico Market;2025-08-18;Casa Verde Horticolas;produce;;bebidas
226;286;2025-05-22;1455,45;Atlantico Market;2022-06-05;Padaria Industrial;bakery supplies;;congelados
96;956;2025-04-03;637,35;BomPreco;2023-11-03;Padaria Industrial;bakery supplies;;laticinios
495;479;2025-12-14;2674,22;SuperNorte;2022-10-02;SnackHouse Distribuicao;snacks;110,0;peixaria
154;794;2030-04-01;2049,73;Atlantico Market;2025-10-16;Congelados Norte;frozen goods;184,0;padaria
206;475;2034-09-21;1069,29;Mercado Central;2025-04-19;Higiene Plus;cleaning products;;peixaria
139;14;2024-10-15;8000,0;FreshMart Gaia;2023-09-26;Congelados Norte;frozen goods;148,0;padaria
488;1;2026-02-17;2523,48;Mercado Central;2022-02-12;Lacteos do Vale;dairy;;congelados
49;995;2024-03-05;1200,02;FreshMart Gaia;2023-09-03;Higiene Plus;cleaning products;;congelados
254;796;2023-02-12;1120,22;Mercado Central;2022-08-29;Padaria Industrial;bakery supplies;90,0;laticinios
227;602;2023-03-08;3169,39;Nova Compra;2022-03-15;Frutaria Atlantica;produce;;fruta e legumes
498;697;2023-10-31;2818,14;BomPreco;2023-08-24;Carnes Selectas;meat;;peixaria
158;492;2029-01-28;3347,53;Mercado Central;2025-02-09;Frutaria Atlantica;produce;;congelados
239;651;2022-05-27;1724,52;Nova Compra;2022-04-05;Lacteos do Vale;dairy;120,0;mercearia
397;289;2024-08-22;2269,47;FreshMart Gaia;2023-10-31;SnackHouse Distribuicao;snacks;32,0;congelados
476;927;2025-11-21;4095,95;Mercado Central;2023-03-11;Carnes Selectas;meat;;talho
102;975;2023-10-25;2500,0;BomPreco;2022-07-06;Higiene Plus;cleaning products;;peixaria
302;129;2023-11-16;1627,02;Mercado Central;2023-08-01;SnackHouse Distribuicao;snacks;;bebidas
205;159;2029-03-16;907,38;FreshMart Gaia;2026-01-02;SnackHouse Distribuicao;snacks;;peixaria
290;310;2024-07-13;2285,81;Mercado Central;2022-12-23;Casa Verde Horticolas;produce;;congelados
284;305;2025-08-21;2469,48;Mercado Central;2023-04-30;Higiene Plus;cleaning products;153,0;laticinios
361;962;2026-01-14;3157,89;FreshMart Gaia;2023-03-12;Frutaria Atlantica;produce;;peixaria
242;21;2023-10-12;2242,39;Mercado Central;2022-10-19;Lacteos do Vale;dairy;;talho
175;747;2025-06-05;7782,15;FreshMart Gaia;2024-01-18;Carnes Selectas;meat;;higiene
488;569;2024-05-17;1364,88;Mercado Central;2022-02-12;SnackHouse Distribuicao;snacks;;fruta e legumes
480;362;2025-04-14;2413,68;BomPreco;2022-01-15;Frutaria Atlantica;produce;;higiene
450;377;2021-04-23;6357,69;BomPreco;2021-02-18;Carnes Selectas;meat;;padaria
163;535;2024-02-03;373,66;FreshMart Gaia;2021-05-29;Higiene Plus;cleaning products;;padaria
46;812;2025-07-08;1179,29;Atlantico Market;2023-02-06;Frutaria Atlantica;produce;;talho
465;172;2025-12-22;2031,38;SuperNorte;2024-12-20;Frutaria Atlantica;produce;;padaria
309;570;2030-11-23;1992,59;SuperNorte;2024-03-19;Casa Verde Horticolas;produce;;talho
196;91;2026-06-30;2122,05;Atlantico Market;2025-12-17;Lacteos do Vale;dairy;4,0;padaria
196;91;2033-07-06;2238,23;Atlantico Market;2025-12-17;Lacteos do Vale;dairy;159,0;bebidas
321;386;2025-01-30;1721,94;SuperNorte;2022-07-21;Padaria Industrial;bakery supplies;77,0;congelados
363;961;2028-03-12;2521,42;SuperNorte;2025-10-30;Lacteos do Vale;dairy;;laticinios
276;215;2024-11-16;481,32;BomPreco;2021-06-07;Higiene Plus;cleaning products;;peixaria
16;482;2031-08-12;3500,0;Atlantico Market;2024-01-08;Frutaria Atlantica;produce;5,0;congelados
63;476;2024-03-12;424,03;SuperNorte;2023-01-21;Padaria Industrial;bakery supplies;50,0;congelados
63;476;2030-04-14;1539,05;SuperNorte;2023-01-21;Padaria Industrial;bakery supplies;132,0;bebidas
283;343;2026-05-10;1854,87;FreshMart Gaia;2022-11-06;Bebidas Lusas;beverages;43,0;higiene
270;339;2024-10-30;3000,0;BomPreco;2022-05-19;SnackHouse Distribuicao;snacks;190,0;talho
393;865;2033-01-22;1213,31;SuperNorte;2025-10-05;Higiene Plus;cleaning products;;fruta e legumes
438;602;2029-03-01;2199,24;BomPreco;2022-04-17;Frutaria Atlantica;produce;116,0;fruta e legumes
56;998;2030-01-15;2659,21;Mercado Central;2023-09-26;Peixe Fresco Iberico;seafood;78,0;bebidas
56;998;2032-02-18;9025,97;Mercado Central;2023-09-26;Peixe Fresco Iberico;seafood;134,0;fruta e legumes
467;692;2028-03-08;2231,16;Nova Compra;2023-05-01;Frutaria Atlantica;produce;71,0;fruta e legumes
274;176;2022-10-03;1320,22;Atlantico Market;2021-09-17;Padaria Industrial;bakery supplies;;congelados
284;672;2026-02-15;2836,34;Mercado Central;2023-04-30;Frutaria Atlantica;produce;153,0;laticinios
240;234;2027-12-11;4659,67;BomPreco;2023-03-19;Congelados Norte;frozen goods;106,0;higiene
225;326;2031-03-12;909,54;SuperNorte;2025-06-18;Padaria Industrial;bakery supplies;97,0;higiene
290;991;2026-04-27;1492,66;Mercado Central;2022-12-23;Lacteos do Vale;dairy;;peixaria
61;157;2025-02-07;4423,79;FreshMart Gaia;2021-12-07;Carnes Selectas;meat;;talho
318;843;2024-04-02;6453,86;BomPreco;2021-03-16;Bebidas Lusas;beverages;88,0;higiene
138;828;2024-08-26;4458,43;BomPreco;2023-01-31;Peixe Fresco Iberico;seafood;58,0;padaria
36;19;2025-04-06;719,92;BomPreco;2021-03-31;SnackHouse Distribuicao;snacks;;congelados
343;833;2023-11-21;2404,56;FreshMart Gaia;2021-12-03;Bebidas Lusas;beverages;146,0;peixaria
64;821;2028-01-05;2824,09;Atlantico Market;2025-08-22;Lacteos do Vale;dairy;;padaria
187;824;2032-01-07;3752,16;FreshMart Gaia;2023-07-04;Congelados Norte;frozen goods;;mercearia
262;784;2023-05-03;5644,25;Atlantico Market;2023-03-24;Congelados Norte;frozen goods;;padaria
248;747;2025-06-21;2195,02;Mercado Central;2025-02-23;Carnes Selectas;meat;8,0;fruta e legumes
147;300;2031-09-10;483,38;SuperNorte;2022-01-01;Casa Verde Horticolas;produce;;mercearia
340;923;2027-02-01;4223,25;Atlantico Market;2022-05-12;Bebidas Lusas;beverages;68,0;congelados
340;923;2026-06-08;5893,6;Atlantico Market;2022-05-12;Bebidas Lusas;beverages;151,0;higiene
33;376;2032-02-25;463,04;SuperNorte;2024-06-15;Padaria Industrial;bakery supplies;;peixaria
329;419;2032-08-02;2090,69;Nova Compra;2023-01-15;SnackHouse Distribuicao;snacks;198,0;laticinios
290;501;2023-07-06;3673,29;Mercado Central;2022-12-23;Lacteos do Vale;dairy;;laticinios
256;742;2024-03-07;1846,35;Atlantico Market;2023-04-01;Frutaria Atlantica;produce;33,0;bebidas
256;742;2028-02-29;2775,07;Atlantico Market;2023-04-01;Frutaria Atlantica;produce;135,0;laticinios
296;957;2031-09-14;5883,09;Mercado Central;2024-07-23;Carnes Selectas;meat;;fruta e legumes
23;488;2023-12-14;5774,67;Nova Compra;2023-11-14;Peixe Fresco Iberico;seafood;;bebidas
398;681;2034-10-03;3110,94;Mercado Central;2026-02-14;Lacteos do Vale;dairy;;higiene
382;375;2023-12-30;2500,0;Atlantico Market;2023-09-03;Higiene Plus;cleaning products;;laticinios
353;671;2025-07-25;1672,7;Nova Compra;2021-02-20;Lacteos do Vale;dairy;;peixaria
256;458;2024-03-16;6248,38;Atlantico Market;2023-04-01;Peixe Fresco Iberico;seafood;33,0;bebidas
256;458;2024-11-28;4161,99;Atlantico Market;2023-04-01;Peixe Fresco Iberico;seafood;135,0;laticinios
358;388;2032-11-27;6970,23;Atlantico Market;2024-06-13;Peixe Fresco Iberico;seafood;;peixaria
333;497;2022-12-02;5033,02;SuperNorte;2021-06-28;Carnes Selectas;meat;;fruta e legumes
77;196;2023-11-26;1684,22;Nova Compra;2023-01-26;Padaria Industrial;bakery supplies;;congelados
319;503;2031-03-21;7000,0;FreshMart Gaia;2025-11-02;Bebidas Lusas;beverages;;laticinios
220;815;2032-08-01;1960,2;Atlantico Market;2024-11-09;Higiene Plus;cleaning products;;congelados
209;909;2024-07-02;2642,75;Nova Compra;2022-12-23;SnackHouse Distribuicao;snacks;125,0;fruta e legumes
75;428;2025-08-29;4733,32;SuperNorte;2024-05-04;Peixe Fresco Iberico;seafood;65,0;peixaria
75;428;2030-01-02;4229,5;SuperNorte;2024-05-04;Peixe Fresco Iberico;seafood;170,0;fruta e legumes
165;479;2028-02-10;2008,41;SuperNorte;2024-06-21;SnackHouse Distribuicao;snacks;;padaria
179;547;2027-04-16;5448,87;Nova Compra;2024-10-24;Carnes Selectas;meat;;talho
452;275;2024-02-17;2500,0;Mercado Central;2022-07-29;Higiene Plus;cleaning products;193,0;padaria
452;275;2024-02-17;579,1;Mercado Central;2022-07-29;Higiene Plus;cleaning products;195,0;bebidas
306;250;2034-08-13;2444,88;BomPreco;2025-04-13;Casa Verde Horticolas;produce;;fruta e legumes
208;911;2029-08-18;2820,29;Atlantico Market;2024-12-15;Lacteos do Vale;dairy;176,0;congelados
58;717;2024-11-10;3832,5;Atlantico Market;2023-08-09;Carnes Selectas;meat;;higiene
134;594;2029-03-02;2782,1;Mercado Central;2024-07-19;Congelados Norte;frozen goods;;mercearia
131;69;2023-06-16;1416,38;Nova Compra;2022-05-27;SnackHouse Distribuicao;snacks;152,0;fruta e legumes
284;808;2024-07-30;3105,34;Mercado Central;2023-04-30;Peixe Fresco Iberico;seafood;153,0;laticinios
206;353;2030-02-22;7000,0;Mercado Central;2025-04-19;Bebidas Lusas;beverages;;congelados
173;950;2024-07-24;3500,0;Nova Compra;2022-01-16;Casa Verde Horticolas;produce;104,0;congelados
413;114;2028-05-22;3687,83;Nova Compra;2025-04-04;Congelados Norte;frozen goods;79,0;higiene
413;114;2033-06-29;3225,0;Nova Compra;2025-04-04;Congelados Norte;frozen goods;81,0;laticinios
93;625;2027-03-07;762,29;SuperNorte;2023-02-02;Higiene Plus;cleaning products;102,0;mercearia
108;893;2021-06-30;2289,87;BomPreco;2021-06-26;Bebidas Lusas;beverages;;padaria
78;573;2027-08-12;2876,3;BomPreco;2022-12-29;Bebidas Lusas;beverages;46,0;talho
363;139;2029-11-09;2842,6;SuperNorte;2025-10-30;SnackHouse Distribuicao;snacks;;mercearia
62;156;2025-11-30;1800,0;Mercado Central;2023-12-03;Padaria Industrial;bakery supplies;186,0;bebidas
248;811;2032-08-30;1553,01;Mercado Central;2025-02-23;Lacteos do Vale;dairy;8,0;fruta e legumes
262;759;2023-04-22;1099,5;Atlantico Market;2023-03-24;SnackHouse Distribuicao;snacks;;padaria
297;247;2026-11-12;3192,49;SuperNorte;2022-11-01;Carnes Selectas;meat;;fruta e legumes
91;187;2034-12-05;6614,43;FreshMart Gaia;2025-05-06;Carnes Selectas;meat;92,0;peixaria
392;19;2026-02-12;1926,44;Mercado Central;2023-08-21;SnackHouse Distribuicao;snacks;;bebidas
437;923;2025-01-10;3924,24;Nova Compra;2023-11-18;Bebidas Lusas;beverages;;peixaria
321;614;2023-03-13;3520,77;SuperNorte;2022-07-21;Congelados Norte;frozen goods;77,0;congelados
118;661;2028-12-09;3963,43;Atlantico Market;2022-07-18;Lacteos do Vale;dairy;;laticinios
297;378;2023-07-03;9168,0;SuperNorte;2022-11-01;Peixe Fresco Iberico;seafood;;higiene
287;286;2033-01-05;1383,18;Nova Compra;2024-10-19;Padaria Industrial;bakery supplies;83,0;peixaria
29;796;2027-07-18;1181,29;Nova Compra;2025-01-17;Padaria Industrial;bakery supplies;;higiene
284;551;2023-09-10;1974,36;Mercado Central;2023-04-30;Lacteos do Vale;dairy;153,0;laticinios
278;183;2022-06-28;2718,09;Mercado Central;2021-03-28;Bebidas Lusas;beverages;;talho
349;522;2026-01-26;2337,64;FreshMart Gaia;2023-10-31;Frutaria Atlantica;produce;;talho
405;169;2028-09-18;1996,11;SuperNorte;2023-01-07;SnackHouse Distribuicao;snacks;22,0;padaria
407;7;2033-06-12;6970,14;Nova Compra;2024-05-16;Carnes Selectas;meat;;peixaria
302;702;2027-07-30;915,02;Mercado Central;2023-08-01;Frutaria Atlantica;produce;;higiene
464;641;2024-01-06;2504,63;Mercado Central;2022-08-25;Lacteos do Vale;dairy;;bebidas
397;400;2025-04-10;1610,08;FreshMart Gaia;2023-10-31;Casa Verde Horticolas;produce;32,0;congelados
288;616;2031-09-16;673,43;BomPreco;2025-10-31;Padaria Industrial;bakery supplies;;bebidas
485;243;2024-04-03;5204,63;Nova Compra;2023-06-26;Bebidas Lusas;beverages;;talho
173;790;2025-12-22;2003,62;Nova Compra;2022-01-16;Casa Verde Horticolas;produce;104,0;congelados
388;653;2025-06-17;7000,0;Atlantico Market;2022-12-28;Bebidas Lusas;beverages;;laticinios
30;965;2028-07-13;1709,96;BomPreco;2025-01-06;Higiene Plus;cleaning products;29,0;peixaria
30;965;2027-04-06;1202,86;BomPreco;2025-01-06;Higiene Plus;cleaning products;199,0;talho
313;186;2026-01-05;952,44;FreshMart Gaia;2023-03-30;Padaria Industrial;bakery supplies;109,0;talho
463;189;2025-03-26;973,77;FreshMart Gaia;2025-03-11;SnackHouse Distribuicao;snacks;108,0;laticinios
232;677;2025-09-02;9395,97;Atlantico Market;2021-05-12;Carnes Selectas;meat;;mercearia
478;690;2028-06-16;2131,72;Atlantico Market;2025-11-21;Casa Verde Horticolas;produce;;padaria
64;795;2030-02-02;1596,66;Atlantico Market;2025-08-22;Higiene Plus;cleaning products;;bebidas
188;260;2025-04-30;1146,01;Mercado Central;2025-01-21;Casa Verde Horticolas;produce;;bebidas
414;981;2031-10-27;3052,68;BomPreco;2025-05-11;Lacteos do Vale;dairy;;bebidas
344;863;2023-04-06;2461,64;Mercado Central;2021-06-15;Bebidas Lusas;beverages;;padaria
500;146;2025-01-18;779,38;Mercado Central;2022-04-18;Padaria Industrial;bakery supplies;;bebidas
247;214;2022-03-21;4549,7;FreshMart Gaia;2021-04-17;Congelados Norte;frozen goods;173,0;peixaria
293;350;2033-11-19;1424,41;Nova Compra;2024-07-22;Casa Verde Horticolas;produce;;padaria
53;852;2022-11-27;1295,16;Nova Compra;2022-04-27;Frutaria Atlantica;produce;;peixaria
95;176;2023-11-27;977,69;Nova Compra;2021-11-19;Padaria Industrial;bakery supplies;;talho
154;969;2034-04-05;2599,39;Atlantico Market;2025-10-16;SnackHouse Distribuicao;snacks;184,0;padaria
457;935;2026-01-17;2056,98;FreshMart Gaia;2022-06-06;Higiene Plus;cleaning products;107,0;fruta e legumes
440;314;2023-09-19;5911,81;Mercado Central;2021-09-09;Congelados Norte;frozen goods;;peixaria
148;723;2034-01-09;4667,22;Atlantico Market;2025-02-26;Bebidas Lusas;beverages;174,0;mercearia
208;323;2025-03-03;3027,54;Atlantico Market;2024-12-15;Bebidas Lusas;beverages;176,0;congelados
189;57;2029-03-17;8942,29;SuperNorte;2024-04-27;Carnes Selectas;meat;;peixaria
72;43;2025-11-30;1717,04;BomPreco;2021-04-11;Bebidas Lusas;beverages;;padaria
97;742;2029-02-10;2248,79;FreshMart Gaia;2023-11-01;Frutaria Atlantica;produce;;padaria
170;747;2033-06-25;7885,15;Mercado Central;2024-11-23;Carnes Selectas;meat;149,0;congelados
11;821;2024-03-10;2064,39;Nova Compra;2022-01-12;Lacteos do Vale;dairy;;mercearia
154;354;2034-01-13;3106,77;Atlantico Market;2025-10-16;Congelados Norte;frozen goods;184,0;padaria
216;512;2031-11-30;1819,4;BomPreco;2025-09-23;Frutaria Atlantica;produce;;congelados
464;34;2023-07-24;3057,8;Mercado Central;2022-08-25;Congelados Norte;frozen goods;;higiene
390;498;2025-05-08;8192,5;BomPreco;2021-05-05;Peixe Fresco Iberico;seafood;;higiene
360;35;2023-07-10;2104,41;BomPreco;2023-03-19;Higiene Plus;cleaning products;200,0;peixaria
76;31;2028-03-21;2628,67;Atlantico Market;2022-03-16;Lacteos do Vale;dairy;180,0;laticinios
366;81;2023-11-19;2559,16;BomPreco;2021-10-13;Lacteos do Vale;dairy;;higiene
297;550;2027-11-16;2604,73;SuperNorte;2022-11-01;Casa Verde Horticolas;produce;;congelados
443;88;2031-10-21;9640,3;Nova Compra;2025-05-20;Peixe Fresco Iberico;seafood;;peixaria
278;776;2029-01-13;704,53;Mercado Central;2021-03-28;Padaria Industrial;bakery supplies;;mercearia
183;800;2025-01-08;925,97;SuperNorte;2022-11-01;Casa Verde Horticolas;produce;178,0;higiene
354;781;2030-01-09;2436,39;BomPreco;2025-11-02;Lacteos do Vale;dairy;;bebidas
30;837;2025-11-09;8185,57;BomPreco;2025-01-06;Carnes Selectas;meat;29,0;peixaria
30;837;2027-04-18;2651,15;BomPreco;2025-01-06;Carnes Selectas;meat;199,0;talho
495;506;2031-11-22;1031,46;SuperNorte;2022-10-02;Padaria Industrial;bakery supplies;110,0;peixaria
485;913;2027-01-13;6230,81;Nova Compra;2023-06-26;Bebidas Lusas;beverages;;laticinios
485;509;2030-08-06;1565,76;Nova Compra;2023-06-26;SnackHouse Distribuicao;snacks;;padaria
361;139;2031-03-22;3000,0;FreshMart Gaia;2023-03-12;SnackHouse Distribuicao;snacks;;peixaria
119;153;2028-05-30;6834,5;Nova Compra;2024-10-31;Bebidas Lusas;beverages;;higiene
458;804;2026-06-29;3960,6;Mercado Central;2024-04-06;Congelados Norte;frozen goods;169,0;higiene
228;445;2027-03-17;1165,29;BomPreco;2025-05-03;Higiene Plus;cleaning products;44,0;fruta e legumes
500;738;2023-01-16;5554,46;Mercado Central;2022-04-18;Peixe Fresco Iberico;seafood;;congelados
325;188;2026-11-09;6906,67;FreshMart Gaia;2024-03-27;Peixe Fresco Iberico;seafood;;padaria
215;345;2029-12-16;810,89;Nova Compra;2022-05-12;Higiene Plus;cleaning products;;fruta e legumes
69;665;2024-07-14;746,16;SuperNorte;2021-06-05;Higiene Plus;cleaning products;;peixaria
329;144;2031-08-18;1547,19;Nova Compra;2023-01-15;Congelados Norte;frozen goods;198,0;laticinios
195;723;2031-01-16;3714,47;SuperNorte;2022-02-10;Bebidas Lusas;beverages;162,0;laticinios
360;662;2025-12-12;3500,0;BomPreco;2023-03-19;Frutaria Atlantica;produce;200,0;peixaria
441;6;2023-04-04;408,31;SuperNorte;2021-08-16;Padaria Industrial;bakery supplies;179,0;fruta e legumes
9;500;2023-12-23;1702,87;SuperNorte;2022-10-26;Casa Verde Horticolas;produce;23,0;congelados
400;836;2024-04-24;908,11;Atlantico Market;2021-10-07;Padaria Industrial;bakery supplies;;congelados
313;496;2027-09-14;933,86;FreshMart Gaia;2023-03-30;Padaria Industrial;bakery supplies;109,0;talho
67;276;2024-03-30;1760,43;FreshMart Gaia;2023-11-18;Padaria Industrial;bakery supplies;;fruta e legumes
193;510;2022-04-06;1240,36;FreshMart Gaia;2022-02-11;Casa Verde Horticolas;produce;;bebidas
399;280;2024-11-05;770,57;SuperNorte;2024-04-02;Casa Verde Horticolas;produce;;congelados
146;301;2025-05-08;1690,53;Mercado Central;2022-01-30;Lacteos do Vale;dairy;;higiene
56;850;2031-04-08;1369,79;Mercado Central;2023-09-26;Casa Verde Horticolas;produce;78,0;bebidas
56;850;2033-06-20;677,92;Mercado Central;2023-09-26;Casa Verde Horticolas;produce;134,0;fruta e legumes
431;323;2029-08-26;4188,01;Nova Compra;2024-03-23;Bebidas Lusas;beverages;194,0;congelados
24;820;2025-11-23;1084,89;BomPreco;2023-04-04;Casa Verde Horticolas;produce;;congelados
101;531;2025-05-14;2071,09;Nova Compra;2023-02-01;Lacteos do Vale;dairy;;fruta e legumes
10;480;2027-10-04;1571,31;Atlantico Market;2024-07-05;Casa Verde Horticolas;produce;;padaria
316;593;2023-01-23;2312,78;Atlantico Market;2022-06-02;Bebidas Lusas;beverages;75,0;mercearia
26;350;2024-02-16;2762,04;Mercado Central;2022-05-29;Casa Verde Horticolas;produce;;peixaria
343;629;2026-07-06;1453,71;FreshMart Gaia;2021-12-03;SnackHouse Distribuicao;snacks;146,0;peixaria
171;88;2025-12-23;6660,7;SuperNorte;2025-12-02;Peixe Fresco Iberico;seafood;13,0;padaria
110;110;2031-12-30;2408,65;Mercado Central;2024-05-11;Casa Verde Horticolas;produce;;bebidas
432;611;2034-12-20;2448,05;BomPreco;2025-09-23;Lacteos do Vale;dairy;;higiene
205;98;2031-09-28;6938,27;FreshMart Gaia;2026-01-02;Peixe Fresco Iberico;seafood;;padaria
498;157;2024-03-22;3726,66;BomPreco;2023-08-24;Carnes Selectas;meat;;bebidas
398;475;2031-09-25;833,55;Mercado Central;2026-02-14;Higiene Plus;cleaning products;;congelados
22;258;2034-04-30;6978,5;Atlantico Market;2026-02-12;Peixe Fresco Iberico;seafood;;fruta e legumes
460;941;2033-07-22;1394,6;Atlantico Market;2024-04-23;Lacteos do Vale;dairy;;padaria
215;212;2025-05-20;2645,03;Nova Compra;2022-05-12;Frutaria Atlantica;produce;;congelados
138;337;2026-12-14;5094,22;BomPreco;2023-01-31;Carnes Selectas;meat;58,0;padaria
327;794;2028-08-18;5757,43;SuperNorte;2023-06-01;Congelados Norte;frozen goods;94,0;padaria
377;191;2023-08-03;1379,71;Nova Compra;2023-06-29;Lacteos do Vale;dairy;;peixaria
144;573;2025-03-17;2243,9;BomPreco;2022-09-23;Bebidas Lusas;beverages;;laticinios
463;786;2030-03-10;1800,0;FreshMart Gaia;2025-03-11;Padaria Industrial;bakery supplies;108,0;laticinios
187;783;2023-08-24;3506,07;FreshMart Gaia;2023-07-04;Bebidas Lusas;beverages;;fruta e legumes
28;111;2025-02-26;3242,73;Atlantico Market;2023-02-26;Lacteos do Vale;dairy;;bebidas
16;230;2024-02-04;980,02;Atlantico Market;2024-01-08;Casa Verde Horticolas;produce;5,0;congelados
6;590;2032-05-18;1628,77;BomPreco;2026-02-05;Casa Verde Horticolas;produce;;congelados
359;983;2023-06-08;6738,37;Nova Compra;2021-05-09;Bebidas Lusas;beverages;;laticinios
171;55;2033-12-10;680,02;SuperNorte;2025-12-02;Higiene Plus;cleaning products;13,0;padaria
64;904;2025-10-13;8000,0;Atlantico Market;2025-08-22;Congelados Norte;frozen goods;;peixaria
161;862;2030-12-03;2026,54;Nova Compra;2021-02-26;Frutaria Atlantica;produce;;peixaria
231;152;2035-03-10;1279,75;SuperNorte;2025-05-07;Frutaria Atlantica;produce;;laticinios
3;182;2030-01-02;2167,47;SuperNorte;2022-12-19;Frutaria Atlantica;produce;;mercearia
229;461;2023-02-23;3541,6;FreshMart Gaia;2022-07-08;Lacteos do Vale;dairy;;mercearia
167;149;2030-04-13;1138,0;Nova Compra;2024-08-25;SnackHouse Distribuicao;snacks;;fruta e legumes
388;495;2023-03-28;1011,61;Atlantico Market;2022-12-28;Higiene Plus;cleaning products;;fruta e legumes
465;471;2028-07-30;2405,06;SuperNorte;2024-12-20;Lacteos do Vale;dairy;;peixaria
341;72;2031-12-25;2278,56;Nova Compra;2022-09-13;Frutaria Atlantica;produce;;higiene
410;544;2033-11-04;3932,67;Mercado Central;2025-10-07;Congelados Norte;frozen goods;;padaria
436;461;2025-06-13;2576,73;Atlantico Market;2023-12-11;Lacteos do Vale;dairy;189,0;laticinios
322;695;2032-06-01;2018,9;Atlantico Market;2026-01-04;Higiene Plus;cleaning products;34,0;higiene
293;448;2025-04-03;7027,22;Nova Compra;2024-07-22;Peixe Fresco Iberico;seafood;;higiene
194;927;2026-12-26;3956,01;Mercado Central;2025-10-06;Carnes Selectas;meat;;bebidas
468;416;2023-08-22;990,62;BomPreco;2021-07-29;Padaria Industrial;bakery supplies;;bebidas
366;738;2027-08-26;12000,0;BomPreco;2021-10-13;Peixe Fresco Iberico;seafood;;talho
38;801;2023-09-27;2497,65;Mercado Central;2022-04-17;Lacteos do Vale;dairy;140,0;congelados
184;686;2027-09-25;1747,36;Atlantico Market;2024-11-20;Padaria Industrial;bakery supplies;118,0;talho
104;992;2023-01-19;1467,75;Mercado Central;2023-01-07;Frutaria Atlantica;produce;;talho
297;447;2032-09-21;6077,46;SuperNorte;2022-11-01;Carnes Selectas;meat;;padaria
175;998;2025-05-17;9292,84;FreshMart Gaia;2024-01-18;Peixe Fresco Iberico;seafood;;peixaria
214;731;2024-11-26;4000,0;Atlantico Market;2023-09-17;Lacteos do Vale;dairy;87,0;bebidas
58;548;2023-08-17;11293,38;Atlantico Market;2023-08-09;Peixe Fresco Iberico;seafood;;mercearia
249;388;2031-02-04;3928,01;SuperNorte;2023-09-28;Peixe Fresco Iberico;seafood;27,0;laticinios
243;249;2028-01-03;2770,72;SuperNorte;2025-04-24;SnackHouse Distribuicao;snacks;;laticinios
313;73;2023-10-25;7000,0;FreshMart Gaia;2023-03-30;Bebidas Lusas;beverages;109,0;talho
429;945;2022-04-06;1061,57;SuperNorte;2021-08-21;Higiene Plus;cleaning products;;bebidas
47;467;2030-03-06;3610,65;Nova Compra;2025-02-04;Carnes Selectas;meat;86,0;congelados
420;668;2027-04-24;6428,92;BomPreco;2021-05-15;Peixe Fresco Iberico;seafood;;fruta e legumes
44;467;2029-06-24;5854,28;Mercado Central;2024-10-03;Carnes Selectas;meat;56,0;peixaria
412;467;2026-10-13;4612,95;Atlantico Market;2024-08-06;Carnes Selectas;meat;36,0;laticinios
102;578;2024-08-31;3810,54;BomPreco;2022-07-06;Peixe Fresco Iberico;seafood;;mercearia
307;134;2027-03-28;8000,0;FreshMart Gaia;2022-08-19;Congelados Norte;frozen goods;197,0;fruta e legumes
126;178;2024-01-12;4414,17;BomPreco;2022-12-13;Peixe Fresco Iberico;seafood;;peixaria
34;518;2023-03-26;5174,2;Atlantico Market;2021-09-25;Peixe Fresco Iberico;seafood;;bebidas
477;691;2023-03-20;2258,21;SuperNorte;2022-01-25;Lacteos do Vale;dairy;;mercearia
193;473;2025-02-26;1933,13;FreshMart Gaia;2022-02-11;Bebidas Lusas;beverages;;bebidas
496;974;2027-08-26;2141,73;Atlantico Market;2025-03-17;Congelados Norte;frozen goods;;higiene
211;784;2030-04-20;3540,81;FreshMart Gaia;2024-02-14;Congelados Norte;frozen goods;103,0;padaria
364;762;2025-06-09;2682,42;Atlantico Market;2021-12-06;Frutaria Atlantica;produce;;talho
405;82;2023-12-03;2013,32;SuperNorte;2023-01-07;Frutaria Atlantica;produce;22,0;padaria
328;372;2025-02-21;732,32;Atlantico Market;2024-05-28;Frutaria Atlantica;produce;;fruta e legumes
148;421;2033-09-28;4000,0;Atlantico Market;2025-02-26;Lacteos do Vale;dairy;174,0;mercearia
319;967;2035-02-20;7730,96;FreshMart Gaia;2025-11-02;Carnes Selectas;meat;;peixaria
270;136;2023-05-15;1089,76;BomPreco;2022-05-19;Padaria Industrial;bakery supplies;190,0;talho
356;889;2022-11-03;1776,53;Mercado Central;2022-08-06;SnackHouse Distribuicao;snacks;;talho
134;257;2031-05-29;7311,41;Mercado Central;2024-07-19;Carnes Selectas;meat;;higiene
4;644;2033-10-10;8000,0;Atlantico Market;2024-06-23;Congelados Norte;frozen goods;;talho
233;712;2025-06-26;2749,51;Nova Compra;2023-12-13;Frutaria Atlantica;produce;;higiene
4;551;2026-01-06;2456,51;Atlantico Market;2024-06-23;Lacteos do Vale;dairy;;higiene
473;648;2025-06-15;3741,95;Nova Compra;2021-08-09;Peixe Fresco Iberico;seafood;69,0;bebidas
42;488;2026-09-09;6999,48;BomPreco;2022-11-03;Peixe Fresco Iberico;seafood;;laticinios
493;672;2026-02-25;2620,0;FreshMart Gaia;2025-06-26;Frutaria Atlantica;produce;;fruta e legumes
19;534;2031-08-29;4082,8;FreshMart Gaia;2023-01-09;Congelados Norte;frozen goods;160,0;higiene
370;195;2026-04-29;1086,76;Atlantico Market;2023-01-22;Higiene Plus;cleaning products;7,0;higiene
355;265;2030-05-10;1764,02;FreshMart Gaia;2025-09-12;Higiene Plus;cleaning products;60,0;bebidas
412;844;2025-11-26;2756,58;Atlantico Market;2024-08-06;Congelados Norte;frozen goods;36,0;laticinios
175;966;2025-01-11;1477,84;FreshMart Gaia;2024-01-18;Padaria Industrial;bakery supplies;;padaria
426;542;2032-10-01;1520,72;BomPreco;2025-03-14;Frutaria Atlantica;produce;11,0;peixaria
209;324;2024-12-08;1654,51;Nova Compra;2022-12-23;Congelados Norte;frozen goods;125,0;fruta e legumes
81;916;2026-10-17;814,94;SuperNorte;2024-04-22;Padaria Industrial;bakery supplies;130,0;padaria
232;125;2024-07-22;1340,1;Atlantico Market;2021-05-12;Higiene Plus;cleaning products;;fruta e legumes
429;458;2026-04-04;8334,67;SuperNorte;2021-08-21;Peixe Fresco Iberico;seafood;;peixaria
292;710;2028-03-15;2252,09;Atlantico Market;2023-07-16;Casa Verde Horticolas;produce;17,0;fruta e legumes
500;112;2025-01-24;1035,08;Mercado Central;2022-04-18;Frutaria Atlantica;produce;;mercearia
303;106;2025-04-11;1056,48;SuperNorte;2025-02-15;Padaria Industrial;bakery supplies;;fruta e legumes
275;400;2030-05-13;1454,82;Nova Compra;2025-12-22;Casa Verde Horticolas;produce;35,0;fruta e legumes
270;75;2025-09-04;1169,24;BomPreco;2022-05-19;Higiene Plus;cleaning products;190,0;talho
345;457;2033-03-23;3445,93;SuperNorte;2025-10-09;Carnes Selectas;meat;;congelados
403;851;2025-10-07;2101,31;FreshMart Gaia;2021-04-09;Lacteos do Vale;dairy;;peixaria
87;318;2026-01-26;12000,0;SuperNorte;2022-03-07;Peixe Fresco Iberico;seafood;;fruta e legumes
164;193;2024-03-31;7000,0;Mercado Central;2022-03-01;Bebidas Lusas;beverages;165,0;mercearia
164;193;2024-03-31;2392,5;Mercado Central;2022-03-01;Bebidas Lusas;beverages;181,0;talho
382;295;2032-12-13;1416,41;Atlantico Market;2023-09-03;Higiene Plus;cleaning products;;higiene
92;537;2025-07-14;4688,47;Mercado Central;2024-11-30;Carnes Selectas;meat;37,0;talho
409;795;2025-08-19;1465,75;FreshMart Gaia;2025-03-31;Higiene Plus;cleaning products;;laticinios
378;618;2024-02-22;9817,25;BomPreco;2021-04-27;Peixe Fresco Iberico;seafood;137,0;peixaria
457;884;2027-02-08;4056,9;FreshMart Gaia;2022-06-06;Congelados Norte;frozen goods;107,0;fruta e legumes
123;58;2028-09-05;4717,59;SuperNorte;2023-03-06;Peixe Fresco Iberico;seafood;185,0;congelados
251;474;2028-06-30;7235,74;Nova Compra;2023-03-21;Congelados Norte;frozen goods;;fruta e legumes
135;190;2023-02-06;1061,7;SuperNorte;2022-07-27;Casa Verde Horticolas;produce;;congelados
168;668;2025-03-25;7077,98;BomPreco;2024-01-25;Peixe Fresco Iberico;seafood;;higiene
18;374;2030-03-30;2203,11;BomPreco;2025-02-11;Congelados Norte;frozen goods;;higiene
189;47;2028-06-29;3403,03;SuperNorte;2024-04-27;Carnes Selectas;meat;;padaria
384;46;2028-08-29;1398,16;BomPreco;2024-10-07;Padaria Industrial;bakery supplies;;peixaria
284;599;2023-09-09;1215,37;Mercado Central;2023-04-30;SnackHouse Distribuicao;snacks;153,0;laticinios
395;417;2025-01-14;2320,88;Nova Compra;2023-10-24;Carnes Selectas;meat;;fruta e legumes
19;608;2024-06-10;4695,44;FreshMart Gaia;2023-01-09;Peixe Fresco Iberico;seafood;160,0;higiene
158;821;2026-03-27;1480,04;Mercado Central;2025-02-09;Lacteos do Vale;dairy;;mercearia
233;66;2024-10-10;566,62;Nova Compra;2023-12-13;Padaria Industrial;bakery supplies;;laticinios
13;551;2031-05-11;2753,87;FreshMart Gaia;2022-10-16;Lacteos do Vale;dairy;;fruta e legumes
237;183;2025-10-02;1869,54;SuperNorte;2025-07-18;Bebidas Lusas;beverages;;padaria
283;20;2024-10-08;1419,94;FreshMart Gaia;2022-11-06;Casa Verde Horticolas;produce;43,0;higiene
183;886;2031-09-23;1061,87;SuperNorte;2022-11-01;Padaria Industrial;bakery supplies;178,0;higiene
170;139;2028-08-17;1414,14;Mercado Central;2024-11-23;SnackHouse Distribuicao;snacks;149,0;congelados
451;743;2023-02-22;3126,36;FreshMart Gaia;2022-01-11;Bebidas Lusas;beverages;63,0;laticinios
281;756;2033-04-05;722,37;Nova Compra;2024-07-19;Padaria Industrial;bakery supplies;;fruta e legumes
424;279;2028-07-21;953,44;Atlantico Market;2025-08-18;SnackHouse Distribuicao;snacks;;talho
304;334;2030-04-28;3228,68;Atlantico Market;2022-07-01;Congelados Norte;frozen goods;59,0;congelados
163;324;2023-07-11;5780,65;FreshMart Gaia;2021-05-29;Congelados Norte;frozen goods;;higiene
308;14;2031-08-11;3537,06;Mercado Central;2022-07-13;Congelados Norte;frozen goods;;mercearia
86;831;2031-06-17;2317,72;Mercado Central;2025-11-24;Lacteos do Vale;dairy;;congelados
289;8;2025-04-05;10745,7;FreshMart Gaia;2024-01-14;Peixe Fresco Iberico;seafood;70,0;higiene
289;8;2025-04-05;8514,02;FreshMart Gaia;2024-01-14;Peixe Fresco Iberico;seafood;138,0;mercearia
444;576;2026-01-18;563,08;BomPreco;2025-11-27;Padaria Industrial;bakery supplies;164,0;peixaria
417;254;2024-07-18;5260,35;SuperNorte;2023-07-19;Congelados Norte;frozen goods;;mercearia
390;295;2025-10-19;2203,19;BomPreco;2021-05-05;Higiene Plus;cleaning products;;peixaria
342;785;2022-03-24;1058,09;BomPreco;2021-05-14;Higiene Plus;cleaning products;196,0;higiene
451;196;2025-01-05;489,91;FreshMart Gaia;2022-01-11;Padaria Industrial;bakery supplies;63,0;laticinios
348;365;2027-06-22;1127,66;BomPreco;2024-01-26;Higiene Plus;cleaning products;;higiene
32;355;2024-02-08;1496,42;Mercado Central;2023-07-31;Higiene Plus;cleaning products;;bebidas
127;478;2023-11-23;8485,73;FreshMart Gaia;2022-10-25;Peixe Fresco Iberico;seafood;;laticinios
77;43;2024-11-05;2966,61;Nova Compra;2023-01-26;Bebidas Lusas;beverages;;laticinios
257;8;2027-09-30;2600,83;Nova Compra;2021-04-16;Peixe Fresco Iberico;seafood;21,0;mercearia
257;8;2027-06-01;3659,84;Nova Compra;2021-04-16;Peixe Fresco Iberico;seafood;91,0;talho
242;716;2032-05-05;1175,82;Mercado Central;2022-10-19;Padaria Industrial;bakery supplies;;padaria
411;830;2026-02-07;3500,0;SuperNorte;2023-06-02;Casa Verde Horticolas;produce;;mercearia
150;226;2025-07-15;990,17;BomPreco;2025-02-06;Padaria Industrial;bakery supplies;;mercearia
398;346;2032-08-02;1800,0;Mercado Central;2026-02-14;Padaria Industrial;bakery supplies;;congelados
422;232;2027-04-17;1149,76;Mercado Central;2021-05-10;Frutaria Atlantica;produce;;peixaria
55;143;2030-01-09;2801,96;FreshMart Gaia;2025-06-03;Bebidas Lusas;beverages;;congelados
305;480;2025-01-30;645,36;Nova Compra;2023-08-27;Casa Verde Horticolas;produce;;mercearia
145;724;2025-03-29;5078,2;FreshMart Gaia;2023-11-02;Congelados Norte;frozen goods;131,0;congelados
145;724;2024-04-19;2876,24;FreshMart Gaia;2023-11-02;Congelados Norte;frozen goods;177,0;bebidas
130;767;2026-02-07;7070,95;Atlantico Market;2021-12-14;Carnes Selectas;meat;;bebidas
221;788;2024-10-06;5184,95;Nova Compra;2022-05-20;Peixe Fresco Iberico;seafood;;talho
385;998;2031-08-28;12000,0;FreshMart Gaia;2023-02-10;Peixe Fresco Iberico;seafood;;higiene
14;54;2028-04-01;8000,0;Mercado Central;2022-12-20;Congelados Norte;frozen goods;12,0;mercearia
60;775;2023-03-31;487,7;BomPreco;2021-08-03;Higiene Plus;cleaning products;;laticinios
164;377;2023-09-16;7045,89;Mercado Central;2022-03-01;Carnes Selectas;meat;165,0;mercearia
164;377;2023-09-16;3864,82;Mercado Central;2022-03-01;Carnes Selectas;meat;181,0;talho
45;680;2030-08-03;2475,11;SuperNorte;2021-03-03;Casa Verde Horticolas;produce;145,0;talho
362;59;2024-03-16;901,31;Mercado Central;2021-04-28;SnackHouse Distribuicao;snacks;144,0;laticinios
71;951;2028-03-25;4000,0;Nova Compra;2024-03-23;Lacteos do Vale;dairy;136,0;talho
351;135;2021-04-27;2186,42;SuperNorte;2021-03-14;Higiene Plus;cleaning products;;bebidas
75;625;2029-12-24;727,8;SuperNorte;2024-05-04;Higiene Plus;cleaning products;65,0;peixaria
75;625;2028-11-09;1267,27;SuperNorte;2024-05-04;Higiene Plus;cleaning products;170,0;fruta e legumes
402;243;2028-04-20;4034,31;BomPreco;2023-09-28;Bebidas Lusas;beverages;;fruta e legumes
91;233;2027-12-30;5183,34;FreshMart Gaia;2025-05-06;Bebidas Lusas;beverages;92,0;peixaria
194;888;2032-08-21;6465,15;Mercado Central;2025-10-06;Peixe Fresco Iberico;seafood;;padaria
328;740;2025-10-14;2635,45;Atlantico Market;2024-05-28;Casa Verde Horticolas;produce;;talho
150;134;2025-07-31;4165,23;BomPreco;2025-02-06;Congelados Norte;frozen goods;;laticinios
450;816;2025-01-10;1316,92;BomPreco;2021-02-18;Padaria Industrial;bakery supplies;;bebidas
84;515;2024-07-14;742,98;BomPreco;2022-05-29;Higiene Plus;cleaning products;;fruta e legumes
138;487;2024-02-26;5337,21;BomPreco;2023-01-31;Carnes Selectas;meat;58,0;padaria
246;114;2024-08-10;7215,06;BomPreco;2021-03-04;Congelados Norte;frozen goods;161,0;fruta e legumes
246;114;2023-10-13;8000,0;BomPreco;2021-03-04;Congelados Norte;frozen goods;191,0;peixaria
132;734;2023-01-16;4648,21;BomPreco;2022-11-23;Congelados Norte;frozen goods;76,0;padaria
177;633;2024-10-12;3586,39;SuperNorte;2023-05-04;Bebidas Lusas;beverages;;fruta e legumes
460;289;2025-06-26;3000,0;Atlantico Market;2024-04-23;SnackHouse Distribuicao;snacks;;peixaria
140;549;2025-10-09;1576,74;Mercado Central;2022-07-22;SnackHouse Distribuicao;snacks;;bebidas
43;349;2025-06-24;2761,61;FreshMart Gaia;2025-06-14;SnackHouse Distribuicao;snacks;;bebidas
201;913;2024-12-02;3574,29;SuperNorte;2024-04-10;Bebidas Lusas;beverages;;talho
439;905;2031-04-28;1399,97;FreshMart Gaia;2026-01-08;Higiene Plus;cleaning products;;fruta e legumes
330;826;2033-09-16;608,28;BomPreco;2025-02-18;Padaria Industrial;bakery supplies;;mercearia
365;6;2027-08-29;569,97;Nova Compra;2023-06-30;Padaria Industrial;bakery supplies;;higiene
95;567;2025-05-02;8385,95;Nova Compra;2021-11-19;Carnes Selectas;meat;;higiene
131;548;2024-02-19;12000,0;Nova Compra;2022-05-27;Peixe Fresco Iberico;seafood;152,0;fruta e legumes
164;689;2022-03-20;1730,39;Mercado Central;2022-03-01;SnackHouse Distribuicao;snacks;165,0;mercearia
164;689;2022-03-20;1531,1;Mercado Central;2022-03-01;SnackHouse Distribuicao;snacks;181,0;talho
107;154;2025-11-26;6812,8;Nova Compra;2025-07-14;Congelados Norte;frozen goods;141,0;bebidas
107;154;2025-11-26;5004,96;Nova Compra;2025-07-14;Congelados Norte;frozen goods;158,0;congelados
103;184;2026-12-18;1461,36;FreshMart Gaia;2022-12-24;Congelados Norte;frozen goods;;padaria
289;374;2024-07-29;6724,57;FreshMart Gaia;2024-01-14;Congelados Norte;frozen goods;70,0;higiene
289;374;2027-11-10;2356,1;FreshMart Gaia;2024-01-14;Congelados Norte;frozen goods;138,0;mercearia
17;878;2024-03-26;6465,81;Nova Compra;2021-06-10;Peixe Fresco Iberico;seafood;;fruta e legumes
189;258;2032-12-29;5328,84;SuperNorte;2024-04-27;Peixe Fresco Iberico;seafood;;congelados
162;346;2027-10-21;749,54;BomPreco;2024-11-21;Padaria Industrial;bakery supplies;;higiene
94;261;2031-04-04;2195,9;Atlantico Market;2024-06-11;Lacteos do Vale;dairy;1,0;talho
94;261;2027-10-12;3214,27;Atlantico Market;2024-06-11;Lacteos do Vale;dairy;49,0;padaria
456;986;2025-11-23;1014,19;BomPreco;2025-06-07;Padaria Industrial;bakery supplies;;talho
201;887;2025-01-09;10000,0;SuperNorte;2024-04-10;Carnes Selectas;meat;;bebidas
40;908;2029-08-10;12000,0;Atlantico Market;2022-08-09;Peixe Fresco Iberico;seafood;111,0;mercearia
4;857;2034-02-04;10000,0;Atlantico Market;2024-06-23;Carnes Selectas;meat;;laticinios
357;930;2023-07-28;1804,09;SuperNorte;2021-05-17;Casa Verde Horticolas;produce;;bebidas
26;985;2022-06-24;1108,77;Mercado Central;2022-05-29;Higiene Plus;cleaning products;;bebidas
153;136;2027-09-12;984,95;SuperNorte;2024-02-05;Padaria Industrial;bakery supplies;;bebidas
154;722;2027-04-04;3069,7;Atlantico Market;2025-10-16;Frutaria Atlantica;produce;184,0;padaria
438;112;2025-04-26;2987,98;BomPreco;2022-04-17;Frutaria Atlantica;produce;116,0;fruta e legumes
47;765;2027-06-21;427,68;Nova Compra;2025-02-04;Higiene Plus;cleaning products;86,0;congelados
288;425;2025-12-18;1577,89;BomPreco;2025-10-31;Higiene Plus;cleaning products;;fruta e legumes
255;665;2025-10-05;473,71;SuperNorte;2024-01-22;Higiene Plus;cleaning products;129,0;mercearia
274;160;2023-07-01;1834,19;Atlantico Market;2021-09-17;Casa Verde Horticolas;produce;;congelados
412;638;2024-12-12;5123,05;Atlantico Market;2024-08-06;Peixe Fresco Iberico;seafood;36,0;laticinios
443;76;2028-01-14;686,18;Nova Compra;2025-05-20;Padaria Industrial;bakery supplies;;fruta e legumes
316;777;2023-01-30;7913,45;Atlantico Market;2022-06-02;Carnes Selectas;meat;75,0;mercearia
8;474;2025-04-22;3213,42;Mercado Central;2024-02-04;Congelados Norte;frozen goods;172,0;talho
264;553;2025-01-24;3734,0;BomPreco;2024-03-30;Bebidas Lusas;beverages;;laticinios
213;789;2025-07-03;1084,6;SuperNorte;2022-08-14;SnackHouse Distribuicao;snacks;19,0;talho
481;82;2025-08-02;1912,4;FreshMart Gaia;2023-11-19;Frutaria Atlantica;produce;166,0;padaria
73;491;2031-08-24;3311,32;FreshMart Gaia;2025-01-05;Lacteos do Vale;dairy;61,0;higiene
411;424;2025-01-10;2896,7;SuperNorte;2023-06-02;Congelados Norte;frozen goods;;peixaria
25;481;2025-02-02;2867,5;FreshMart Gaia;2024-05-31;Lacteos do Vale;dairy;;fruta e legumes
42;212;2023-09-07;1897,63;BomPreco;2022-11-03;Frutaria Atlantica;produce;;laticinios
61;40;2027-09-20;1889,82;FreshMart Gaia;2021-12-07;Casa Verde Horticolas;produce;;fruta e legumes
108;587;2025-11-24;4612,25;BomPreco;2021-06-26;Carnes Selectas;meat;;peixaria
252;73;2025-11-21;5311,05;BomPreco;2022-11-20;Bebidas Lusas;beverages;;mercearia
179;967;2025-12-31;7303,2;Nova Compra;2024-10-24;Carnes Selectas;meat;;talho
386;768;2030-02-19;6121,19;Mercado Central;2024-08-11;Peixe Fresco Iberico;seafood;;talho
372;845;2033-07-09;1506,3;BomPreco;2025-04-26;Higiene Plus;cleaning products;;peixaria
41;390;2025-07-11;2584,48;Nova Compra;2024-05-01;Casa Verde Horticolas;produce;;congelados
202;896;2022-07-16;1275,94;Atlantico Market;2022-03-22;Padaria Industrial;bakery supplies;;fruta e legumes
157;380;2033-05-06;1611,55;FreshMart Gaia;2024-10-04;Casa Verde Horticolas;produce;;higiene
135;357;2027-10-23;9124,54;SuperNorte;2022-07-27;Carnes Selectas;meat;;bebidas
345;685;2029-11-23;2028,54;SuperNorte;2025-10-09;Higiene Plus;cleaning products;;congelados
65;802;2025-04-14;3500,0;Nova Compra;2024-07-21;Frutaria Atlantica;produce;;mercearia
88;776;2024-06-21;493,46;Atlantico Market;2021-03-26;Padaria Industrial;bakery supplies;62,0;fruta e legumes
161;383;2024-11-27;5143,07;Nova Compra;2021-02-26;Bebidas Lusas;beverages;;laticinios
473;767;2023-08-08;9068,79;Nova Compra;2021-08-09;Carnes Selectas;meat;69,0;bebidas
415;41;2026-04-09;3379,72;FreshMart Gaia;2024-03-20;Lacteos do Vale;dairy;;higiene
395;165;2024-05-06;1227,2;Nova Compra;2023-10-24;Higiene Plus;cleaning products;;peixaria
429;836;2021-10-04;541,5;SuperNorte;2021-08-21;Padaria Industrial;bakery supplies;;fruta e legumes
184;897;2033-11-14;10000,0;Atlantico Market;2024-11-20;Carnes Selectas;meat;118,0;talho
497;417;2034-08-04;4347,56;Nova Compra;2024-09-10;Carnes Selectas;meat;105,0;bebidas
223;110;2025-04-07;1619,69;FreshMart Gaia;2022-09-06;Casa Verde Horticolas;produce;;padaria
415;911;2025-08-05;4000,0;FreshMart Gaia;2024-03-20;Lacteos do Vale;dairy;;talho
378;338;2024-05-01;3665,27;BomPreco;2021-04-27;Peixe Fresco Iberico;seafood;137,0;peixaria
371;520;2023-09-13;2674,29;Nova Compra;2022-09-12;Casa Verde Horticolas;produce;;congelados
488;887;2024-08-29;3846,62;Mercado Central;2022-02-12;Carnes Selectas;meat;;talho
486;46;2022-08-06;705,34;BomPreco;2022-02-26;Padaria Industrial;bakery supplies;;fruta e legumes
231;195;2027-11-01;1482,75;SuperNorte;2025-05-07;Higiene Plus;cleaning products;;congelados
491;647;2031-06-17;7321,15;Nova Compra;2024-07-19;Carnes Selectas;meat;;padaria
63;115;2024-03-04;2108,64;SuperNorte;2023-01-21;Higiene Plus;cleaning products;50,0;congelados
63;115;2024-03-04;2236,96;SuperNorte;2023-01-21;Higiene Plus;cleaning products;132,0;bebidas
276;275;2023-12-09;1000,49;BomPreco;2021-06-07;Higiene Plus;cleaning products;;talho
105;132;2025-08-16;1105,83;SuperNorte;2022-01-11;Frutaria Atlantica;produce;;peixaria
106;137;2028-09-30;4628,39;Atlantico Market;2024-07-22;Carnes Selectas;meat;;higiene
124;365;2031-09-11;1607,72;Atlantico Market;2022-03-28;Higiene Plus;cleaning products;;mercearia
426;289;2026-09-29;1504,17;BomPreco;2025-03-14;SnackHouse Distribuicao;snacks;11,0;peixaria
219;580;2033-08-05;360,95;SuperNorte;2025-01-12;Casa Verde Horticolas;produce;175,0;padaria
104;837;2025-02-01;2373,03;Mercado Central;2023-01-07;Carnes Selectas;meat;;peixaria
293;482;2025-05-20;1660,26;Nova Compra;2024-07-22;Frutaria Atlantica;produce;;fruta e legumes
307;26;2025-08-26;1469,38;FreshMart Gaia;2022-08-19;Padaria Industrial;bakery supplies;197,0;fruta e legumes
385;144;2023-04-10;2862,01;FreshMart Gaia;2023-02-10;Congelados Norte;frozen goods;;mercearia
419;371;2033-12-20;2990,23;Nova Compra;2026-02-16;Lacteos do Vale;dairy;74,0;peixaria
249;338;2025-09-05;3315,32;SuperNorte;2023-09-28;Peixe Fresco Iberico;seafood;27,0;laticinios
377;206;2024-03-08;1121,88;Nova Compra;2023-06-29;Padaria Industrial;bakery supplies;;peixaria
176;957;2023-05-23;6078,04;Mercado Central;2023-03-01;Carnes Selectas;meat;;mercearia
59;753;2030-05-18;4630,61;Nova Compra;2024-05-26;Bebidas Lusas;beverages;;padaria
296;686;2025-04-24;635,26;Mercado Central;2024-07-23;Padaria Industrial;bakery supplies;;peixaria
229;384;2026-11-17;2142,94;FreshMart Gaia;2022-07-08;Congelados Norte;frozen goods;;talho
52;498;2029-08-27;9011,72;Atlantico Market;2025-01-08;Peixe Fresco Iberico;seafood;;congelados
370;192;2026-01-20;930,92;Atlantico Market;2023-01-22;Frutaria Atlantica;produce;7,0;higiene
109;568;2022-09-12;4594,65;FreshMart Gaia;2021-02-19;Peixe Fresco Iberico;seafood;;congelados
34;734;2026-01-04;8000,0;Atlantico Market;2021-09-25;Congelados Norte;frozen goods;;talho
204;71;2024-07-19;2320,81;BomPreco;2021-04-02;Lacteos do Vale;dairy;;congelados
363;693;2035-07-28;4426,88;SuperNorte;2025-10-30;Bebidas Lusas;beverages;;mercearia
125;925;2024-06-16;1821,36;Nova Compra;2024-01-05;Higiene Plus;cleaning products;;talho
378;264;2021-10-08;5605,34;BomPreco;2021-04-27;Congelados Norte;frozen goods;137,0;peixaria
276;357;2024-11-10;5348,53;BomPreco;2021-06-07;Carnes Selectas;meat;;laticinios
332;235;2025-02-18;916,51;Mercado Central;2024-11-20;Higiene Plus;cleaning products;;fruta e legumes
405;204;2024-06-30;8000,0;SuperNorte;2023-01-07;Congelados Norte;frozen goods;22,0;padaria
223;47;2024-05-22;4733,73;FreshMart Gaia;2022-09-06;Carnes Selectas;meat;;laticinios
405;571;2029-03-09;2495,37;SuperNorte;2023-01-07;Lacteos do Vale;dairy;22,0;padaria
497;402;2029-03-28;2255,22;Nova Compra;2024-09-10;Frutaria Atlantica;produce;105,0;bebidas
334;232;2028-12-06;1455,51;Atlantico Market;2024-10-12;Frutaria Atlantica;produce;127,0;talho
290;874;2025-02-01;3550,38;Mercado Central;2022-12-23;Congelados Norte;frozen goods;;peixaria
171;489;2033-04-09;3000,0;SuperNorte;2025-12-02;SnackHouse Distribuicao;snacks;13,0;padaria
62;838;2029-12-29;4661,15;Mercado Central;2023-12-03;Peixe Fresco Iberico;seafood;186,0;bebidas
115;588;2025-05-21;7825,56;FreshMart Gaia;2025-01-26;Peixe Fresco Iberico;seafood;;talho
216;773;2035-07-22;5611,9;BomPreco;2025-09-23;Bebidas Lusas;beverages;;fruta e legumes
48;931;2024-07-31;1952,49;BomPreco;2022-10-06;Lacteos do Vale;dairy;;peixaria
229;409;2024-06-25;1581,74;FreshMart Gaia;2022-07-08;SnackHouse Distribuicao;snacks;;peixaria
80;238;2031-03-18;9998,24;Mercado Central;2021-08-21;Peixe Fresco Iberico;seafood;;laticinios
234;470;2023-03-16;1739,12;BomPreco;2022-02-27;Casa Verde Horticolas;produce;;laticinios
207;322;2024-11-30;726,47;SuperNorte;2022-08-16;Frutaria Atlantica;produce;;mercearia
266;937;2023-02-09;10000,0;Mercado Central;2022-11-17;Carnes Selectas;meat;;bebidas
257;633;2025-05-02;2417,64;Nova Compra;2021-04-16;Bebidas Lusas;beverages;21,0;mercearia
257;633;2030-01-28;4131,83;Nova Compra;2021-04-16;Bebidas Lusas;beverages;91,0;talho
349;572;2024-05-26;1022,43;FreshMart Gaia;2023-10-31;Frutaria Atlantica;produce;;congelados
7;110;2025-03-16;1470,04;FreshMart Gaia;2023-07-14;Casa Verde Horticolas;produce;;mercearia
369;471;2032-06-18;1766,59;SuperNorte;2024-02-08;Lacteos do Vale;dairy;;mercearia
64;755;2031-01-22;1487,1;Atlantico Market;2025-08-22;Higiene Plus;cleaning products;;padaria
248;83;2032-08-01;2527,03;Mercado Central;2025-02-23;Bebidas Lusas;beverages;8,0;fruta e legumes
32;644;2023-08-28;8000,0;Mercado Central;2023-07-31;Congelados Norte;frozen goods;;laticinios
94;930;2025-08-28;1870,54;Atlantico Market;2024-06-11;Casa Verde Horticolas;produce;1,0;talho
94;930;2025-02-01;2750,15;Atlantico Market;2024-06-11;Casa Verde Horticolas;produce;49,0;padaria
364;638;2024-08-11;6474,15;Atlantico Market;2021-12-06;Peixe Fresco Iberico;seafood;;bebidas
397;793;2026-01-12;5873,95;FreshMart Gaia;2023-10-31;Bebidas Lusas;beverages;32,0;congelados
341;739;2023-11-14;641,13;Nova Compra;2022-09-13;SnackHouse Distribuicao;snacks;;congelados
156;17;2029-01-28;3932,45;BomPreco;2026-01-04;Carnes Selectas;meat;48,0;mercearia
272;316;2026-11-15;790,72;Mercado Central;2025-06-25;Padaria Industrial;bakery supplies;122,0;congelados
374;496;2026-05-30;787,85;Mercado Central;2023-02-24;Padaria Industrial;bakery supplies;;bebidas
201;561;2024-12-20;2715,22;SuperNorte;2024-04-10;Lacteos do Vale;dairy;;mercearia
409;193;2028-04-18;4884,08;FreshMart Gaia;2025-03-31;Bebidas Lusas;beverages;;fruta e legumes
415;605;2027-11-26;1329,94;FreshMart Gaia;2024-03-20;Higiene Plus;cleaning products;;mercearia
460;482;2024-06-06;1809,41;Atlantico Market;2024-04-23;Frutaria Atlantica;produce;;peixaria
225;421;2025-09-05;4000,0;SuperNorte;2025-06-18;Lacteos do Vale;dairy;97,0;higiene
456;777;2028-08-04;6249,28;BomPreco;2025-06-07;Carnes Selectas;meat;;mercearia
413;189;2034-11-30;606,19;Nova Compra;2025-04-04;SnackHouse Distribuicao;snacks;79,0;higiene
413;189;2027-12-23;2333,4;Nova Compra;2025-04-04;SnackHouse Distribuicao;snacks;81,0;laticinios
300;567;2025-09-25;6945,95;BomPreco;2022-06-18;Carnes Selectas;meat;;congelados
55;133;2028-05-01;6318,37;FreshMart Gaia;2025-06-03;Bebidas Lusas;beverages;;padaria
475;897;2032-11-20;7068,71;FreshMart Gaia;2025-02-17;Carnes Selectas;meat;124,0;higiene
83;341;2025-11-15;1430,94;Nova Compra;2025-01-15;Lacteos do Vale;dairy;157,0;padaria
83;341;2025-11-15;3209,03;Nova Compra;2025-01-15;Lacteos do Vale;dairy;182,0;peixaria
94;24;2024-11-10;4496,52;Atlantico Market;2024-06-11;Congelados Norte;frozen goods;1,0;talho
94;24;2026-05-03;6885,3;Atlantico Market;2024-06-11;Congelados Norte;frozen goods;49,0;padaria
443;43;2030-09-19;7000,0;Nova Compra;2025-05-20;Bebidas Lusas;beverages;;laticinios
474;262;2025-09-12;1751,28;BomPreco;2023-04-15;Frutaria Atlantica;produce;;bebidas
257;208;2021-09-06;9639,9;Nova Compra;2021-04-16;Peixe Fresco Iberico;seafood;21,0;mercearia
257;208;2021-09-06;10349,58;Nova Compra;2021-04-16;Peixe Fresco Iberico;seafood;91,0;talho
392;589;2025-07-21;1772,18;Mercado Central;2023-08-21;SnackHouse Distribuicao;snacks;;laticinios
314;111;2032-12-12;4000,0;Mercado Central;2024-07-14;Lacteos do Vale;dairy;;peixaria
347;117;2030-05-14;8644,24;Nova Compra;2023-12-27;Carnes Selectas;meat;;laticinios
325;64;2028-01-11;3304,19;FreshMart Gaia;2024-03-27;Congelados Norte;frozen goods;;laticinios
489;539;2032-10-11;1854,86;SuperNorte;2023-09-27;SnackHouse Distribuicao;snacks;;peixaria
162;105;2029-12-14;2024,92;BomPreco;2024-11-21;Higiene Plus;cleaning products;;padaria
68;996;2032-08-17;1800,0;Mercado Central;2023-11-14;Padaria Industrial;bakery supplies;;fruta e legumes
291;435;2025-06-21;1818,19;SuperNorte;2024-09-22;Higiene Plus;cleaning products;;laticinios
6;637;2029-08-03;6151,25;BomPreco;2026-02-05;Carnes Selectas;meat;;laticinios
130;93;2024-04-20;6622,5;Atlantico Market;2021-12-14;Bebidas Lusas;beverages;;bebidas
362;534;2023-11-28;3895,65;Mercado Central;2021-04-28;Congelados Norte;frozen goods;144,0;laticinios
491;392;2032-03-16;1184,94;Nova Compra;2024-07-19;Frutaria Atlantica;produce;;bebidas
61;751;2024-02-02;2951,04;FreshMart Gaia;2021-12-07;Lacteos do Vale;dairy;;congelados
463;568;2031-08-19;5482,86;FreshMart Gaia;2025-03-11;Peixe Fresco Iberico;seafood;108,0;laticinios
349;122;2030-11-24;3500,0;FreshMart Gaia;2023-10-31;Frutaria Atlantica;produce;;padaria
446;667;2025-02-20;6051,07;Mercado Central;2022-09-29;Carnes Selectas;meat;187,0;higiene
13;944;2024-05-26;5918,34;FreshMart Gaia;2022-10-16;Congelados Norte;frozen goods;;laticinios
406;636;2030-04-28;753,71;Atlantico Market;2022-12-02;Padaria Industrial;bakery supplies;93,0;mercearia
123;545;2028-07-30;2429,11;SuperNorte;2023-03-06;Higiene Plus;cleaning products;185,0;congelados
184;67;2032-06-24;5334,91;Atlantico Market;2024-11-20;Carnes Selectas;meat;118,0;talho
197;517;2024-10-26;5105,7;Nova Compra;2023-07-18;Carnes Selectas;meat;;fruta e legumes
124;919;2023-06-02;1577,03;Atlantico Market;2022-03-28;SnackHouse Distribuicao;snacks;;peixaria
468;550;2028-04-10;1034,64;BomPreco;2021-07-29;Casa Verde Horticolas;produce;;fruta e legumes
23;20;2026-02-07;1652,76;Nova Compra;2023-11-14;Casa Verde Horticolas;produce;;mercearia
310;139;2024-10-30;2109,71;Atlantico Market;2022-09-29;SnackHouse Distribuicao;snacks;;higiene
274;784;2024-04-29;2145,11;Atlantico Market;2021-09-17;Congelados Norte;frozen goods;;fruta e legumes
31;219;2030-10-08;2613,07;FreshMart Gaia;2023-08-26;SnackHouse Distribuicao;snacks;;padaria
21;766;2025-12-23;886,25;SuperNorte;2024-04-14;Padaria Industrial;bakery supplies;;peixaria
42;843;2025-12-12;4186,57;BomPreco;2022-11-03;Bebidas Lusas;beverages;;laticinios
304;684;2023-10-31;1573,51;Atlantico Market;2022-07-01;Congelados Norte;frozen goods;59,0;congelados
469;833;2024-09-12;4149,55;FreshMart Gaia;2023-05-24;Bebidas Lusas;beverages;126,0;laticinios
278;92;2025-09-18;1156,93;Mercado Central;2021-03-28;Frutaria Atlantica;produce;;mercearia
82;942;2026-11-14;1579,38;Atlantico Market;2023-01-31;Frutaria Atlantica;produce;54,0;laticinios
212;670;2027-12-25;913,77;Mercado Central;2024-06-29;Casa Verde Horticolas;produce;;higiene
360;153;2024-11-22;2521,64;BomPreco;2023-03-19;Bebidas Lusas;beverages;200,0;peixaria
200;927;2026-03-15;5016,83;Mercado Central;2025-03-04;Carnes Selectas;meat;;bebidas
99;433;2030-02-07;3318,35;SuperNorte;2025-09-02;Bebidas Lusas;beverages;;padaria
467;708;2023-07-28;9677,86;Nova Compra;2023-05-01;Peixe Fresco Iberico;seafood;71,0;fruta e legumes
199;625;2023-07-23;593,23;FreshMart Gaia;2022-06-22;Higiene Plus;cleaning products;;laticinios
396;524;2033-06-03;4201,74;BomPreco;2025-10-21;Congelados Norte;frozen goods;57,0;mercearia
183;431;2028-08-10;2056,24;SuperNorte;2022-11-01;Lacteos do Vale;dairy;178,0;higiene
449;537;2024-10-17;4394,64;Nova Compra;2024-02-23;Carnes Selectas;meat;;peixaria
362;466;2027-12-08;663,02;Mercado Central;2021-04-28;Padaria Industrial;bakery supplies;144,0;laticinios
355;954;2034-10-09;7061,06;FreshMart Gaia;2025-09-12;Congelados Norte;frozen goods;60,0;bebidas
290;740;2024-10-06;3500,0;Mercado Central;2022-12-23;Casa Verde Horticolas;produce;;laticinios
181;228;2024-08-10;3005,59;FreshMart Gaia;2021-08-25;Peixe Fresco Iberico;seafood;113,0;congelados
278;152;2024-05-31;1220,55;Mercado Central;2021-03-28;Frutaria Atlantica;produce;;bebidas
420;504;2023-03-07;2736,43;BomPreco;2021-05-15;Congelados Norte;frozen goods;;fruta e legumes
82;498;2025-11-08;5726,57;Atlantico Market;2023-01-31;Peixe Fresco Iberico;seafood;54,0;laticinios
408;411;2025-02-07;3783,31;BomPreco;2022-04-15;Lacteos do Vale;dairy;;higiene
443;248;2031-07-24;8242,09;Nova Compra;2025-05-20;Peixe Fresco Iberico;seafood;;fruta e legumes
318;921;2022-09-01;2006,18;BomPreco;2021-03-16;Lacteos do Vale;dairy;88,0;higiene
174;323;2022-09-29;3777,71;BomPreco;2021-10-25;Bebidas Lusas;beverages;52,0;higiene
174;323;2028-08-15;3248,52;BomPreco;2021-10-25;Bebidas Lusas;beverages;163,0;talho
474;70;2023-12-04;2579,45;BomPreco;2023-04-15;Casa Verde Horticolas;produce;;congelados
43;444;2030-01-30;6332,95;FreshMart Gaia;2025-06-14;Congelados Norte;frozen goods;;peixaria
234;133;2026-01-17;4893,17;BomPreco;2022-02-27;Bebidas Lusas;beverages;;bebidas
53;993;2028-05-20;1395,58;Nova Compra;2022-04-27;Bebidas Lusas;beverages;;mercearia
333;227;2022-07-22;5432,03;SuperNorte;2021-06-28;Carnes Selectas;meat;;padaria
489;706;2025-11-14;919,49;SuperNorte;2023-09-27;Padaria Industrial;bakery supplies;;talho
150;294;2025-08-12;6717,4;BomPreco;2025-02-06;Congelados Norte;frozen goods;;mercearia
112;819;2029-02-22;1837,44;Atlantico Market;2022-05-22;SnackHouse Distribuicao;snacks;40,0;padaria
190;724;2032-02-18;5524,25;Atlantico Market;2025-05-26;Congelados Norte;frozen goods;;laticinios
279;392;2024-11-26;1480,38;SuperNorte;2022-10-07;Frutaria Atlantica;produce;;talho
263;483;2022-05-24;5722,95;Nova Compra;2022-05-13;Bebidas Lusas;beverages;47,0;peixaria
27;62;2027-07-22;3223,29;SuperNorte;2022-08-07;Frutaria Atlantica;produce;42,0;bebidas
349;480;2025-11-03;889,62;FreshMart Gaia;2023-10-31;Casa Verde Horticolas;produce;;higiene
423;580;2027-08-09;1032,41;SuperNorte;2022-05-09;Casa Verde Horticolas;produce;14,0;congelados
423;580;2025-02-24;2607,23;SuperNorte;2022-05-09;Casa Verde Horticolas;produce;55,0;talho
300;676;2026-09-29;925,36;BomPreco;2022-06-18;Padaria Industrial;bakery supplies;;talho
13;192;2023-01-23;2939,11;FreshMart Gaia;2022-10-16;Frutaria Atlantica;produce;;peixaria
74;948;2035-02-08;7247,25;Mercado Central;2025-11-11;Peixe Fresco Iberico;seafood;3,0;mercearia
225;454;2025-11-13;5873,23;SuperNorte;2025-06-18;Congelados Norte;frozen goods;97,0;higiene
270;955;2029-11-02;982,35;BomPreco;2022-05-19;Higiene Plus;cleaning products;190,0;talho
65;765;2025-06-17;1602,17;Nova Compra;2024-07-21;Higiene Plus;cleaning products;;laticinios
42;548;2032-09-07;7583,59;BomPreco;2022-11-03;Peixe Fresco Iberico;seafood;;congelados
189;318;2030-02-17;4767,39;SuperNorte;2024-04-27;Peixe Fresco Iberico;seafood;;laticinios
157;130;2030-01-12;2903,59;FreshMart Gaia;2024-10-04;Casa Verde Horticolas;produce;;talho
440;19;2025-06-07;703,2;Mercado Central;2021-09-09;SnackHouse Distribuicao;snacks;;bebidas
292;477;2025-12-15;5929,07;Atlantico Market;2023-07-16;Carnes Selectas;meat;17,0;fruta e legumes
16;787;2025-05-13;3016,4;Atlantico Market;2024-01-08;Carnes Selectas;meat;5,0;congelados
499;609;2032-04-02;1041,58;FreshMart Gaia;2023-08-29;SnackHouse Distribuicao;snacks;;higiene
268;648;2030-02-09;10129,95;Atlantico Market;2025-06-15;Peixe Fresco Iberico;seafood;;peixaria
335;550;2032-09-18;1127,74;Nova Compra;2024-12-25;Casa Verde Horticolas;produce;139,0;padaria
452;376;2025-02-05;598,12;Mercado Central;2022-07-29;Padaria Industrial;bakery supplies;193,0;padaria
452;376;2025-02-05;1298,42;Mercado Central;2022-07-29;Padaria Industrial;bakery supplies;195,0;bebidas
247;351;2024-07-15;1304,23;FreshMart Gaia;2021-04-17;Lacteos do Vale;dairy;173,0;peixaria
299;315;2033-10-10;2174,17;Nova Compra;2025-02-06;Higiene Plus;cleaning products;;laticinios
197;246;2030-11-02;1336,52;Nova Compra;2023-07-18;Padaria Industrial;bakery supplies;;laticinios
271;832;2032-03-09;1303,75;FreshMart Gaia;2025-10-11;Frutaria Atlantica;produce;;talho
223;733;2027-03-19;5829,46;FreshMart Gaia;2022-09-06;Bebidas Lusas;beverages;;fruta e legumes
303;747;2035-01-10;2257,01;SuperNorte;2025-02-15;Carnes Selectas;meat;;higiene
351;162;2025-01-30;2288,29;SuperNorte;2021-03-14;Frutaria Atlantica;produce;;mercearia
356;832;2024-03-14;1055,89;Mercado Central;2022-08-06;Frutaria Atlantica;produce;;peixaria
496;814;2026-12-11;3397,81;Atlantico Market;2025-03-17;Congelados Norte;frozen goods;;fruta e legumes
176;137;2025-10-31;4392,86;Mercado Central;2023-03-01;Carnes Selectas;meat;;congelados
478;856;2034-05-31;1780,03;Atlantico Market;2025-11-21;Padaria Industrial;bakery supplies;;laticinios
36;98;2022-07-24;5187,37;BomPreco;2021-03-31;Peixe Fresco Iberico;seafood;;peixaria
10;890;2026-03-20;1785,69;Atlantico Market;2024-07-05;Casa Verde Horticolas;produce;;higiene
192;330;2029-01-18;1518,93;BomPreco;2023-05-20;Casa Verde Horticolas;produce;80,0;fruta e legumes
103;202;2029-02-18;1188,86;FreshMart Gaia;2022-12-24;Frutaria Atlantica;produce;;congelados
467;951;2025-07-17;1352,33;Nova Compra;2023-05-01;Lacteos do Vale;dairy;71,0;fruta e legumes
192;741;2023-08-27;2470,44;BomPreco;2023-05-20;Lacteos do Vale;dairy;80,0;fruta e legumes
210;71;2031-05-21;2124,62;BomPreco;2023-03-24;Lacteos do Vale;dairy;;peixaria
152;832;2033-05-12;2607,31;Mercado Central;2023-11-30;Frutaria Atlantica;produce;;bebidas
156;171;2035-02-21;1928,11;BomPreco;2026-01-04;Lacteos do Vale;dairy;48,0;mercearia
173;840;2022-11-25;1683,44;Nova Compra;2022-01-16;Casa Verde Horticolas;produce;104,0;congelados
155;263;2021-12-08;5292,79;Nova Compra;2021-06-09;Bebidas Lusas;beverages;121,0;padaria
269;908;2024-02-04;5497,83;Nova Compra;2023-10-19;Peixe Fresco Iberico;seafood;;higiene
324;2;2025-02-16;967,9;BomPreco;2023-12-10;Frutaria Atlantica;produce;;peixaria
404;506;2028-05-23;1464,33;Mercado Central;2024-09-04;Padaria Industrial;bakery supplies;;talho
365;291;2025-09-24;1585,27;Nova Compra;2023-06-30;Lacteos do Vale;dairy;;congelados
450;996;2024-01-17;1030,56;BomPreco;2021-02-18;Padaria Industrial;bakery supplies;;peixaria
172;836;2029-10-04;754,33;Atlantico Market;2025-06-28;Padaria Industrial;bakery supplies;;padaria
87;863;2030-07-16;2420,88;SuperNorte;2022-03-07;Bebidas Lusas;beverages;;fruta e legumes
215;708;2026-08-07;2765,93;Nova Compra;2022-05-12;Peixe Fresco Iberico;seafood;;padaria
122;493;2024-06-17;4368,33;Mercado Central;2022-11-09;Bebidas Lusas;beverages;30,0;mercearia
433;409;2024-09-18;358,26;FreshMart Gaia;2024-07-23;SnackHouse Distribuicao;snacks;28,0;talho
206;704;2032-06-15;7712,71;Mercado Central;2025-04-19;Congelados Norte;frozen goods;;higiene
5;584;2031-10-14;6841,6;Nova Compra;2026-02-01;Congelados Norte;frozen goods;;mercearia
109;963;2022-09-10;2490,49;FreshMart Gaia;2021-02-19;Bebidas Lusas;beverages;;mercearia
342;624;2023-01-07;8000,0;BomPreco;2021-05-14;Congelados Norte;frozen goods;196,0;higiene
355;668;2025-09-20;12000,0;FreshMart Gaia;2025-09-12;Peixe Fresco Iberico;seafood;60,0;bebidas
103;738;2024-10-11;5747,76;FreshMart Gaia;2022-12-24;Peixe Fresco Iberico;seafood;;congelados
387;870;2026-02-08;2225,81;SuperNorte;2022-10-15;Casa Verde Horticolas;produce;66,0;mercearia
480;297;2031-08-05;5741,5;BomPreco;2022-01-15;Carnes Selectas;meat;;mercearia
473;780;2025-01-28;3500,0;Nova Compra;2021-08-09;Casa Verde Horticolas;produce;69,0;bebidas
130;777;2028-04-08;2885,55;Atlantico Market;2021-12-14;Carnes Selectas;meat;;padaria
149;457;2033-12-29;4874,82;Nova Compra;2025-09-19;Carnes Selectas;meat;41,0;congelados
436;965;2025-06-06;2079,61;Atlantico Market;2023-12-11;Higiene Plus;cleaning products;189,0;laticinios
196;413;2030-01-20;5407,82;Atlantico Market;2025-12-17;Bebidas Lusas;beverages;4,0;padaria
196;413;2030-01-27;3678,45;Atlantico Market;2025-12-17;Bebidas Lusas;beverages;159,0;bebidas
274;767;2023-05-18;10000,0;Atlantico Market;2021-09-17;Carnes Selectas;meat;;padaria
147;584;2025-02-17;4776,37;SuperNorte;2022-01-01;Congelados Norte;frozen goods;;talho
204;850;2025-12-08;1947,12;BomPreco;2021-04-02;Casa Verde Horticolas;produce;;mercearia
318;673;2022-12-04;5131,64;BomPreco;2021-03-16;Bebidas Lusas;beverages;88,0;higiene
149;265;2028-03-30;1337,83;Nova Compra;2025-09-19;Higiene Plus;cleaning products;41,0;congelados
493;216;2026-02-05;1022,88;FreshMart Gaia;2025-06-26;Padaria Industrial;bakery supplies;;bebidas
72;929;2021-08-24;1157,77;BomPreco;2021-04-11;SnackHouse Distribuicao;snacks;;congelados
391;355;2024-09-08;2500,0;FreshMart Gaia;2024-03-07;Higiene Plus;cleaning products;;laticinios
201;867;2025-01-09;4363,89;SuperNorte;2024-04-10;Carnes Selectas;meat;;padaria
213;501;2025-09-21;2985,08;SuperNorte;2022-08-14;Lacteos do Vale;dairy;19,0;talho
37;861;2024-12-31;4000,0;FreshMart Gaia;2022-12-13;Lacteos do Vale;dairy;15,0;bebidas
69;262;2021-12-26;1010,98;SuperNorte;2021-06-05;Frutaria Atlantica;produce;;peixaria
187;799;2024-07-22;2172,34;FreshMart Gaia;2023-07-04;SnackHouse Distribuicao;snacks;;padaria
71;114;2024-08-09;4345,05;Nova Compra;2024-03-23;Congelados Norte;frozen goods;136,0;talho
431;966;2033-12-21;1800,0;Nova Compra;2024-03-23;Padaria Industrial;bakery supplies;194,0;congelados
495;269;2024-12-09;1095,96;SuperNorte;2022-10-02;SnackHouse Distribuicao;snacks;110,0;peixaria
253;698;2028-01-29;4633,38;FreshMart Gaia;2023-05-05;Peixe Fresco Iberico;seafood;89,0;fruta e legumes
249;342;2029-01-30;1808,91;SuperNorte;2023-09-28;Frutaria Atlantica;produce;27,0;laticinios
432;561;2035-02-13;1721,83;BomPreco;2025-09-23;Lacteos do Vale;dairy;;congelados
49;632;2026-07-19;1504,58;FreshMart Gaia;2023-09-03;Frutaria Atlantica;produce;;peixaria
489;33;2029-08-04;7000,0;SuperNorte;2023-09-27;Bebidas Lusas;beverages;;higiene
21;665;2029-02-21;1455,9;SuperNorte;2024-04-14;Higiene Plus;cleaning products;;bebidas
143;775;2027-10-17;965,94;Nova Compra;2025-12-20;Higiene Plus;cleaning products;128,0;peixaria
45;304;2025-05-03;3607,83;SuperNorte;2021-03-03;Congelados Norte;frozen goods;145,0;talho
478;58;2027-08-09;7799,06;Atlantico Market;2025-11-21;Peixe Fresco Iberico;seafood;;bebidas
158;926;2032-10-08;1163,95;Mercado Central;2025-02-09;Padaria Industrial;bakery supplies;;mercearia
481;248;2033-08-24;5012,99;FreshMart Gaia;2023-11-19;Peixe Fresco Iberico;seafood;166,0;padaria
151;122;2024-12-24;889,2;FreshMart Gaia;2024-04-02;Frutaria Atlantica;produce;;bebidas
215;76;2023-12-11;977,51;Nova Compra;2022-05-12;Padaria Industrial;bakery supplies;;padaria
243;37;2028-04-24;5214,7;SuperNorte;2025-04-24;Carnes Selectas;meat;;bebidas
115;782;2027-11-08;1383,24;FreshMart Gaia;2025-01-26;Frutaria Atlantica;produce;;congelados
300;469;2024-04-24;2934,91;BomPreco;2022-06-18;SnackHouse Distribuicao;snacks;;fruta e legumes
20;357;2025-09-09;6993,35;Mercado Central;2025-07-10;Carnes Selectas;meat;;higiene
28;330;2025-02-05;1965,71;Atlantico Market;2023-02-26;Casa Verde Horticolas;produce;;congelados
370;697;2023-12-01;4590,91;Atlantico Market;2023-01-22;Carnes Selectas;meat;7,0;higiene
453;286;2027-12-18;1800,0;SuperNorte;2025-10-17;Padaria Industrial;bakery supplies;;talho
386;855;2033-07-23;817,86;Mercado Central;2024-08-11;Higiene Plus;cleaning products;;bebidas
106;637;2025-07-03;4318,6;Atlantico Market;2024-07-22;Carnes Selectas;meat;;higiene
136;891;2026-07-21;1754,01;Atlantico Market;2021-09-27;Lacteos do Vale;dairy;;peixaria
189;722;2025-08-12;2116,4;SuperNorte;2024-04-27;Frutaria Atlantica;produce;;talho
277;946;2035-09-05;1346,35;FreshMart Gaia;2026-02-03;Padaria Industrial;bakery supplies;;fruta e legumes
64;967;2027-04-22;2959,26;Atlantico Market;2025-08-22;Carnes Selectas;meat;;mercearia
433;778;2025-08-22;4776,59;FreshMart Gaia;2024-07-23;Peixe Fresco Iberico;seafood;28,0;talho
18;604;2025-02-14;5259,6;BomPreco;2025-02-11;Congelados Norte;frozen goods;;bebidas
221;365;2024-06-06;1019,32;Nova Compra;2022-05-20;Higiene Plus;cleaning products;;padaria
485;421;2025-10-28;1794,4;Nova Compra;2023-06-26;Lacteos do Vale;dairy;;mercearia
31;274;2026-01-07;4647,39;FreshMart Gaia;2023-08-26;Congelados Norte;frozen goods;;padaria
21;994;2026-02-16;2766,68;SuperNorte;2024-04-14;Congelados Norte;frozen goods;;laticinios
38;444;2025-11-18;4872,17;Mercado Central;2022-04-17;Congelados Norte;frozen goods;140,0;congelados
15;728;2031-10-07;8563,03;SuperNorte;2024-07-30;Peixe Fresco Iberico;seafood;;fruta e legumes
87;348;2023-04-23;6613,26;SuperNorte;2022-03-07;Peixe Fresco Iberico;seafood;;mercearia
241;620;2022-12-26;3500,0;FreshMart Gaia;2022-04-14;Casa Verde Horticolas;produce;51,0;bebidas
161;521;2029-01-10;2979,95;Nova Compra;2021-02-26;Lacteos do Vale;dairy;;peixaria
345;255;2032-05-31;1349,91;SuperNorte;2025-10-09;Higiene Plus;cleaning products;;peixaria
456;786;2027-09-05;865,33;BomPreco;2025-06-07;Padaria Industrial;bakery supplies;;congelados
413;3;2026-07-24;7000,0;Nova Compra;2025-04-04;Bebidas Lusas;beverages;79,0;higiene
413;3;2030-10-13;2784,59;Nova Compra;2025-04-04;Bebidas Lusas;beverages;81,0;laticinios
22;323;2036-01-15;3317,72;Atlantico Market;2026-02-12;Bebidas Lusas;beverages;;congelados
417;331;2023-12-02;1787,92;SuperNorte;2023-07-19;Lacteos do Vale;dairy;;talho
42;253;2030-12-16;4485,13;BomPreco;2022-11-03;Bebidas Lusas;beverages;;bebidas
342;515;2022-08-20;2500,0;BomPreco;2021-05-14;Higiene Plus;cleaning products;196,0;higiene
495;609;2027-02-02;1843,71;SuperNorte;2022-10-02;SnackHouse Distribuicao;snacks;110,0;peixaria
358;23;2024-06-13;3244,05;Atlantico Market;2024-06-13;Bebidas Lusas;beverages;;congelados
387;366;2023-11-07;1088,61;SuperNorte;2022-10-15;Padaria Industrial;bakery supplies;66,0;mercearia
413;254;2034-04-08;2381,73;Nova Compra;2025-04-04;Congelados Norte;frozen goods;79,0;higiene
413;254;2031-02-21;3951,57;Nova Compra;2025-04-04;Congelados Norte;frozen goods;81,0;laticinios
110;223;2025-05-25;7000,0;Mercado Central;2024-05-11;Bebidas Lusas;beverages;;padaria
15;914;2025-01-21;5792,19;SuperNorte;2024-07-30;Congelados Norte;frozen goods;;fruta e legumes
331;847;2024-09-04;9396,47;FreshMart Gaia;2021-12-05;Carnes Selectas;meat;;padaria
268;833;2026-05-09;5916,6;Atlantico Market;2025-06-15;Bebidas Lusas;beverages;;laticinios
23;765;2032-07-25;999,49;Nova Compra;2023-11-14;Higiene Plus;cleaning products;;mercearia
7;300;2025-05-22;3500,0;FreshMart Gaia;2023-07-14;Casa Verde Horticolas;produce;;congelados
18;945;2025-08-03;618,31;BomPreco;2025-02-11;Higiene Plus;cleaning products;;padaria
371;402;2025-06-23;2148,58;Nova Compra;2022-09-12;Frutaria Atlantica;produce;;talho
310;459;2025-06-19;653,07;Atlantico Market;2022-09-29;SnackHouse Distribuicao;snacks;;fruta e legumes
99;211;2033-05-30;994,49;SuperNorte;2025-09-02;Lacteos do Vale;dairy;;higiene
467;536;2025-10-06;1523,49;Nova Compra;2023-05-01;Padaria Industrial;bakery supplies;71,0;fruta e legumes
371;203;2023-07-19;2747,4;Nova Compra;2022-09-12;Bebidas Lusas;beverages;;fruta e legumes
108;611;2023-09-27;3764,69;BomPreco;2021-06-26;Lacteos do Vale;dairy;;fruta e legumes
103;971;2025-10-03;808,16;FreshMart Gaia;2022-12-24;Lacteos do Vale;dairy;;talho
430;338;2026-07-08;6246,2;Atlantico Market;2025-03-04;Peixe Fresco Iberico;seafood;53,0;fruta e legumes
430;338;2026-01-14;3760,79;Atlantico Market;2025-03-04;Peixe Fresco Iberico;seafood;183,0;mercearia
406;39;2024-10-14;1423,25;Atlantico Market;2022-12-02;SnackHouse Distribuicao;snacks;93,0;mercearia
441;693;2026-02-08;7000,0;SuperNorte;2021-08-16;Bebidas Lusas;beverages;179,0;fruta e legumes
195;847;2023-07-30;10000,0;SuperNorte;2022-02-10;Carnes Selectas;meat;162,0;laticinios
482;270;2026-02-26;2330,32;Mercado Central;2023-10-18;Casa Verde Horticolas;produce;156,0;mercearia
161;363;2021-11-25;1829,75;Nova Compra;2021-02-26;Bebidas Lusas;beverages;;laticinios
189;695;2031-11-04;798,87;SuperNorte;2024-04-27;Higiene Plus;cleaning products;;talho
401;540;2026-03-10;1988,16;Nova Compra;2025-07-23;Casa Verde Horticolas;produce;;congelados
153;203;2024-07-08;2609,34;SuperNorte;2024-02-05;Bebidas Lusas;beverages;;peixaria
220;579;2029-01-28;2218,57;Atlantico Market;2024-11-09;SnackHouse Distribuicao;snacks;;congelados
126;456;2030-02-12;1800,0;BomPreco;2022-12-13;Padaria Industrial;bakery supplies;;mercearia
89;492;2021-11-13;1188,85;Nova Compra;2021-05-28;Frutaria Atlantica;produce;;talho
330;134;2025-06-22;2874,38;BomPreco;2025-02-18;Congelados Norte;frozen goods;;laticinios
337;761;2029-01-01;1263,99;FreshMart Gaia;2025-05-15;Lacteos do Vale;dairy;117,0;laticinios
441;589;2023-09-15;1471,61;SuperNorte;2021-08-16;SnackHouse Distribuicao;snacks;179,0;fruta e legumes
387;448;2025-12-29;6654,57;SuperNorte;2022-10-15;Peixe Fresco Iberico;seafood;66,0;mercearia
269;389;2026-01-25;1666,1;Nova Compra;2023-10-19;SnackHouse Distribuicao;snacks;;laticinios
428;307;2025-01-30;8087,8;Mercado Central;2023-08-26;Carnes Selectas;meat;;congelados
226;165;2023-08-15;1640,98;Atlantico Market;2022-06-05;Higiene Plus;cleaning products;;fruta e legumes
410;556;2026-01-22;973,92;Mercado Central;2025-10-07;Padaria Industrial;bakery supplies;;talho
315;222;2026-03-11;1884,38;SuperNorte;2025-10-02;Frutaria Atlantica;produce;;padaria
359;546;2025-12-02;1039,23;Nova Compra;2021-05-09;Padaria Industrial;bakery supplies;;bebidas
442;935;2026-01-17;1339,69;Atlantico Market;2024-05-24;Higiene Plus;cleaning products;143,0;fruta e legumes
242;220;2025-06-24;1364,09;Mercado Central;2022-10-19;Casa Verde Horticolas;produce;;talho
222;899;2021-12-22;960,21;BomPreco;2021-07-06;SnackHouse Distribuicao;snacks;;padaria
333;882;2021-08-22;1972,32;SuperNorte;2021-06-28;Frutaria Atlantica;produce;;laticinios
253;448;2033-04-30;5191,99;FreshMart Gaia;2023-05-05;Peixe Fresco Iberico;seafood;89,0;fruta e legumes
93;527;2025-10-20;6839,37;SuperNorte;2023-02-02;Carnes Selectas;meat;102,0;mercearia
150;877;2033-12-14;5577,78;BomPreco;2025-02-06;Carnes Selectas;meat;;talho
101;57;2024-10-11;5436,36;Nova Compra;2023-02-01;Carnes Selectas;meat;;mercearia
478;386;2029-08-02;1557,39;Atlantico Market;2025-11-21;Padaria Industrial;bakery supplies;;fruta e legumes
499;160;2024-04-01;983,25;FreshMart Gaia;2023-08-29;Casa Verde Horticolas;produce;;laticinios
483;177;2034-06-20;10000,0;SuperNorte;2025-01-22;Carnes Selectas;meat;;talho
319;522;2026-03-25;692,08;FreshMart Gaia;2025-11-02;Frutaria Atlantica;produce;;bebidas
171;574;2032-11-17;8000,0;SuperNorte;2025-12-02;Congelados Norte;frozen goods;13,0;padaria
342;989;2023-12-16;1806,07;BomPreco;2021-05-14;SnackHouse Distribuicao;snacks;196,0;higiene
24;765;2031-12-29;1086,14;BomPreco;2023-04-04;Higiene Plus;cleaning products;;bebidas
192;718;2032-06-25;3352,03;BomPreco;2023-05-20;Peixe Fresco Iberico;seafood;80,0;fruta e legumes
341;114;2030-07-28;3283,29;Nova Compra;2022-09-13;Congelados Norte;frozen goods;;peixaria
103;923;2025-07-16;3483,72;FreshMart Gaia;2022-12-24;Bebidas Lusas;beverages;;padaria
147;177;2025-07-11;5895,04;SuperNorte;2022-01-01;Carnes Selectas;meat;;talho
67;134;2025-04-20;8000,0;FreshMart Gaia;2023-11-18;Congelados Norte;frozen goods;;congelados
313;796;2030-07-27;1033,59;FreshMart Gaia;2023-03-30;Padaria Industrial;bakery supplies;109,0;talho
279;959;2023-07-21;1905,26;SuperNorte;2022-10-07;SnackHouse Distribuicao;snacks;;peixaria
77;954;2025-11-18;5033,76;Nova Compra;2023-01-26;Congelados Norte;frozen goods;;bebidas
90;353;2027-03-19;3236,08;BomPreco;2023-09-21;Bebidas Lusas;beverages;9,0;laticinios
381;763;2024-12-26;3439,28;SuperNorte;2021-05-16;Bebidas Lusas;beverages;;padaria
221;169;2024-06-01;1572,47;Nova Compra;2022-05-20;SnackHouse Distribuicao;snacks;;bebidas
184;257;2034-11-14;7158,52;Atlantico Market;2024-11-20;Carnes Selectas;meat;118,0;talho
123;332;2032-06-21;1226,75;SuperNorte;2023-03-06;Frutaria Atlantica;produce;185,0;congelados
269;925;2032-12-09;1094,71;Nova Compra;2023-10-19;Higiene Plus;cleaning products;;laticinios
253;556;2024-10-17;1173,92;FreshMart Gaia;2023-05-05;Padaria Industrial;bakery supplies;89,0;fruta e legumes
238;276;2032-12-17;616,06;Atlantico Market;2023-01-21;Padaria Industrial;bakery supplies;;talho
379;485;2026-02-08;1447,15;FreshMart Gaia;2024-02-27;Higiene Plus;cleaning products;;talho
42;328;2024-10-31;5084,76;BomPreco;2022-11-03;Peixe Fresco Iberico;seafood;;laticinios
341;614;2029-01-24;5397,81;Nova Compra;2022-09-13;Congelados Norte;frozen goods;;higiene
394;531;2030-11-23;3989,59;Atlantico Market;2023-07-15;Lacteos do Vale;dairy;;laticinios
273;851;2023-07-01;1682,68;SuperNorte;2021-11-16;Lacteos do Vale;dairy;25,0;higiene
273;851;2026-05-04;3023,55;SuperNorte;2021-11-16;Lacteos do Vale;dairy;101,0;peixaria
342;478;2021-12-24;7114,06;BomPreco;2021-05-14;Peixe Fresco Iberico;seafood;196,0;higiene
64;286;2034-09-01;841,37;Atlantico Market;2025-08-22;Padaria Industrial;bakery supplies;;padaria
345;469;2033-01-07;1654,93;SuperNorte;2025-10-09;SnackHouse Distribuicao;snacks;;laticinios
279;254;2024-07-12;7711,37;SuperNorte;2022-10-07;Congelados Norte;frozen goods;;laticinios
73;572;2031-03-08;1712,35;FreshMart Gaia;2025-01-05;Frutaria Atlantica;produce;61,0;higiene
367;91;2025-03-24;3875,08;FreshMart Gaia;2022-02-26;Lacteos do Vale;dairy;;padaria
150;311;2028-06-29;2037,01;BomPreco;2025-02-06;Lacteos do Vale;dairy;;padaria
343;80;2023-06-25;979,8;FreshMart Gaia;2021-12-03;Casa Verde Horticolas;produce;146,0;peixaria
30;821;2026-06-05;2012,61;BomPreco;2025-01-06;Lacteos do Vale;dairy;29,0;peixaria
30;821;2026-12-13;1099,47;BomPreco;2025-01-06;Lacteos do Vale;dairy;199,0;talho
253;983;2023-10-16;3250,42;FreshMart Gaia;2023-05-05;Bebidas Lusas;beverages;89,0;fruta e legumes
187;287;2026-05-21;4600,41;FreshMart Gaia;2023-07-04;Carnes Selectas;meat;;congelados
129;993;2023-04-11;7000,0;SuperNorte;2021-08-18;Bebidas Lusas;beverages;;bebidas
343;595;2031-04-11;2500,0;FreshMart Gaia;2021-12-03;Higiene Plus;cleaning products;146,0;peixaria
111;108;2025-07-04;6754,65;SuperNorte;2021-08-21;Peixe Fresco Iberico;seafood;;mercearia
394;556;2025-12-11;1724,8;Atlantico Market;2023-07-15;Padaria Industrial;bakery supplies;;congelados
134;580;2028-07-05;1546,82;Mercado Central;2024-07-19;Casa Verde Horticolas;produce;;higiene
383;543;2025-08-01;1972,88;Nova Compra;2023-04-24;Bebidas Lusas;beverages;;laticinios
122;359;2022-11-30;2092,37;Mercado Central;2022-11-09;SnackHouse Distribuicao;snacks;30,0;mercearia
491;995;2032-02-16;1617,81;Nova Compra;2024-07-19;Higiene Plus;cleaning products;;higiene
26;923;2022-10-28;2459,28;Mercado Central;2022-05-29;Bebidas Lusas;beverages;;mercearia
176;77;2028-05-12;3612,55;Mercado Central;2023-03-01;Carnes Selectas;meat;;fruta e legumes
107;782;2028-03-01;2823,54;Nova Compra;2025-07-14;Frutaria Atlantica;produce;141,0;bebidas
107;782;2029-06-03;867,27;Nova Compra;2025-07-14;Frutaria Atlantica;produce;158,0;congelados
456;381;2027-09-20;2763,92;BomPreco;2025-06-07;Lacteos do Vale;dairy;;laticinios
138;151;2026-08-20;1866,29;BomPreco;2023-01-31;Lacteos do Vale;dairy;58,0;padaria
480;965;2025-06-29;1768,72;BomPreco;2022-01-15;Higiene Plus;cleaning products;;fruta e legumes
313;22;2028-05-18;2886,15;FreshMart Gaia;2023-03-30;Frutaria Atlantica;produce;109,0;talho
475;776;2025-08-22;674,73;FreshMart Gaia;2025-02-17;Padaria Industrial;bakery supplies;124,0;higiene
427;937;2033-08-02;3232,71;FreshMart Gaia;2023-12-18;Carnes Selectas;meat;;mercearia
47;699;2031-09-29;3000,0;Nova Compra;2025-02-04;SnackHouse Distribuicao;snacks;86,0;congelados
17;160;2022-03-22;1803,0;Nova Compra;2021-06-10;Casa Verde Horticolas;produce;;mercearia
204;900;2021-05-19;2144,0;BomPreco;2021-04-02;Casa Verde Horticolas;produce;;padaria
115;712;2025-02-07;2787,19;FreshMart Gaia;2025-01-26;Frutaria Atlantica;produce;;talho
274;513;2025-04-10;2433,12;Atlantico Market;2021-09-17;Bebidas Lusas;beverages;;bebidas
375;157;2031-03-24;8103,38;SuperNorte;2024-05-11;Carnes Selectas;meat;123,0;bebidas
210;938;2023-05-27;8670,02;BomPreco;2023-03-24;Peixe Fresco Iberico;seafood;;peixaria
484;116;2031-07-10;1800,0;Atlantico Market;2024-03-22;Padaria Industrial;bakery supplies;;padaria
351;81;2021-10-13;4000,0;SuperNorte;2021-03-14;Lacteos do Vale;dairy;;congelados
164;844;2023-02-11;4424,52;Mercado Central;2022-03-01;Congelados Norte;frozen goods;165,0;mercearia
164;844;2023-02-11;6034,48;Mercado Central;2022-03-01;Congelados Norte;frozen goods;181,0;talho
176;606;2026-04-14;1020,25;Mercado Central;2023-03-01;Padaria Industrial;bakery supplies;;talho
106;312;2032-12-03;1974,95;Atlantico Market;2024-07-22;Frutaria Atlantica;produce;;higiene
403;723;2021-09-28;2256,4;FreshMart Gaia;2021-04-09;Bebidas Lusas;beverages;;padaria
196;64;2030-06-19;3886,82;Atlantico Market;2025-12-17;Congelados Norte;frozen goods;4,0;padaria
196;64;2029-12-18;1917,4;Atlantico Market;2025-12-17;Congelados Norte;frozen goods;159,0;bebidas
207;307;2032-02-27;5076,05;SuperNorte;2022-08-16;Carnes Selectas;meat;;padaria
250;200;2029-03-20;3350,82;Atlantico Market;2025-01-13;Casa Verde Horticolas;produce;;fruta e legumes
106;813;2029-11-19;5321,87;Atlantico Market;2024-07-22;Bebidas Lusas;beverages;;peixaria
155;331;2023-01-09;2261,39;Nova Compra;2021-06-09;Lacteos do Vale;dairy;121,0;padaria
44;230;2025-01-25;1689,22;Mercado Central;2024-10-03;Casa Verde Horticolas;produce;56,0;peixaria
46;857;2030-12-09;4234,46;Atlantico Market;2023-02-06;Carnes Selectas;meat;;talho
284;436;2026-02-11;661,44;Mercado Central;2023-04-30;Padaria Industrial;bakery supplies;153,0;laticinios
66;189;2023-03-20;2384,95;BomPreco;2022-09-19;SnackHouse Distribuicao;snacks;;mercearia
123;601;2025-08-15;1077,56;SuperNorte;2023-03-06;Lacteos do Vale;dairy;185,0;congelados
356;338;2027-08-10;3224,24;Mercado Central;2022-08-06;Peixe Fresco Iberico;seafood;;bebidas
366;282;2025-12-16;2779,15;BomPreco;2021-10-13;Frutaria Atlantica;produce;;mercearia
154;421;2030-05-19;2360,8;Atlantico Market;2025-10-16;Lacteos do Vale;dairy;184,0;padaria
431;272;2025-04-17;1887,7;Nova Compra;2024-03-23;Frutaria Atlantica;produce;194,0;congelados
424;177;2032-04-20;5927,34;Atlantico Market;2025-08-18;Carnes Selectas;meat;;laticinios
426;294;2030-03-26;8000,0;BomPreco;2025-03-14;Congelados Norte;frozen goods;11,0;peixaria
123;636;2028-06-02;1025,54;SuperNorte;2023-03-06;Padaria Industrial;bakery supplies;185,0;congelados
95;820;2024-04-19;2111,01;Nova Compra;2021-11-19;Casa Verde Horticolas;produce;;mercearia
240;577;2024-03-18;10000,0;BomPreco;2023-03-19;Carnes Selectas;meat;106,0;higiene
152;372;2025-04-08;1797,81;Mercado Central;2023-11-30;Frutaria Atlantica;produce;;talho
7;685;2032-01-09;2500,0;FreshMart Gaia;2023-07-14;Higiene Plus;cleaning products;;laticinios
366;848;2023-03-02;2518,46;BomPreco;2021-10-13;Peixe Fresco Iberico;seafood;;padaria
401;664;2026-06-28;2549,17;Nova Compra;2025-07-23;Congelados Norte;frozen goods;;bebidas
190;14;2026-04-30;3183,65;Atlantico Market;2025-05-26;Congelados Norte;frozen goods;;peixaria
340;820;2023-12-17;2406,04;Atlantico Market;2022-05-12;Casa Verde Horticolas;produce;68,0;congelados
340;820;2023-12-17;3500,0;Atlantico Market;2022-05-12;Casa Verde Horticolas;produce;151,0;higiene
161;655;2024-10-04;1053,99;Nova Compra;2021-02-26;Higiene Plus;cleaning products;;mercearia
260;356;2034-04-17;1553,04;Mercado Central;2025-07-07;Padaria Industrial;bakery supplies;;mercearia
57;569;2032-08-03;3000,0;SuperNorte;2024-02-07;SnackHouse Distribuicao;snacks;;congelados
355;946;2029-09-28;1800,0;FreshMart Gaia;2025-09-12;Padaria Industrial;bakery supplies;60,0;bebidas
461;831;2033-01-09;1792,7;Nova Compra;2025-03-18;Lacteos do Vale;dairy;;bebidas
404;671;2032-03-19;3178,22;Mercado Central;2024-09-04;Lacteos do Vale;dairy;;congelados
398;636;2033-08-01;1165,01;Mercado Central;2026-02-14;Padaria Industrial;bakery supplies;;higiene
216;903;2025-09-30;2787,1;BomPreco;2025-09-23;Bebidas Lusas;beverages;;fruta e legumes
480;159;2022-06-10;1999,82;BomPreco;2022-01-15;SnackHouse Distribuicao;snacks;;bebidas
35;65;2025-03-16;1110,98;Nova Compra;2021-05-08;Higiene Plus;cleaning products;;laticinios
415;347;2033-03-24;5710,79;FreshMart Gaia;2024-03-20;Carnes Selectas;meat;;fruta e legumes
30;844;2026-01-05;2312,52;BomPreco;2025-01-06;Congelados Norte;frozen goods;29,0;peixaria
30;844;2026-01-05;1945,07;BomPreco;2025-01-06;Congelados Norte;frozen goods;199,0;talho
224;132;2025-01-17;1626,2;Mercado Central;2024-04-11;Frutaria Atlantica;produce;98,0;fruta e legumes
119;4;2025-08-26;4961,85;Nova Compra;2024-10-31;Congelados Norte;frozen goods;;padaria
430;498;2034-04-01;3912,84;Atlantico Market;2025-03-04;Peixe Fresco Iberico;seafood;53,0;fruta e legumes
430;498;2029-05-08;8236,99;Atlantico Market;2025-03-04;Peixe Fresco Iberico;seafood;183,0;mercearia
145;97;2032-08-29;5504,89;FreshMart Gaia;2023-11-02;Carnes Selectas;meat;131,0;congelados
145;97;2026-02-25;7235,59;FreshMart Gaia;2023-11-02;Carnes Selectas;meat;177,0;bebidas
223;808;2032-01-24;9947,68;FreshMart Gaia;2022-09-06;Peixe Fresco Iberico;seafood;;laticinios
450;983;2021-10-23;6864,51;BomPreco;2021-02-18;Bebidas Lusas;beverages;;padaria
321;258;2028-09-14;8527,32;SuperNorte;2022-07-21;Peixe Fresco Iberico;seafood;77,0;congelados
342;872;2025-08-09;1619,82;BomPreco;2021-05-14;Frutaria Atlantica;produce;196,0;higiene
434;648;2025-09-16;7076,58;Mercado Central;2025-07-06;Peixe Fresco Iberico;seafood;95,0;congelados
216;646;2029-04-26;1800,0;BomPreco;2025-09-23;Padaria Industrial;bakery supplies;;fruta e legumes
500;801;2025-10-04;3349,89;Mercado Central;2022-04-18;Lacteos do Vale;dairy;;padaria
196;405;2033-06-26;1419,98;Atlantico Market;2025-12-17;Higiene Plus;cleaning products;4,0;padaria
196;405;2026-04-01;1284,94;Atlantico Market;2025-12-17;Higiene Plus;cleaning products;159,0;bebidas
359;521;2022-06-08;1642,57;Nova Compra;2021-05-09;Lacteos do Vale;dairy;;talho
228;981;2032-01-01;1260,15;BomPreco;2025-05-03;Lacteos do Vale;dairy;44,0;fruta e legumes
124;729;2031-05-21;3000,0;Atlantico Market;2022-03-28;SnackHouse Distribuicao;snacks;;mercearia
369;756;2025-02-28;1240,26;SuperNorte;2024-02-08;Padaria Industrial;bakery supplies;;laticinios
444;32;2030-05-15;1045,19;BomPreco;2025-11-27;Frutaria Atlantica;produce;164,0;peixaria
398;702;2031-08-30;1748,54;Mercado Central;2026-02-14;Frutaria Atlantica;produce;;mercearia
475;685;2033-06-08;2435,55;FreshMart Gaia;2025-02-17;Higiene Plus;cleaning products;124,0;higiene
95;618;2023-07-17;5315,78;Nova Compra;2021-11-19;Peixe Fresco Iberico;seafood;;padaria
400;590;2022-12-21;1282,31;Atlantico Market;2021-10-07;Casa Verde Horticolas;produce;;mercearia
6;288;2032-08-27;7631,99;BomPreco;2026-02-05;Peixe Fresco Iberico;seafood;;padaria
180;367;2026-12-01;7261,36;BomPreco;2023-10-07;Carnes Selectas;meat;;congelados
127;537;2023-05-16;4418,68;FreshMart Gaia;2022-10-25;Carnes Selectas;meat;;higiene
263;269;2022-10-14;1259,84;Nova Compra;2022-05-13;SnackHouse Distribuicao;snacks;47,0;peixaria
44;102;2032-08-03;2276,07;Mercado Central;2024-10-03;Frutaria Atlantica;produce;56,0;peixaria
244;520;2024-02-25;1115,17;Atlantico Market;2023-01-21;Casa Verde Horticolas;produce;133,0;higiene
244;520;2024-02-25;1452,08;Atlantico Market;2023-01-21;Casa Verde Horticolas;produce;168,0;bebidas
319;317;2026-03-16;5115,31;FreshMart Gaia;2025-11-02;Carnes Selectas;meat;;mercearia
134;192;2032-01-03;2579,9;Mercado Central;2024-07-19;Frutaria Atlantica;produce;;congelados
125;823;2032-01-05;3093,5;Nova Compra;2024-01-05;Bebidas Lusas;beverages;;padaria
45;219;2026-01-23;2126,03;SuperNorte;2021-03-03;SnackHouse Distribuicao;snacks;145,0;talho
135;214;2023-10-16;7266,91;SuperNorte;2022-07-27;Congelados Norte;frozen goods;;laticinios
473;145;2027-10-30;1094,78;Nova Compra;2021-08-09;Higiene Plus;cleaning products;69,0;bebidas
227;201;2024-02-26;4000,0;Nova Compra;2022-03-15;Lacteos do Vale;dairy;;bebidas
90;615;2023-12-01;2500,0;BomPreco;2023-09-21;Higiene Plus;cleaning products;9,0;laticinios
135;579;2027-06-27;1865,22;SuperNorte;2022-07-27;SnackHouse Distribuicao;snacks;;bebidas
48;956;2025-12-27;921,45;BomPreco;2022-10-06;Padaria Industrial;bakery supplies;;fruta e legumes
348;543;2032-06-20;2920,81;BomPreco;2024-01-26;Bebidas Lusas;beverages;;higiene
383;517;2030-12-14;10000,0;Nova Compra;2023-04-24;Carnes Selectas;meat;;laticinios
482;38;2026-05-12;7145,82;Mercado Central;2023-10-18;Peixe Fresco Iberico;seafood;156,0;mercearia
400;114;2023-04-09;2250,49;Atlantico Market;2021-10-07;Congelados Norte;frozen goods;;higiene
390;682;2025-06-29;856,18;BomPreco;2021-05-05;Frutaria Atlantica;produce;;higiene
409;856;2025-08-18;1051,9;FreshMart Gaia;2025-03-31;Padaria Industrial;bakery supplies;;mercearia
407;262;2032-10-12;1965,38;Nova Compra;2024-05-16;Frutaria Atlantica;produce;;fruta e legumes
209;867;2024-10-23;3574,27;Nova Compra;2022-12-23;Carnes Selectas;meat;125,0;fruta e legumes
235;614;2023-11-27;2175,2;FreshMart Gaia;2022-03-04;Congelados Norte;frozen goods;;higiene
154;835;2031-02-21;568,4;Atlantico Market;2025-10-16;Higiene Plus;cleaning products;184,0;padaria
388;551;2032-06-07;1527,71;Atlantico Market;2022-12-28;Lacteos do Vale;dairy;;peixaria
177;979;2029-02-25;1401,49;SuperNorte;2023-05-04;SnackHouse Distribuicao;snacks;;congelados
192;696;2027-09-12;1365,19;BomPreco;2023-05-20;Padaria Industrial;bakery supplies;80,0;fruta e legumes
123;298;2032-02-10;6129,74;SuperNorte;2023-03-06;Peixe Fresco Iberico;seafood;185,0;congelados
35;114;2023-06-11;6940,75;Nova Compra;2021-05-08;Congelados Norte;frozen goods;;peixaria
83;623;2025-12-07;4923,59;Nova Compra;2025-01-15;Bebidas Lusas;beverages;157,0;padaria
83;623;2025-12-07;4724,25;Nova Compra;2025-01-15;Bebidas Lusas;beverages;182,0;peixaria
270;811;2026-07-13;3340,53;BomPreco;2022-05-19;Lacteos do Vale;dairy;190,0;talho
206;443;2026-02-10;2009,21;Mercado Central;2025-04-19;Bebidas Lusas;beverages;;mercearia
348;155;2025-09-09;1080,2;BomPreco;2024-01-26;Higiene Plus;cleaning products;;talho
155;590;2023-04-09;3500,0;Nova Compra;2021-06-09;Casa Verde Horticolas;produce;121,0;padaria
68;768;2024-03-16;2756,61;Mercado Central;2023-11-14;Peixe Fresco Iberico;seafood;;fruta e legumes
89;453;2022-04-21;3279,69;Nova Compra;2021-05-28;Bebidas Lusas;beverages;;higiene
292;799;2025-01-12;2044,27;Atlantico Market;2023-07-16;SnackHouse Distribuicao;snacks;17,0;fruta e legumes
300;217;2023-05-17;2320,49;BomPreco;2022-06-18;Carnes Selectas;meat;;peixaria
1;249;2032-03-28;1175,94;FreshMart Gaia;2023-11-13;SnackHouse Distribuicao;snacks;;mercearia
277;593;2028-05-11;7000,0;FreshMart Gaia;2026-02-03;Bebidas Lusas;beverages;;congelados
430;935;2032-01-08;1484,61;Atlantico Market;2025-03-04;Higiene Plus;cleaning products;53,0;fruta e legumes
430;935;2026-04-28;1061,78;Atlantico Market;2025-03-04;Higiene Plus;cleaning products;183,0;mercearia
464;952;2030-09-16;2033,78;Mercado Central;2022-08-25;Frutaria Atlantica;produce;;laticinios
461;979;2033-12-07;1273,05;Nova Compra;2025-03-18;SnackHouse Distribuicao;snacks;;peixaria
290;603;2023-11-13;7000,0;Mercado Central;2022-12-23;Bebidas Lusas;beverages;;talho
61;204;2024-10-11;2752,89;FreshMart Gaia;2021-12-07;Congelados Norte;frozen goods;;padaria
255;569;2029-08-01;1304,11;SuperNorte;2024-01-22;SnackHouse Distribuicao;snacks;129,0;mercearia
411;735;2032-12-30;702,54;SuperNorte;2023-06-02;Higiene Plus;cleaning products;;fruta e legumes
153;976;2025-06-30;875,51;SuperNorte;2024-02-05;Padaria Industrial;bakery supplies;;congelados
353;61;2021-12-03;1987,57;Nova Compra;2021-02-20;Lacteos do Vale;dairy;;higiene
233;984;2028-12-17;7364,37;Nova Compra;2023-12-13;Congelados Norte;frozen goods;;talho
23;926;2023-12-15;632,85;Nova Compra;2023-11-14;Padaria Industrial;bakery supplies;;higiene
324;178;2026-05-07;8080,35;BomPreco;2023-12-10;Peixe Fresco Iberico;seafood;;mercearia
394;892;2030-06-30;1923,63;Atlantico Market;2023-07-15;Frutaria Atlantica;produce;;padaria
210;771;2032-05-06;917,45;BomPreco;2023-03-24;Lacteos do Vale;dairy;;congelados
31;312;2029-04-25;1334,83;FreshMart Gaia;2023-08-26;Frutaria Atlantica;produce;;padaria
390;590;2021-10-26;1311,15;BomPreco;2021-05-05;Casa Verde Horticolas;produce;;bebidas
70;113;2025-06-22;7000,0;Atlantico Market;2021-12-25;Bebidas Lusas;beverages;;mercearia
238;408;2031-06-10;8309,33;Atlantico Market;2023-01-21;Peixe Fresco Iberico;seafood;;bebidas
84;548;2027-11-19;6937,24;BomPreco;2022-05-29;Peixe Fresco Iberico;seafood;;peixaria
159;681;2031-04-23;311,16;SuperNorte;2025-01-19;Lacteos do Vale;dairy;;talho
116;185;2024-06-06;582,59;Mercado Central;2022-10-19;Higiene Plus;cleaning products;;padaria
1;898;2025-03-02;9018,76;FreshMart Gaia;2023-11-13;Peixe Fresco Iberico;seafood;;mercearia
361;983;2024-05-28;5331,73;FreshMart Gaia;2023-03-12;Bebidas Lusas;beverages;;talho
267;70;2033-12-04;1324,68;SuperNorte;2025-12-26;Casa Verde Horticolas;produce;;peixaria
200;85;2030-04-02;1392,23;Mercado Central;2025-03-04;Higiene Plus;cleaning products;;mercearia
194;638;2025-12-29;6374,76;Mercado Central;2025-10-06;Peixe Fresco Iberico;seafood;;padaria
165;136;2029-12-30;1079,23;SuperNorte;2024-06-21;Padaria Industrial;bakery supplies;;mercearia
362;24;2023-04-12;3637,2;Mercado Central;2021-04-28;Congelados Norte;frozen goods;144,0;laticinios
169;44;2034-08-29;6206,09;FreshMart Gaia;2025-07-10;Congelados Norte;frozen goods;;higiene
43;958;2027-01-09;10692,6;FreshMart Gaia;2025-06-14;Peixe Fresco Iberico;seafood;;peixaria
443;665;2034-02-27;892,82;Nova Compra;2025-05-20;Higiene Plus;cleaning products;;peixaria
346;615;2024-11-08;803,31;Atlantico Market;2021-02-27;Higiene Plus;cleaning products;;mercearia
46;626;2026-02-05;698,9;Atlantico Market;2023-02-06;Padaria Industrial;bakery supplies;;peixaria
261;309;2025-11-01;1686,57;SuperNorte;2023-10-28;SnackHouse Distribuicao;snacks;;congelados
290;818;2026-03-21;7628,08;Mercado Central;2022-12-23;Peixe Fresco Iberico;seafood;;mercearia
127;315;2025-09-21;1960,61;FreshMart Gaia;2022-10-25;Higiene Plus;cleaning products;;congelados
338;216;2024-02-14;1548,27;Mercado Central;2023-02-16;Padaria Industrial;bakery supplies;;talho
272;386;2027-06-27;1177,16;Mercado Central;2025-06-25;Padaria Industrial;bakery supplies;122,0;congelados
134;268;2026-09-12;7207,47;Mercado Central;2024-07-19;Peixe Fresco Iberico;seafood;;mercearia
399;85;2025-12-04;2500,0;SuperNorte;2024-04-02;Higiene Plus;cleaning products;;congelados
122;400;2025-02-21;1854,17;Mercado Central;2022-11-09;Casa Verde Horticolas;produce;30,0;mercearia
346;291;2027-12-02;2803,84;Atlantico Market;2021-02-27;Lacteos do Vale;dairy;;congelados
410;808;2031-08-15;7507,61;Mercado Central;2025-10-07;Peixe Fresco Iberico;seafood;;padaria
164;897;2025-09-28;4995,14;Mercado Central;2022-03-01;Carnes Selectas;meat;165,0;mercearia
164;897;2025-09-28;5009,99;Mercado Central;2022-03-01;Carnes Selectas;meat;181,0;talho
458;590;2031-10-14;3353,71;Mercado Central;2024-04-06;Casa Verde Horticolas;produce;169,0;higiene
119;6;2032-10-04;960,21;Nova Compra;2024-10-31;Padaria Industrial;bakery supplies;;laticinios
26;866;2025-06-24;853,25;Mercado Central;2022-05-29;Padaria Industrial;bakery supplies;;fruta e legumes
97;994;2024-09-19;3086,2;FreshMart Gaia;2023-11-01;Congelados Norte;frozen goods;;laticinios
281;635;2028-08-23;1662,95;Nova Compra;2024-07-19;Higiene Plus;cleaning products;;mercearia
464;428;2022-12-27;5162,08;Mercado Central;2022-08-25;Peixe Fresco Iberico;seafood;;peixaria
43;358;2027-08-12;7546,69;FreshMart Gaia;2025-06-14;Peixe Fresco Iberico;seafood;;congelados
161;885;2025-12-30;1489,48;Nova Compra;2021-02-26;Higiene Plus;cleaning products;;talho
399;140;2025-04-21;1526,32;SuperNorte;2024-04-02;Casa Verde Horticolas;produce;;higiene
351;70;2023-05-23;987,25;SuperNorte;2021-03-14;Casa Verde Horticolas;produce;;laticinios
438;21;2023-04-05;1352,99;BomPreco;2022-04-17;Lacteos do Vale;dairy;116,0;fruta e legumes
346;455;2023-07-27;928,78;Atlantico Market;2021-02-27;Higiene Plus;cleaning products;;higiene
322;24;2026-10-18;2736,83;Atlantico Market;2026-01-04;Congelados Norte;frozen goods;34,0;higiene
143;217;2035-03-07;6627,78;Nova Compra;2025-12-20;Carnes Selectas;meat;128,0;peixaria
84;340;2028-08-30;3500,0;BomPreco;2022-05-29;Casa Verde Horticolas;produce;;peixaria
67;481;2025-01-14;1708,34;FreshMart Gaia;2023-11-18;Lacteos do Vale;dairy;;congelados
339;33;2029-12-13;3154,51;SuperNorte;2022-10-13;Bebidas Lusas;beverages;155,0;peixaria
139;622;2025-10-28;1422,08;FreshMart Gaia;2023-09-26;Frutaria Atlantica;produce;148,0;padaria
143;969;2028-09-24;2427,18;Nova Compra;2025-12-20;SnackHouse Distribuicao;snacks;128,0;peixaria
6;50;2027-07-09;2241,28;BomPreco;2026-02-05;Casa Verde Horticolas;produce;;peixaria
117;826;2034-07-24;992,55;SuperNorte;2025-08-17;Padaria Industrial;bakery supplies;;peixaria
172;925;2026-10-26;796,57;Atlantico Market;2025-06-28;Higiene Plus;cleaning products;;fruta e legumes
62;457;2029-07-11;3493,51;Mercado Central;2023-12-03;Carnes Selectas;meat;186,0;bebidas
18;709;2031-01-26;1785,43;BomPreco;2025-02-11;SnackHouse Distribuicao;snacks;;congelados
160;301;2025-07-15;2377,26;Atlantico Market;2024-12-25;Lacteos do Vale;dairy;;padaria
55;808;2032-11-09;6453,05;FreshMart Gaia;2025-06-03;Peixe Fresco Iberico;seafood;;fruta e legumes
25;564;2028-09-05;5799,85;FreshMart Gaia;2024-05-31;Congelados Norte;frozen goods;;congelados
123;694;2025-08-30;2480,49;SuperNorte;2023-03-06;Congelados Norte;frozen goods;185,0;congelados
50;928;2029-09-19;7451,52;Mercado Central;2025-02-27;Peixe Fresco Iberico;seafood;;higiene
374;361;2024-10-28;2403,83;Mercado Central;2023-02-24;Lacteos do Vale;dairy;;peixaria
313;148;2023-09-10;4223,78;FreshMart Gaia;2023-03-30;Peixe Fresco Iberico;seafood;109,0;talho
257;97;2022-10-27;4113,17;Nova Compra;2021-04-16;Carnes Selectas;meat;21,0;mercearia
257;97;2022-10-27;7376,56;Nova Compra;2021-04-16;Carnes Selectas;meat;91,0;talho
411;496;2024-12-23;599,08;SuperNorte;2023-06-02;Padaria Industrial;bakery supplies;;laticinios
251;602;2030-10-25;3500,0;Nova Compra;2023-03-21;Frutaria Atlantica;produce;;fruta e legumes
334;450;2028-07-30;2375,67;Atlantico Market;2024-10-12;Casa Verde Horticolas;produce;127,0;talho
213;14;2024-10-27;4190,47;SuperNorte;2022-08-14;Congelados Norte;frozen goods;19,0;talho
474;816;2025-04-05;892,73;BomPreco;2023-04-15;Padaria Industrial;bakery supplies;;padaria
150;79;2032-06-02;2352,47;BomPreco;2025-02-06;SnackHouse Distribuicao;snacks;;fruta e legumes
488;334;2031-03-27;3573,37;Mercado Central;2022-02-12;Congelados Norte;frozen goods;;talho
306;799;2027-07-22;1396,73;BomPreco;2025-04-13;SnackHouse Distribuicao;snacks;;fruta e legumes
378;866;2022-04-01;1800,0;BomPreco;2021-04-27;Padaria Industrial;bakery supplies;137,0;peixaria
499;906;2026-02-06;808,8;FreshMart Gaia;2023-08-29;Padaria Industrial;bakery supplies;;fruta e legumes
151;94;2025-01-07;4571,55;FreshMart Gaia;2024-04-02;Congelados Norte;frozen goods;;peixaria
458;784;2025-12-27;3054,21;Mercado Central;2024-04-06;Congelados Norte;frozen goods;169,0;higiene
462;815;2024-09-18;1545,0;BomPreco;2022-01-14;Higiene Plus;cleaning products;38,0;peixaria
218;257;2029-02-05;7012,37;Mercado Central;2025-07-13;Carnes Selectas;meat;;higiene
490;510;2023-10-31;3500,0;Atlantico Market;2023-10-13;Casa Verde Horticolas;produce;;peixaria
82;555;2025-03-10;901,81;Atlantico Market;2023-01-31;Higiene Plus;cleaning products;54,0;laticinios
33;484;2029-01-02;2241,33;SuperNorte;2024-06-15;Congelados Norte;frozen goods;;peixaria
208;391;2034-05-24;1906,77;Atlantico Market;2024-12-15;Lacteos do Vale;dairy;176,0;congelados
473;733;2025-04-29;2840,71;Nova Compra;2021-08-09;Bebidas Lusas;beverages;69,0;bebidas
355;310;2027-10-11;1837,18;FreshMart Gaia;2025-09-12;Casa Verde Horticolas;produce;60,0;bebidas
294;470;2023-02-14;2339,83;BomPreco;2022-04-03;Casa Verde Horticolas;produce;;talho
210;650;2025-10-11;3500,0;BomPreco;2023-03-24;Casa Verde Horticolas;produce;;higiene
93;812;2023-09-24;1509,86;SuperNorte;2023-02-02;Frutaria Atlantica;produce;102,0;mercearia
337;310;2026-06-30;684,21;FreshMart Gaia;2025-05-15;Casa Verde Horticolas;produce;117,0;laticinios
255;406;2032-05-03;898,45;SuperNorte;2024-01-22;Padaria Industrial;bakery supplies;129,0;mercearia
377;487;2024-07-29;6322,64;Nova Compra;2023-06-29;Carnes Selectas;meat;;peixaria
137;471;2022-07-01;1389,76;Nova Compra;2021-03-16;Lacteos do Vale;dairy;150,0;bebidas
429;766;2021-11-18;1110,89;SuperNorte;2021-08-21;Padaria Industrial;bakery supplies;;laticinios
164;508;2025-06-05;6914,83;Mercado Central;2022-03-01;Peixe Fresco Iberico;seafood;165,0;mercearia
164;508;2025-06-05;7306,29;Mercado Central;2022-03-01;Peixe Fresco Iberico;seafood;181,0;talho
117;142;2034-08-23;2641,32;SuperNorte;2025-08-17;Frutaria Atlantica;produce;;congelados
144;415;2024-06-30;1324,78;BomPreco;2022-09-23;Higiene Plus;cleaning products;;congelados
178;930;2030-02-14;2366,89;Atlantico Market;2023-12-25;Casa Verde Horticolas;produce;;talho
397;711;2026-08-01;956,89;FreshMart Gaia;2023-10-31;Lacteos do Vale;dairy;32,0;congelados
300;208;2024-09-10;4215,35;BomPreco;2022-06-18;Peixe Fresco Iberico;seafood;;padaria
391;368;2024-04-17;5573,99;FreshMart Gaia;2024-03-07;Peixe Fresco Iberico;seafood;;mercearia
356;136;2023-12-01;636,16;Mercado Central;2022-08-06;Padaria Industrial;bakery supplies;;padaria
447;868;2024-01-28;6519,32;SuperNorte;2023-10-11;Peixe Fresco Iberico;seafood;64,0;talho
102;652;2023-04-03;1584,87;BomPreco;2022-07-06;Frutaria Atlantica;produce;;padaria
181;335;2023-07-17;1120,35;FreshMart Gaia;2021-08-25;Higiene Plus;cleaning products;113,0;congelados
250;402;2034-01-18;2753,57;Atlantico Market;2025-01-13;Frutaria Atlantica;produce;;peixaria
487;872;2024-12-15;1921,11;FreshMart Gaia;2024-08-09;Frutaria Atlantica;produce;;higiene
112;672;2026-02-07;1136,0;Atlantico Market;2022-05-22;Frutaria Atlantica;produce;40,0;padaria
212;802;2025-10-20;1410,14;Mercado Central;2024-06-29;Frutaria Atlantica;produce;;bebidas
204;919;2025-12-13;2315,73;BomPreco;2021-04-02;SnackHouse Distribuicao;snacks;;padaria
369;632;2025-09-04;2023,96;SuperNorte;2024-02-08;Frutaria Atlantica;produce;;laticinios
271;805;2026-05-16;2355,2;FreshMart Gaia;2025-10-11;Higiene Plus;cleaning products;;congelados
223;126;2026-02-07;1463,68;FreshMart Gaia;2022-09-06;Padaria Industrial;bakery supplies;;peixaria
231;294;2025-07-14;3609,38;SuperNorte;2025-05-07;Congelados Norte;frozen goods;;talho
44;175;2025-04-13;2500,0;Mercado Central;2024-10-03;Higiene Plus;cleaning products;56,0;peixaria
423;116;2031-08-07;1800,0;SuperNorte;2022-05-09;Padaria Industrial;bakery supplies;14,0;congelados
423;116;2026-08-14;447,79;SuperNorte;2022-05-09;Padaria Industrial;bakery supplies;55,0;talho
81;983;2025-01-18;3804,02;SuperNorte;2024-04-22;Bebidas Lusas;beverages;130,0;padaria
56;89;2024-08-10;1288,33;Mercado Central;2023-09-26;SnackHouse Distribuicao;snacks;78,0;bebidas
56;89;2024-08-10;1467,5;Mercado Central;2023-09-26;SnackHouse Distribuicao;snacks;134,0;fruta e legumes
232;871;2030-09-25;1489,14;Atlantico Market;2021-05-12;Lacteos do Vale;dairy;;congelados
66;945;2026-01-29;900,16;BomPreco;2022-09-19;Higiene Plus;cleaning products;;higiene
33;661;2031-08-05;3225,2;SuperNorte;2024-06-15;Lacteos do Vale;dairy;;talho
380;918;2024-01-25;3842,7;Mercado Central;2022-09-25;Peixe Fresco Iberico;seafood;;padaria
263;517;2023-07-26;5631,68;Nova Compra;2022-05-13;Carnes Selectas;meat;47,0;peixaria
57;57;2033-08-14;2942,58;SuperNorte;2024-02-07;Carnes Selectas;meat;;laticinios
298;561;2033-01-15;3806,46;Atlantico Market;2023-03-05;Lacteos do Vale;dairy;;talho
469;348;2025-06-19;6588,45;FreshMart Gaia;2023-05-24;Peixe Fresco Iberico;seafood;126,0;laticinios
116;544;2030-08-09;6013,44;Mercado Central;2022-10-19;Congelados Norte;frozen goods;;laticinios
453;117;2031-08-30;5895,54;SuperNorte;2025-10-17;Carnes Selectas;meat;;higiene
453;654;2029-12-12;3836,86;SuperNorte;2025-10-17;Congelados Norte;frozen goods;;congelados
344;541;2024-07-11;2217,18;Mercado Central;2021-06-15;Lacteos do Vale;dairy;;laticinios
27;915;2024-02-05;2500,0;SuperNorte;2022-08-07;Higiene Plus;cleaning products;42,0;bebidas
185;476;2024-07-07;667,75;Nova Compra;2023-05-21;Padaria Industrial;bakery supplies;;congelados
87;414;2025-06-18;1365,35;SuperNorte;2022-03-07;Congelados Norte;frozen goods;;bebidas
96;716;2025-09-01;701,81;BomPreco;2023-11-03;Padaria Industrial;bakery supplies;;peixaria
172;111;2034-04-28;1247,8;Atlantico Market;2025-06-28;Lacteos do Vale;dairy;;talho
479;664;2028-05-22;6647,37;Nova Compra;2025-03-24;Congelados Norte;frozen goods;18,0;laticinios
279;905;2025-06-21;1270,46;SuperNorte;2022-10-07;Higiene Plus;cleaning products;;congelados
102;790;2026-06-06;2684,62;BomPreco;2022-07-06;Casa Verde Horticolas;produce;;padaria
69;340;2022-09-03;1876,74;SuperNorte;2021-06-05;Casa Verde Horticolas;produce;;laticinios
236;30;2033-05-28;1857,24;Mercado Central;2024-07-03;Casa Verde Horticolas;produce;;mercearia
284;663;2024-10-21;4037,12;Mercado Central;2023-04-30;Bebidas Lusas;beverages;153,0;laticinios
151;169;2033-11-08;3000,0;FreshMart Gaia;2024-04-02;SnackHouse Distribuicao;snacks;;padaria
152;498;2032-05-23;7069,15;Mercado Central;2023-11-30;Peixe Fresco Iberico;seafood;;bebidas
322;952;2026-01-20;3047,47;Atlantico Market;2026-01-04;Frutaria Atlantica;produce;34,0;higiene
329;232;2025-10-01;2960,95;Nova Compra;2023-01-15;Frutaria Atlantica;produce;198,0;laticinios
127;64;2025-05-06;3995,36;FreshMart Gaia;2022-10-25;Congelados Norte;frozen goods;;padaria
240;802;2026-01-17;1789,46;BomPreco;2023-03-19;Frutaria Atlantica;produce;106,0;higiene
234;643;2025-10-22;3163,71;BomPreco;2022-02-27;Bebidas Lusas;beverages;;peixaria
135;216;2031-09-07;1781,45;SuperNorte;2022-07-27;Padaria Industrial;bakery supplies;;peixaria
8;872;2028-01-23;1211,32;Mercado Central;2024-02-04;Frutaria Atlantica;produce;172,0;talho
402;752;2025-09-29;1336,21;BomPreco;2023-09-28;Frutaria Atlantica;produce;;fruta e legumes
172;271;2025-08-05;1898,68;Atlantico Market;2025-06-28;Lacteos do Vale;dairy;;mercearia
333;78;2023-04-15;3877,28;SuperNorte;2021-06-28;Peixe Fresco Iberico;seafood;;higiene
88;157;2025-08-29;4138,43;Atlantico Market;2021-03-26;Carnes Selectas;meat;62,0;fruta e legumes
98;403;2024-01-12;6252,53;Mercado Central;2022-12-11;Bebidas Lusas;beverages;;higiene
389;174;2033-01-01;5764,67;Nova Compra;2023-02-14;Congelados Norte;frozen goods;;higiene
357;908;2022-07-02;5378,82;SuperNorte;2021-05-17;Peixe Fresco Iberico;seafood;;fruta e legumes
497;732;2025-06-06;2655,04;Nova Compra;2024-09-10;Frutaria Atlantica;produce;105,0;bebidas
230;448;2026-05-27;12000,0;Mercado Central;2025-02-06;Peixe Fresco Iberico;seafood;;bebidas
20;79;2031-05-16;1899,66;Mercado Central;2025-07-10;SnackHouse Distribuicao;snacks;;talho
409;361;2029-11-04;4000,0;FreshMart Gaia;2025-03-31;Lacteos do Vale;dairy;;higiene
242;404;2030-02-10;6308,07;Mercado Central;2022-10-19;Congelados Norte;frozen goods;;bebidas
97;11;2031-07-05;1883,2;FreshMart Gaia;2023-11-01;Lacteos do Vale;dairy;;laticinios
264;98;2026-02-14;7103,49;BomPreco;2024-03-30;Peixe Fresco Iberico;seafood;;congelados
334;778;2025-09-30;8236,94;Atlantico Market;2024-10-12;Peixe Fresco Iberico;seafood;127,0;talho
3;768;2028-09-04;4648,6;SuperNorte;2022-12-19;Peixe Fresco Iberico;seafood;;congelados
124;762;2024-09-29;571,79;Atlantico Market;2022-03-28;Frutaria Atlantica;produce;;mercearia
344;174;2022-01-01;2954,36;Mercado Central;2021-06-15;Congelados Norte;frozen goods;;laticinios
348;276;2028-05-12;378,64;BomPreco;2024-01-26;Padaria Industrial;bakery supplies;;talho
274;554;2023-01-15;3066,27;Atlantico Market;2021-09-17;Congelados Norte;frozen goods;;peixaria
349;510;2031-08-24;857,99;FreshMart Gaia;2023-10-31;Casa Verde Horticolas;produce;;laticinios
382;114;2027-06-25;6389,55;Atlantico Market;2023-09-03;Congelados Norte;frozen goods;;padaria
395;512;2033-03-11;1086,56;Nova Compra;2023-10-24;Frutaria Atlantica;produce;;peixaria
364;80;2023-08-10;2363,24;Atlantico Market;2021-12-06;Casa Verde Horticolas;produce;;bebidas
111;832;2026-09-07;2612,11;SuperNorte;2021-08-21;Frutaria Atlantica;produce;;talho
24;231;2025-07-30;2948,06;BomPreco;2023-04-04;Lacteos do Vale;dairy;;mercearia
224;839;2025-10-27;711,79;Mercado Central;2024-04-11;SnackHouse Distribuicao;snacks;98,0;fruta e legumes
303;624;2026-11-19;7126,39;SuperNorte;2025-02-15;Congelados Norte;frozen goods;;higiene
288;986;2031-11-04;1208,22;BomPreco;2025-10-31;Padaria Industrial;bakery supplies;;laticinios
348;93;2025-06-12;5385,31;BomPreco;2024-01-26;Bebidas Lusas;beverages;;mercearia
44;693;2031-09-07;7000,0;Mercado Central;2024-10-03;Bebidas Lusas;beverages;56,0;peixaria
313;905;2023-09-16;1965,81;FreshMart Gaia;2023-03-30;Higiene Plus;cleaning products;109,0;talho
193;464;2028-11-30;2525,46;FreshMart Gaia;2022-02-11;Congelados Norte;frozen goods;;talho
442;595;2026-02-04;1844,91;Atlantico Market;2024-05-24;Higiene Plus;cleaning products;143,0;fruta e legumes
210;710;2032-01-30;940,41;BomPreco;2023-03-24;Casa Verde Horticolas;produce;;congelados
133;836;2033-06-12;972,06;FreshMart Gaia;2023-08-18;Padaria Industrial;bakery supplies;26,0;fruta e legumes
175;942;2025-12-14;1475,11;FreshMart Gaia;2024-01-18;Frutaria Atlantica;produce;;talho
21;318;2025-05-08;6529,76;SuperNorte;2024-04-14;Peixe Fresco Iberico;seafood;;bebidas
444;845;2032-12-09;697,09;BomPreco;2025-11-27;Higiene Plus;cleaning products;164,0;peixaria
479;366;2032-06-03;533,94;Nova Compra;2025-03-24;Padaria Industrial;bakery supplies;18,0;laticinios
449;525;2025-08-20;1123,27;Nova Compra;2024-02-23;Higiene Plus;cleaning products;;mercearia
499;425;2025-05-28;1243,98;FreshMart Gaia;2023-08-29;Higiene Plus;cleaning products;;higiene
265;487;2024-12-08;4458,41;FreshMart Gaia;2022-10-08;Carnes Selectas;meat;72,0;laticinios
265;487;2024-12-08;10000,0;FreshMart Gaia;2022-10-08;Carnes Selectas;meat;114,0;bebidas
490;798;2030-12-10;7865,15;Atlantico Market;2023-10-13;Peixe Fresco Iberico;seafood;;congelados
277;100;2028-12-13;2211,06;FreshMart Gaia;2026-02-03;Casa Verde Horticolas;produce;;mercearia
201;406;2033-06-27;841,95;SuperNorte;2024-04-10;Padaria Industrial;bakery supplies;;congelados
458;682;2024-04-16;988,92;Mercado Central;2024-04-06;Frutaria Atlantica;produce;169,0;higiene
496;685;2025-07-06;1372,45;Atlantico Market;2025-03-17;Higiene Plus;cleaning products;;laticinios
83;668;2025-09-20;12000,0;Nova Compra;2025-01-15;Peixe Fresco Iberico;seafood;157,0;padaria
83;668;2025-09-20;7190,59;Nova Compra;2025-01-15;Peixe Fresco Iberico;seafood;182,0;peixaria
279;743;2026-12-07;6188,5;SuperNorte;2022-10-07;Bebidas Lusas;beverages;;fruta e legumes
192;528;2023-11-19;11353,52;BomPreco;2023-05-20;Peixe Fresco Iberico;seafood;80,0;fruta e legumes
314;382;2027-07-24;2379,71;Mercado Central;2024-07-14;Frutaria Atlantica;produce;;peixaria
466;260;2024-12-25;2042,77;Atlantico Market;2022-02-26;Casa Verde Horticolas;produce;99,0;laticinios
63;339;2031-06-03;1057,91;SuperNorte;2023-01-21;SnackHouse Distribuicao;snacks;50,0;congelados
63;339;2027-11-18;1502,27;SuperNorte;2023-01-21;SnackHouse Distribuicao;snacks;132,0;bebidas
211;609;2033-09-05;1402,66;FreshMart Gaia;2024-02-14;SnackHouse Distribuicao;snacks;103,0;padaria
35;389;2023-05-24;1914,15;Nova Compra;2021-05-08;SnackHouse Distribuicao;snacks;;laticinios
352;773;2022-11-11;1984,62;Atlantico Market;2022-04-17;Bebidas Lusas;beverages;;congelados
453;260;2031-02-15;1452,67;SuperNorte;2025-10-17;Casa Verde Horticolas;produce;;mercearia
491;905;2025-09-09;1649,15;Nova Compra;2024-07-19;Higiene Plus;cleaning products;;congelados
451;675;2022-05-09;1002,51;FreshMart Gaia;2022-01-11;Higiene Plus;cleaning products;63,0;laticinios
255;709;2032-12-21;1092,81;SuperNorte;2024-01-22;SnackHouse Distribuicao;snacks;129,0;mercearia
427;756;2030-09-06;700,38;FreshMart Gaia;2023-12-18;Padaria Industrial;bakery supplies;;laticinios
226;734;2028-09-12;3803,92;Atlantico Market;2022-06-05;Congelados Norte;frozen goods;;peixaria
45;346;2024-06-08;342,56;SuperNorte;2021-03-03;Padaria Industrial;bakery supplies;145,0;talho
106;857;2025-04-16;3859,85;Atlantico Market;2024-07-22;Carnes Selectas;meat;;higiene
198;269;2026-01-09;2533,28;BomPreco;2025-11-21;SnackHouse Distribuicao;snacks;;congelados
147;981;2031-08-09;2487,34;SuperNorte;2022-01-01;Lacteos do Vale;dairy;;congelados
386;47;2034-06-07;6523,53;Mercado Central;2024-08-11;Carnes Selectas;meat;;padaria
73;993;2032-04-03;1647,56;FreshMart Gaia;2025-01-05;Bebidas Lusas;beverages;61,0;higiene
379;516;2024-06-12;829,95;FreshMart Gaia;2024-02-27;Padaria Industrial;bakery supplies;;talho
457;612;2022-07-22;1756,0;FreshMart Gaia;2022-06-06;Frutaria Atlantica;produce;107,0;fruta e legumes
189;666;2031-05-04;1232,4;SuperNorte;2024-04-27;Padaria Industrial;bakery supplies;;peixaria
455;635;2031-07-29;2266,73;Nova Compra;2024-05-14;Higiene Plus;cleaning products;;talho
88;41;2024-03-10;3303,87;Atlantico Market;2021-03-26;Lacteos do Vale;dairy;62,0;fruta e legumes
276;657;2025-11-03;4149,47;BomPreco;2021-06-07;Carnes Selectas;meat;;peixaria
54;258;2024-10-02;5046,45;BomPreco;2021-08-12;Peixe Fresco Iberico;seafood;;padaria
22;780;2029-10-29;3492,41;Atlantico Market;2026-02-12;Casa Verde Horticolas;produce;;bebidas
358;776;2024-08-14;850,41;Atlantico Market;2024-06-13;Padaria Industrial;bakery supplies;;talho
411;990;2026-08-25;1136,57;SuperNorte;2023-06-02;Casa Verde Horticolas;produce;;peixaria
71;635;2034-01-21;1252,63;Nova Compra;2024-03-23;Higiene Plus;cleaning products;136,0;talho
259;803;2029-12-13;6882,4;FreshMart Gaia;2025-05-28;Bebidas Lusas;beverages;39,0;mercearia
259;803;2033-04-09;2495,69;FreshMart Gaia;2025-05-28;Bebidas Lusas;beverages;96,0;bebidas
379;107;2030-10-20;4452,22;FreshMart Gaia;2024-02-27;Carnes Selectas;meat;;bebidas
85;645;2033-10-15;932,28;FreshMart Gaia;2025-09-24;Higiene Plus;cleaning products;;fruta e legumes
328;194;2024-08-12;6612,7;Atlantico Market;2024-05-28;Congelados Norte;frozen goods;;bebidas
349;17;2032-07-17;6146,81;FreshMart Gaia;2023-10-31;Carnes Selectas;meat;;higiene
258;782;2032-09-10;2806,2;BomPreco;2025-02-11;Frutaria Atlantica;produce;73,0;talho
258;782;2027-02-14;3500,0;BomPreco;2025-02-11;Frutaria Atlantica;produce;100,0;talho
210;127;2025-08-18;2734,51;BomPreco;2023-03-24;Carnes Selectas;meat;;padaria
301;111;2024-05-25;1527,83;FreshMart Gaia;2021-11-05;Lacteos do Vale;dairy;20,0;peixaria
301;111;2024-05-25;1768,94;FreshMart Gaia;2021-11-05;Lacteos do Vale;dairy;147,0;mercearia
33;85;2031-08-22;1418,26;SuperNorte;2024-06-15;Higiene Plus;cleaning products;;talho
16;702;2030-11-09;2322,95;Atlantico Market;2024-01-08;Frutaria Atlantica;produce;5,0;congelados
6;979;2032-07-02;1322,63;BomPreco;2026-02-05;SnackHouse Distribuicao;snacks;;peixaria
62;46;2025-05-08;732,44;Mercado Central;2023-12-03;Padaria Industrial;bakery supplies;186,0;bebidas
20;409;2027-08-11;2537,74;Mercado Central;2025-07-10;SnackHouse Distribuicao;snacks;;talho
431;634;2033-03-23;5497,86;Nova Compra;2024-03-23;Congelados Norte;frozen goods;194,0;congelados
385;709;2023-07-10;1902,03;FreshMart Gaia;2023-02-10;SnackHouse Distribuicao;snacks;;talho
443;101;2034-03-23;818,63;Nova Compra;2025-05-20;Lacteos do Vale;dairy;;talho
318;392;2022-01-09;3184,16;BomPreco;2021-03-16;Frutaria Atlantica;produce;88,0;higiene
211;921;2024-03-10;2335,57;FreshMart Gaia;2024-02-14;Lacteos do Vale;dairy;103,0;padaria
487;835;2025-03-27;1278,34;FreshMart Gaia;2024-08-09;Higiene Plus;cleaning products;;padaria
354;730;2033-10-12;1279,52;BomPreco;2025-11-02;Casa Verde Horticolas;produce;;mercearia
252;103;2027-05-22;2820,59;BomPreco;2022-11-20;Bebidas Lusas;beverages;;higiene
339;147;2023-09-25;3616,43;SuperNorte;2022-10-13;Carnes Selectas;meat;155,0;peixaria
204;348;2024-01-21;2645,59;BomPreco;2021-04-02;Peixe Fresco Iberico;seafood;;peixaria
83;656;2034-02-28;692,2;Nova Compra;2025-01-15;Padaria Industrial;bakery supplies;157,0;padaria
83;656;2027-08-23;486,96;Nova Compra;2025-01-15;Padaria Industrial;bakery supplies;182,0;peixaria
471;248;2028-01-10;6325,52;SuperNorte;2024-09-26;Peixe Fresco Iberico;seafood;119,0;peixaria
488;578;2031-12-14;3872,73;Mercado Central;2022-02-12;Peixe Fresco Iberico;seafood;;padaria
93;866;2024-07-07;1388,84;SuperNorte;2023-02-02;Padaria Industrial;bakery supplies;102,0;mercearia
153;893;2024-10-05;1773,25;SuperNorte;2024-02-05;Bebidas Lusas;beverages;;higiene
470;129;2023-11-24;2824,72;Mercado Central;2022-09-27;SnackHouse Distribuicao;snacks;84,0;mercearia
255;537;2025-08-29;7868,56;SuperNorte;2024-01-22;Carnes Selectas;meat;129,0;mercearia
123;882;2025-03-07;1144,97;SuperNorte;2023-03-06;Frutaria Atlantica;produce;185,0;congelados
493;497;2028-01-25;5175,72;FreshMart Gaia;2025-06-26;Carnes Selectas;meat;;peixaria
422;900;2026-02-10;1259,5;Mercado Central;2021-05-10;Casa Verde Horticolas;produce;;mercearia
484;7;2025-08-31;7006,01;Atlantico Market;2024-03-22;Carnes Selectas;meat;;talho
348;205;2028-10-01;2500,0;BomPreco;2024-01-26;Higiene Plus;cleaning products;;talho
433;200;2025-06-03;3147,68;FreshMart Gaia;2024-07-23;Casa Verde Horticolas;produce;28,0;talho
496;394;2025-11-19;3155,47;Atlantico Market;2025-03-17;Congelados Norte;frozen goods;;bebidas
69;533;2023-01-20;3948,52;SuperNorte;2021-06-05;Bebidas Lusas;beverages;;fruta e legumes
370;65;2025-10-06;2500,0;Atlantico Market;2023-01-22;Higiene Plus;cleaning products;7,0;higiene
314;339;2025-12-23;2089,02;Mercado Central;2024-07-14;SnackHouse Distribuicao;snacks;;mercearia
391;946;2030-04-04;1575,47;FreshMart Gaia;2024-03-07;Padaria Industrial;bakery supplies;;laticinios
142;96;2025-02-21;1340,51;Atlantico Market;2023-11-17;Padaria Industrial;bakery supplies;;padaria
207;284;2025-11-19;4450,12;SuperNorte;2022-08-16;Congelados Norte;frozen goods;;talho
448;335;2029-06-28;1332,68;Atlantico Market;2025-02-18;Higiene Plus;cleaning products;;higiene
156;376;2028-02-16;579,9;BomPreco;2026-01-04;Padaria Industrial;bakery supplies;48,0;mercearia
352;119;2027-01-06;1169,01;Atlantico Market;2022-04-17;SnackHouse Distribuicao;snacks;;fruta e legumes
346;921;2024-12-30;1432,84;Atlantico Market;2021-02-27;Lacteos do Vale;dairy;;talho
3;425;2022-12-29;1173,92;SuperNorte;2022-12-19;Higiene Plus;cleaning products;;talho
190;417;2031-09-21;5647,4;Atlantico Market;2025-05-26;Carnes Selectas;meat;;laticinios
274;884;2025-11-09;4096,14;Atlantico Market;2021-09-17;Congelados Norte;frozen goods;;padaria
462;664;2023-10-14;4738,66;BomPreco;2022-01-14;Congelados Norte;frozen goods;38,0;peixaria
392;490;2030-07-15;2494,51;Mercado Central;2023-08-21;Casa Verde Horticolas;produce;;peixaria
403;735;2023-02-25;1140,47;FreshMart Gaia;2021-04-09;Higiene Plus;cleaning products;;padaria
237;615;2030-01-09;1916,6;SuperNorte;2025-07-18;Higiene Plus;cleaning products;;fruta e legumes
82;838;2024-12-21;10847,96;Atlantico Market;2023-01-31;Peixe Fresco Iberico;seafood;54,0;laticinios
359;520;2022-04-16;2230,0;Nova Compra;2021-05-09;Casa Verde Horticolas;produce;;talho
20;200;2026-02-25;1447,95;Mercado Central;2025-07-10;Casa Verde Horticolas;produce;;laticinios
60;418;2022-08-12;9952,34;BomPreco;2021-08-03;Peixe Fresco Iberico;seafood;;bebidas
429;970;2021-11-23;2298,78;SuperNorte;2021-08-21;Casa Verde Horticolas;produce;;padaria
109;3;2030-05-12;4954,16;FreshMart Gaia;2021-02-19;Bebidas Lusas;beverages;;talho
259;1000;2025-06-29;3500,0;FreshMart Gaia;2025-05-28;Casa Verde Horticolas;produce;39,0;mercearia
259;1000;2026-06-14;2545,77;FreshMart Gaia;2025-05-28;Casa Verde Horticolas;produce;96,0;bebidas
317;159;2022-04-12;3000,0;Nova Compra;2022-01-06;SnackHouse Distribuicao;snacks;16,0;higiene
479;354;2028-07-02;4022,05;Nova Compra;2025-03-24;Congelados Norte;frozen goods;18,0;laticinios
474;281;2025-08-30;1770,61;BomPreco;2023-04-15;Lacteos do Vale;dairy;;padaria
214;83;2024-03-01;6288,82;Atlantico Market;2023-09-17;Bebidas Lusas;beverages;87,0;bebidas
107;563;2031-05-10;2406,49;Nova Compra;2025-07-14;Bebidas Lusas;beverages;141,0;bebidas
107;563;2028-11-20;7000,0;Nova Compra;2025-07-14;Bebidas Lusas;beverages;158,0;congelados
269;237;2027-02-09;9701,27;Nova Compra;2023-10-19;Carnes Selectas;meat;;fruta e legumes
24;888;2026-02-17;6761,39;BomPreco;2023-04-04;Peixe Fresco Iberico;seafood;;mercearia
68;341;2023-11-23;3691,53;Mercado Central;2023-11-14;Lacteos do Vale;dairy;;laticinios
20;780;2030-12-25;2492,37;Mercado Central;2025-07-10;Casa Verde Horticolas;produce;;bebidas
379;935;2029-03-06;769,46;FreshMart Gaia;2024-02-27;Higiene Plus;cleaning products;;talho
164;322;2030-01-30;1281,27;Mercado Central;2022-03-01;Frutaria Atlantica;produce;165,0;mercearia
164;322;2030-09-17;2103,86;Mercado Central;2022-03-01;Frutaria Atlantica;produce;181,0;talho
21;439;2024-07-02;1772,82;SuperNorte;2024-04-14;SnackHouse Distribuicao;snacks;;fruta e legumes
483;909;2031-03-24;2972,59;SuperNorte;2025-01-22;SnackHouse Distribuicao;snacks;;padaria
319;230;2033-03-28;2119,35;FreshMart Gaia;2025-11-02;Casa Verde Horticolas;produce;;fruta e legumes
440;846;2021-12-15;565,0;Mercado Central;2021-09-09;Padaria Industrial;bakery supplies;;padaria
53;217;2023-02-15;4224,93;Nova Compra;2022-04-27;Carnes Selectas;meat;;fruta e legumes
158;650;2028-09-15;2584,58;Mercado Central;2025-02-09;Casa Verde Horticolas;produce;;higiene
231;820;2027-07-20;814,65;SuperNorte;2025-05-07;Casa Verde Horticolas;produce;;padaria
295;443;2024-11-27;1987,04;FreshMart Gaia;2024-02-12;Bebidas Lusas;beverages;;congelados
252;805;2026-12-04;1162,72;BomPreco;2022-11-20;Higiene Plus;cleaning products;;peixaria
428;712;2025-12-07;2807,26;Mercado Central;2023-08-26;Frutaria Atlantica;produce;;talho
437;233;2027-09-10;3401,51;Nova Compra;2023-11-18;Bebidas Lusas;beverages;;mercearia
261;353;2033-08-26;4614,37;SuperNorte;2023-10-28;Bebidas Lusas;beverages;;peixaria
205;171;2027-03-23;2154,66;FreshMart Gaia;2026-01-02;Lacteos do Vale;dairy;;laticinios
233;186;2033-08-23;938,58;Nova Compra;2023-12-13;Padaria Industrial;bakery supplies;;talho
118;395;2023-07-16;1024,55;Atlantico Market;2022-07-18;Higiene Plus;cleaning products;;higiene
11;76;2022-11-17;1459,25;Nova Compra;2022-01-12;Padaria Industrial;bakery supplies;;higiene
423;974;2025-05-20;2445,37;SuperNorte;2022-05-09;Congelados Norte;frozen goods;14,0;congelados
423;974;2025-05-20;3870,83;SuperNorte;2022-05-09;Congelados Norte;frozen goods;55,0;talho
142;656;2027-06-16;1674,91;Atlantico Market;2023-11-17;Padaria Industrial;bakery supplies;;talho
305;608;2033-04-24;4608,45;Nova Compra;2023-08-27;Peixe Fresco Iberico;seafood;;fruta e legumes
433;730;2031-10-31;918,36;FreshMart Gaia;2024-07-23;Casa Verde Horticolas;produce;28,0;talho
192;600;2023-07-08;713,63;BomPreco;2023-05-20;Casa Verde Horticolas;produce;80,0;fruta e legumes
377;137;2028-01-22;7287,95;Nova Compra;2023-06-29;Carnes Selectas;meat;;mercearia
109;238;2021-06-28;9042,44;FreshMart Gaia;2021-02-19;Peixe Fresco Iberico;seafood;;fruta e legumes
185;224;2025-02-09;3682,94;Nova Compra;2023-05-21;Congelados Norte;frozen goods;;talho
13;631;2025-01-17;1213,5;FreshMart Gaia;2022-10-16;Lacteos do Vale;dairy;;congelados
112;167;2028-01-02;5056,4;Atlantico Market;2022-05-22;Carnes Selectas;meat;40,0;padaria
186;628;2023-03-24;11044,63;BomPreco;2021-08-09;Peixe Fresco Iberico;seafood;;fruta e legumes
473;370;2023-11-11;1044,98;Nova Compra;2021-08-09;Casa Verde Horticolas;produce;69,0;bebidas
58;206;2031-03-05;1609,91;Atlantico Market;2023-08-09;Padaria Industrial;bakery supplies;;mercearia
227;344;2024-12-09;2005,24;Nova Compra;2022-03-15;Congelados Norte;frozen goods;;peixaria
29;855;2025-10-16;824,33;Nova Compra;2025-01-17;Higiene Plus;cleaning products;;congelados
328;651;2024-12-23;2258,37;Atlantico Market;2024-05-28;Lacteos do Vale;dairy;;higiene
161;385;2027-05-04;2106,23;Nova Compra;2021-02-26;Higiene Plus;cleaning products;;higiene
256;559;2026-01-03;3000,0;Atlantico Market;2023-04-01;SnackHouse Distribuicao;snacks;33,0;bebidas
256;559;2026-01-03;2578,13;Atlantico Market;2023-04-01;SnackHouse Distribuicao;snacks;135,0;laticinios
93;223;2027-12-14;7000,0;SuperNorte;2023-02-02;Bebidas Lusas;beverages;102,0;mercearia
65;403;2028-05-24;4070,16;Nova Compra;2024-07-21;Bebidas Lusas;beverages;;talho
244;90;2026-01-26;1398,6;Atlantico Market;2023-01-21;Casa Verde Horticolas;produce;133,0;higiene
244;90;2032-03-07;3151,96;Atlantico Market;2023-01-21;Casa Verde Horticolas;produce;168,0;bebidas
423;413;2023-02-17;6926,35;SuperNorte;2022-05-09;Bebidas Lusas;beverages;14,0;congelados
423;413;2023-02-17;5700,91;SuperNorte;2022-05-09;Bebidas Lusas;beverages;55,0;talho
176;859;2025-01-16;2173,69;Mercado Central;2023-03-01;SnackHouse Distribuicao;snacks;;bebidas
483;768;2027-04-09;12000,0;SuperNorte;2025-01-22;Peixe Fresco Iberico;seafood;;higiene
410;32;2027-07-04;2157,76;Mercado Central;2025-10-07;Frutaria Atlantica;produce;;bebidas
80;104;2025-06-11;4260,46;Mercado Central;2021-08-21;Congelados Norte;frozen goods;;bebidas
452;799;2025-08-23;2287,04;Mercado Central;2022-07-29;SnackHouse Distribuicao;snacks;193,0;padaria
452;799;2025-08-23;2045,59;Mercado Central;2022-07-29;SnackHouse Distribuicao;snacks;195,0;bebidas
255;866;2033-08-16;1489,41;SuperNorte;2024-01-22;Padaria Industrial;bakery supplies;129,0;mercearia
389;963;2031-07-27;3533,84;Nova Compra;2023-02-14;Bebidas Lusas;beverages;;talho
161;248;2026-01-29;9786,12;Nova Compra;2021-02-26;Peixe Fresco Iberico;seafood;;padaria
164;658;2025-01-31;9561,36;Mercado Central;2022-03-01;Peixe Fresco Iberico;seafood;165,0;mercearia
164;658;2025-01-31;7154,99;Mercado Central;2022-03-01;Peixe Fresco Iberico;seafood;181,0;talho
246;10;2030-05-12;1319,89;BomPreco;2021-03-04;Casa Verde Horticolas;produce;161,0;fruta e legumes
246;10;2021-06-27;3233,18;BomPreco;2021-03-04;Casa Verde Horticolas;produce;191,0;peixaria
164;124;2022-07-03;2494,95;Mercado Central;2022-03-01;Congelados Norte;frozen goods;165,0;mercearia
164;124;2022-05-15;2794,48;Mercado Central;2022-03-01;Congelados Norte;frozen goods;181,0;talho
313;369;2025-08-22;1779,59;FreshMart Gaia;2023-03-30;SnackHouse Distribuicao;snacks;109,0;talho
12;793;2030-04-28;1213,13;BomPreco;2024-07-15;Bebidas Lusas;beverages;;mercearia
333;456;2023-12-27;1800,0;SuperNorte;2021-06-28;Padaria Industrial;bakery supplies;;congelados
149;192;2025-10-28;1862,27;Nova Compra;2025-09-19;Frutaria Atlantica;produce;41,0;congelados
312;438;2035-02-20;12000,0;BomPreco;2025-12-24;Peixe Fresco Iberico;seafood;;fruta e legumes
456;439;2033-07-24;3000,0;BomPreco;2025-06-07;SnackHouse Distribuicao;snacks;;mercearia
419;964;2029-01-31;4010,6;Nova Compra;2026-02-16;Congelados Norte;frozen goods;74,0;peixaria
290;558;2023-11-20;11926,23;Mercado Central;2022-12-23;Peixe Fresco Iberico;seafood;;higiene
404;75;2025-11-02;853,34;Mercado Central;2024-09-04;Higiene Plus;cleaning products;;higiene
385;261;2024-01-22;2612,88;FreshMart Gaia;2023-02-10;Lacteos do Vale;dairy;;bebidas
460;342;2026-01-03;1495,05;Atlantico Market;2024-04-23;Frutaria Atlantica;produce;;laticinios
26;817;2026-05-24;7387,71;Mercado Central;2022-05-29;Carnes Selectas;meat;;padaria
475;872;2025-09-13;2752,04;FreshMart Gaia;2025-02-17;Frutaria Atlantica;produce;124,0;higiene
238;662;2023-03-23;1721,55;Atlantico Market;2023-01-21;Frutaria Atlantica;produce;;congelados
77;448;2023-04-11;8305,95;Nova Compra;2023-01-26;Peixe Fresco Iberico;seafood;;bebidas
114;978;2026-11-02;9943,51;BomPreco;2025-03-11;Peixe Fresco Iberico;seafood;;mercearia
421;907;2028-01-06;5876,25;FreshMart Gaia;2023-11-12;Carnes Selectas;meat;;padaria
197;207;2024-07-19;10000,0;Nova Compra;2023-07-18;Carnes Selectas;meat;;mercearia
17;452;2024-02-22;1739,28;Nova Compra;2021-06-10;Frutaria Atlantica;produce;;fruta e legumes
186;85;2023-09-25;2500,0;BomPreco;2021-08-09;Higiene Plus;cleaning products;;congelados
285;514;2023-09-04;7199,71;SuperNorte;2023-05-21;Congelados Norte;frozen goods;;laticinios
282;107;2031-06-05;2338,35;BomPreco;2022-10-01;Carnes Selectas;meat;31,0;padaria
282;107;2022-11-16;10000,0;BomPreco;2022-10-01;Carnes Selectas;meat;142,0;higiene
471;521;2025-04-28;3485,96;SuperNorte;2024-09-26;Lacteos do Vale;dairy;119,0;peixaria
273;988;2029-09-19;6842,6;SuperNorte;2021-11-16;Peixe Fresco Iberico;seafood;25,0;higiene
273;988;2026-03-05;7673,67;SuperNorte;2021-11-16;Peixe Fresco Iberico;seafood;101,0;peixaria
394;907;2025-01-07;6740,64;Atlantico Market;2023-07-15;Carnes Selectas;meat;;peixaria
424;773;2025-09-03;6963,24;Atlantico Market;2025-08-18;Bebidas Lusas;beverages;;talho
194;112;2033-01-28;1536,18;Mercado Central;2025-10-06;Frutaria Atlantica;produce;;peixaria
428;957;2026-09-07;10000,0;Mercado Central;2023-08-26;Carnes Selectas;meat;;talho
429;981;2025-07-06;1320,01;SuperNorte;2021-08-21;Lacteos do Vale;dairy;;laticinios
96;67;2024-11-26;2445,72;BomPreco;2023-11-03;Carnes Selectas;meat;;congelados
179;335;2025-02-21;1795,93;Nova Compra;2024-10-24;Higiene Plus;cleaning products;;laticinios
463;298;2032-03-20;11454,29;FreshMart Gaia;2025-03-11;Peixe Fresco Iberico;seafood;108,0;laticinios
74;833;2025-11-23;3458,87;Mercado Central;2025-11-11;Bebidas Lusas;beverages;3,0;mercearia
319;814;2031-07-15;1552,27;FreshMart Gaia;2025-11-02;Congelados Norte;frozen goods;;mercearia
17;172;2023-04-11;945,79;Nova Compra;2021-06-10;Frutaria Atlantica;produce;;padaria
100;141;2025-08-05;2616,39;Atlantico Market;2025-03-23;Lacteos do Vale;dairy;;padaria
376;471;2034-07-16;2140,29;Atlantico Market;2025-07-22;Lacteos do Vale;dairy;;mercearia
272;109;2028-06-01;2940,86;Mercado Central;2025-06-25;SnackHouse Distribuicao;snacks;122,0;congelados
260;233;2033-09-27;3875,1;Mercado Central;2025-07-07;Bebidas Lusas;beverages;;higiene
370;559;2024-06-18;1182,36;Atlantico Market;2023-01-22;SnackHouse Distribuicao;snacks;7,0;higiene
33;23;2024-11-22;4309,59;SuperNorte;2024-06-15;Bebidas Lusas;beverages;;higiene
476;711;2024-09-15;3395,64;Mercado Central;2023-03-11;Lacteos do Vale;dairy;;padaria
20;640;2032-07-28;3398,18;Mercado Central;2025-07-10;Casa Verde Horticolas;produce;;talho
14;69;2024-08-31;1569,6;Mercado Central;2022-12-20;SnackHouse Distribuicao;snacks;12,0;mercearia
396;706;2033-01-28;1030,81;BomPreco;2025-10-21;Padaria Industrial;bakery supplies;57,0;mercearia
235;117;2031-06-11;7668,12;FreshMart Gaia;2022-03-04;Carnes Selectas;meat;;congelados
500;100;2023-08-03;1320,9;Mercado Central;2022-04-18;Casa Verde Horticolas;produce;;talho
1;583;2030-01-18;5224,21;FreshMart Gaia;2023-11-13;Bebidas Lusas;beverages;;mercearia
78;936;2025-11-21;900,85;BomPreco;2022-12-29;Padaria Industrial;bakery supplies;46,0;talho
140;602;2030-01-06;1788,14;Mercado Central;2022-07-22;Frutaria Atlantica;produce;;mercearia
402;180;2030-06-16;1852,23;BomPreco;2023-09-28;Casa Verde Horticolas;produce;;laticinios
466;701;2024-01-01;2279,11;Atlantico Market;2022-02-26;Lacteos do Vale;dairy;99,0;laticinios
206;363;2033-12-18;7000,0;Mercado Central;2025-04-19;Bebidas Lusas;beverages;;peixaria
10;804;2025-11-25;3481,88;Atlantico Market;2024-07-05;Congelados Norte;frozen goods;;bebidas
383;706;2025-09-02;828,72;Nova Compra;2023-04-24;Padaria Industrial;bakery supplies;;laticinios
313;242;2023-05-03;3500,0;FreshMart Gaia;2023-03-30;Frutaria Atlantica;produce;109,0;talho
120;540;2032-07-29;2259,85;BomPreco;2025-05-31;Casa Verde Horticolas;produce;6,0;bebidas
369;346;2024-05-12;1412,55;SuperNorte;2024-02-08;Padaria Industrial;bakery supplies;;laticinios
51;943;2023-06-17;2358,78;SuperNorte;2021-10-07;Bebidas Lusas;beverages;112,0;padaria
318;733;2021-07-22;4189,79;BomPreco;2021-03-16;Bebidas Lusas;beverages;88,0;higiene
105;510;2027-02-08;2664,07;SuperNorte;2022-01-11;Casa Verde Horticolas;produce;;peixaria
237;495;2034-11-23;1015,1;SuperNorte;2025-07-18;Higiene Plus;cleaning products;;higiene
197;196;2027-04-19;1326,87;Nova Compra;2023-07-18;Padaria Industrial;bakery supplies;;higiene
317;473;2022-05-08;3420,47;Nova Compra;2022-01-06;Bebidas Lusas;beverages;16,0;higiene
386;298;2024-09-07;4861,58;Mercado Central;2024-08-11;Peixe Fresco Iberico;seafood;;congelados
289;590;2026-06-11;2918,65;FreshMart Gaia;2024-01-14;Casa Verde Horticolas;produce;70,0;higiene
289;590;2025-05-29;3087,14;FreshMart Gaia;2024-01-14;Casa Verde Horticolas;produce;138,0;mercearia
421;25;2026-02-12;1457,0;FreshMart Gaia;2023-11-12;Higiene Plus;cleaning products;;congelados
12;735;2033-10-07;1684,17;BomPreco;2024-07-15;Higiene Plus;cleaning products;;talho
232;453;2022-08-02;6806,11;Atlantico Market;2021-05-12;Bebidas Lusas;beverages;;padaria
233;867;2033-09-25;4519,63;Nova Compra;2023-12-13;Carnes Selectas;meat;;peixaria
305;893;2025-06-24;4386,88;Nova Compra;2023-08-27;Bebidas Lusas;beverages;;mercearia
414;872;2035-05-04;1554,78;BomPreco;2025-05-11;Frutaria Atlantica;produce;;congelados
491;269;2031-07-27;1043,38;Nova Compra;2024-07-19;SnackHouse Distribuicao;snacks;;laticinios
12;637;2025-12-27;4521,34;BomPreco;2024-07-15;Carnes Selectas;meat;;laticinios
293;809;2032-06-16;994,57;Nova Compra;2024-07-22;SnackHouse Distribuicao;snacks;;peixaria
29;641;2027-12-02;2603,79;Nova Compra;2025-01-17;Lacteos do Vale;dairy;;laticinios
357;131;2026-05-05;1518,9;SuperNorte;2021-05-17;Lacteos do Vale;dairy;;fruta e legumes
205;556;2026-01-21;533,3;FreshMart Gaia;2026-01-02;Padaria Industrial;bakery supplies;;mercearia
71;137;2026-02-04;7542,98;Nova Compra;2024-03-23;Carnes Selectas;meat;136,0;talho
230;386;2030-12-02;1356,56;Mercado Central;2025-02-06;Padaria Industrial;bakery supplies;;fruta e legumes
11;420;2022-05-21;1594,51;Nova Compra;2022-01-12;Casa Verde Horticolas;produce;;mercearia
186;7;2023-07-08;7410,07;BomPreco;2021-08-09;Carnes Selectas;meat;;higiene
143;27;2030-09-26;3757,13;Nova Compra;2025-12-20;Carnes Selectas;meat;128,0;peixaria
55;694;2026-06-14;3636,69;FreshMart Gaia;2025-06-03;Congelados Norte;frozen goods;;mercearia
389;835;2024-05-27;1651,61;Nova Compra;2023-02-14;Higiene Plus;cleaning products;;peixaria
399;639;2034-01-11;2627,38;SuperNorte;2024-04-02;SnackHouse Distribuicao;snacks;;peixaria
403;539;2024-12-16;1389,13;FreshMart Gaia;2021-04-09;SnackHouse Distribuicao;snacks;;fruta e legumes
211;911;2032-09-13;1644,29;FreshMart Gaia;2024-02-14;Lacteos do Vale;dairy;103,0;padaria
436;904;2030-08-16;6690,87;Atlantico Market;2023-12-11;Congelados Norte;frozen goods;189,0;laticinios
78;145;2032-10-27;1811,51;BomPreco;2022-12-29;Higiene Plus;cleaning products;46,0;talho
270;734;2025-04-30;4597,63;BomPreco;2022-05-19;Congelados Norte;frozen goods;190,0;talho
354;532;2035-10-20;3147,75;BomPreco;2025-11-02;Frutaria Atlantica;produce;;talho
407;272;2025-09-17;3500,0;Nova Compra;2024-05-16;Frutaria Atlantica;produce;;talho
456;753;2025-08-25;4421,23;BomPreco;2025-06-07;Bebidas Lusas;beverages;;padaria
358;606;2026-05-25;766,87;Atlantico Market;2024-06-13;Padaria Industrial;bakery supplies;;fruta e legumes
329;950;2024-06-14;2313,99;Nova Compra;2023-01-15;Casa Verde Horticolas;produce;198,0;laticinios
386;709;2027-10-03;1140,89;Mercado Central;2024-08-11;SnackHouse Distribuicao;snacks;;padaria
317;108;2022-09-11;11367,69;Nova Compra;2022-01-06;Peixe Fresco Iberico;seafood;16,0;higiene
437;879;2025-12-05;1203,26;Nova Compra;2023-11-18;SnackHouse Distribuicao;snacks;;congelados
36;369;2024-12-14;1512,65;BomPreco;2021-03-31;SnackHouse Distribuicao;snacks;;laticinios
2;440;2023-10-25;1269,0;Mercado Central;2022-09-10;Casa Verde Horticolas;produce;167,0;congelados
287;407;2026-09-01;5861,33;Nova Compra;2024-10-19;Carnes Selectas;meat;83,0;peixaria
97;535;2032-01-22;1516,35;FreshMart Gaia;2023-11-01;Higiene Plus;cleaning products;;higiene
7;867;2028-06-06;7542,77;FreshMart Gaia;2023-07-14;Carnes Selectas;meat;;bebidas
296;64;2028-03-16;4537,85;Mercado Central;2024-07-23;Congelados Norte;frozen goods;;padaria
498;880;2023-12-31;1888,92;BomPreco;2023-08-24;Casa Verde Horticolas;produce;;congelados
19;34;2025-11-02;3321,34;FreshMart Gaia;2023-01-09;Congelados Norte;frozen goods;160,0;higiene
137;982;2022-09-24;1626,34;Nova Compra;2021-03-16;Frutaria Atlantica;produce;150,0;bebidas
476;980;2026-07-11;988,44;Mercado Central;2023-03-11;Casa Verde Horticolas;produce;;bebidas
211;676;2025-11-14;1800,0;FreshMart Gaia;2024-02-14;Padaria Industrial;bakery supplies;103,0;padaria
117;347;2030-11-29;5175,64;SuperNorte;2025-08-17;Carnes Selectas;meat;;laticinios
172;392;2028-07-14;3500,0;Atlantico Market;2025-06-28;Frutaria Atlantica;produce;;peixaria
176;61;2024-06-14;2036,04;Mercado Central;2023-03-01;Lacteos do Vale;dairy;;bebidas
7;113;2024-09-28;1593,29;FreshMart Gaia;2023-07-14;Bebidas Lusas;beverages;;bebidas
272;886;2025-08-24;816,54;Mercado Central;2025-06-25;Padaria Industrial;bakery supplies;122,0;congelados
340;735;2025-02-16;1373,39;Atlantico Market;2022-05-12;Higiene Plus;cleaning products;68,0;congelados
340;735;2025-02-16;1416,04;Atlantico Market;2022-05-12;Higiene Plus;cleaning products;151,0;higiene
167;565;2029-09-28;1864,57;Nova Compra;2024-08-25;Higiene Plus;cleaning products;;padaria
407;138;2031-09-08;7029,03;Nova Compra;2024-05-16;Peixe Fresco Iberico;seafood;;peixaria
116;425;2029-03-03;1181,52;Mercado Central;2022-10-19;Higiene Plus;cleaning products;;fruta e legumes
480;995;2023-03-16;910,93;BomPreco;2022-01-15;Higiene Plus;cleaning products;;congelados
362;105;2022-04-10;1145,21;Mercado Central;2021-04-28;Higiene Plus;cleaning products;144,0;laticinios
324;738;2024-10-15;8532,13;BomPreco;2023-12-10;Peixe Fresco Iberico;seafood;;padaria
246;233;2024-06-07;5518,14;BomPreco;2021-03-04;Bebidas Lusas;beverages;161,0;fruta e legumes
246;233;2024-06-07;2769,09;BomPreco;2021-03-04;Bebidas Lusas;beverages;191,0;peixaria
309;152;2029-06-13;2910,53;SuperNorte;2024-03-19;Frutaria Atlantica;produce;;congelados
114;281;2030-03-15;2777,49;BomPreco;2025-03-11;Lacteos do Vale;dairy;;bebidas
29;632;2034-10-06;1241,1;Nova Compra;2025-01-17;Frutaria Atlantica;produce;;padaria
281;975;2033-04-16;1536,44;Nova Compra;2024-07-19;Higiene Plus;cleaning products;;fruta e legumes
309;135;2033-06-19;1623,93;SuperNorte;2024-03-19;Higiene Plus;cleaning products;;higiene
129;734;2024-12-25;2663,43;SuperNorte;2021-08-18;Congelados Norte;frozen goods;;mercearia
29;2;2026-09-25;1003,81;Nova Compra;2025-01-17;Frutaria Atlantica;produce;;fruta e legumes
422;276;2025-02-27;1237,66;Mercado Central;2021-05-10;Padaria Industrial;bakery supplies;;talho
168;291;2025-08-01;1752,5;BomPreco;2024-01-25;Lacteos do Vale;dairy;;padaria
256;300;2025-11-03;3500,0;Atlantico Market;2023-04-01;Casa Verde Horticolas;produce;33,0;bebidas
256;300;2026-02-02;3500,0;Atlantico Market;2023-04-01;Casa Verde Horticolas;produce;135,0;laticinios
444;88;2028-10-29;8038,14;BomPreco;2025-11-27;Peixe Fresco Iberico;seafood;164,0;peixaria
167;178;2026-01-12;9975,03;Nova Compra;2024-08-25;Peixe Fresco Iberico;seafood;;fruta e legumes
422;546;2022-10-12;630,82;Mercado Central;2021-05-10;Padaria Industrial;bakery supplies;;talho
30;681;2027-02-01;1180,71;BomPreco;2025-01-06;Lacteos do Vale;dairy;29,0;peixaria
30;681;2027-09-24;2017,44;BomPreco;2025-01-06;Lacteos do Vale;dairy;199,0;talho
71;155;2027-04-29;770,67;Nova Compra;2024-03-23;Higiene Plus;cleaning products;136,0;talho
116;566;2025-04-14;1148,48;Mercado Central;2022-10-19;Padaria Industrial;bakery supplies;;peixaria
117;337;2026-11-23;3795,23;SuperNorte;2025-08-17;Carnes Selectas;meat;;talho
354;551;2027-03-23;2342,39;BomPreco;2025-11-02;Lacteos do Vale;dairy;;mercearia
261;922;2024-04-12;1711,36;SuperNorte;2023-10-28;Frutaria Atlantica;produce;;bebidas
321;443;2022-10-01;4995,63;SuperNorte;2022-07-21;Bebidas Lusas;beverages;77,0;congelados
244;509;2023-06-23;1911,0;Atlantico Market;2023-01-21;SnackHouse Distribuicao;snacks;133,0;higiene
244;509;2023-06-23;1375,76;Atlantico Market;2023-01-21;SnackHouse Distribuicao;snacks;168,0;bebidas
488;392;2023-07-07;999,41;Mercado Central;2022-02-12;Frutaria Atlantica;produce;;mercearia
8;937;2033-12-16;5809,7;Mercado Central;2024-02-04;Carnes Selectas;meat;172,0;talho
341;935;2025-10-02;627,72;Nova Compra;2022-09-13;Higiene Plus;cleaning products;;higiene
322;946;2033-09-18;1751,98;Atlantico Market;2026-01-04;Padaria Industrial;bakery supplies;34,0;higiene
141;911;2025-11-28;2727,78;SuperNorte;2021-05-17;Lacteos do Vale;dairy;;talho
396;645;2026-02-13;2009,13;BomPreco;2025-10-21;Higiene Plus;cleaning products;57,0;mercearia
166;366;2025-09-10;646,44;Atlantico Market;2024-12-15;Padaria Industrial;bakery supplies;192,0;mercearia
419;998;2035-08-13;7629,62;Nova Compra;2026-02-16;Peixe Fresco Iberico;seafood;74,0;peixaria
4;299;2031-04-06;1222,39;Atlantico Market;2024-06-23;SnackHouse Distribuicao;snacks;;congelados
474;371;2032-03-01;2299,17;BomPreco;2023-04-15;Lacteos do Vale;dairy;;talho
445;465;2025-10-03;877,36;FreshMart Gaia;2025-09-12;Higiene Plus;cleaning products;;higiene
395;697;2032-12-15;5201,0;Nova Compra;2023-10-24;Carnes Selectas;meat;;laticinios
73;832;2034-11-07;994,86;FreshMart Gaia;2025-01-05;Frutaria Atlantica;produce;61,0;higiene
320;975;2025-10-02;1279,46;Mercado Central;2024-03-23;Higiene Plus;cleaning products;;talho
300;929;2024-02-16;787,26;BomPreco;2022-06-18;SnackHouse Distribuicao;snacks;;congelados
13;508;2024-11-24;12000,0;FreshMart Gaia;2022-10-16;Peixe Fresco Iberico;seafood;;mercearia
249;961;2024-02-12;2310,93;SuperNorte;2023-09-28;Lacteos do Vale;dairy;27,0;laticinios
251;745;2031-09-25;1378,52;Nova Compra;2023-03-21;Higiene Plus;cleaning products;;talho
282;803;2022-10-20;5083,41;BomPreco;2022-10-01;Bebidas Lusas;beverages;31,0;padaria
282;803;2022-10-20;2089,8;BomPreco;2022-10-01;Bebidas Lusas;beverages;142,0;higiene
32;898;2025-01-31;4574,35;Mercado Central;2023-07-31;Peixe Fresco Iberico;seafood;;padaria
171;289;2027-01-19;2095,42;SuperNorte;2025-12-02;SnackHouse Distribuicao;snacks;13,0;padaria
181;701;2024-02-07;2312,02;FreshMart Gaia;2021-08-25;Lacteos do Vale;dairy;113,0;congelados
80;982;2024-01-30;1338,22;Mercado Central;2021-08-21;Frutaria Atlantica;produce;;peixaria
203;226;2024-10-19;1338,6;Nova Compra;2024-03-02;Padaria Industrial;bakery supplies;45,0;laticinios
255;768;2024-11-14;7448,64;SuperNorte;2024-01-22;Peixe Fresco Iberico;seafood;129,0;mercearia
244;143;2023-04-18;4707,97;Atlantico Market;2023-01-21;Bebidas Lusas;beverages;133,0;higiene
244;143;2023-04-18;4468,88;Atlantico Market;2023-01-21;Bebidas Lusas;beverages;168,0;bebidas
280;361;2025-10-08;1582,23;Atlantico Market;2025-05-05;Lacteos do Vale;dairy;115,0;higiene
177;833;2027-12-16;3624,17;SuperNorte;2023-05-04;Bebidas Lusas;beverages;;padaria
237;716;2029-04-23;433,58;SuperNorte;2025-07-18;Padaria Industrial;bakery supplies;;higiene
12;78;2030-03-13;5165,12;BomPreco;2024-07-15;Peixe Fresco Iberico;seafood;;higiene
470;429;2026-09-18;1477,53;Mercado Central;2022-09-27;SnackHouse Distribuicao;snacks;84,0;mercearia
433;954;2034-03-12;5701,07;FreshMart Gaia;2024-07-23;Congelados Norte;frozen goods;28,0;talho
96;395;2033-10-31;1731,38;BomPreco;2023-11-03;Higiene Plus;cleaning products;;talho
19;301;2026-02-08;1532,7;FreshMart Gaia;2023-01-09;Lacteos do Vale;dairy;160,0;higiene
59;15;2024-07-26;970,5;Nova Compra;2024-05-26;Higiene Plus;cleaning products;;mercearia
451;865;2025-06-04;2475,87;FreshMart Gaia;2022-01-11;Higiene Plus;cleaning products;63,0;laticinios
412;578;2024-10-05;5694,74;Atlantico Market;2024-08-06;Peixe Fresco Iberico;seafood;36,0;laticinios
323;668;2025-05-17;6842,92;Nova Compra;2021-06-14;Peixe Fresco Iberico;seafood;82,0;talho
156;715;2028-10-19;1957,79;BomPreco;2026-01-04;Higiene Plus;cleaning products;48,0;mercearia
213;118;2024-12-29;6271,57;SuperNorte;2022-08-14;Peixe Fresco Iberico;seafood;19,0;talho
481;231;2031-11-20;2008,16;FreshMart Gaia;2023-11-19;Lacteos do Vale;dairy;166,0;padaria
46;814;2027-05-02;3731,15;Atlantico Market;2023-02-06;Congelados Norte;frozen goods;;laticinios
156;545;2032-05-29;1093,49;BomPreco;2026-01-04;Higiene Plus;cleaning products;48,0;mercearia
333;66;2023-06-26;1066,42;SuperNorte;2021-06-28;Padaria Industrial;bakery supplies;;mercearia
37;569;2031-02-10;726,63;FreshMart Gaia;2022-12-13;SnackHouse Distribuicao;snacks;15,0;bebidas
445;37;2029-07-09;4590,08;FreshMart Gaia;2025-09-12;Carnes Selectas;meat;;congelados
53;891;2022-07-21;2741,71;Nova Compra;2022-04-27;Lacteos do Vale;dairy;;congelados
127;531;2024-06-28;2601,59;FreshMart Gaia;2022-10-25;Lacteos do Vale;dairy;;mercearia
416;383;2023-05-05;7000,0;Mercado Central;2021-10-24;Bebidas Lusas;beverages;;bebidas
339;598;2026-01-13;9474,84;SuperNorte;2022-10-13;Peixe Fresco Iberico;seafood;155,0;peixaria
439;733;2034-10-16;4506,28;FreshMart Gaia;2026-01-08;Bebidas Lusas;beverages;;mercearia
247;888;2023-05-03;6584,38;FreshMart Gaia;2021-04-17;Peixe Fresco Iberico;seafood;173,0;peixaria
296;532;2033-08-24;1506,43;Mercado Central;2024-07-23;Frutaria Atlantica;produce;;mercearia
352;789;2022-08-06;2069,37;Atlantico Market;2022-04-17;SnackHouse Distribuicao;snacks;;higiene
451;623;2023-03-25;4337,62;FreshMart Gaia;2022-01-11;Bebidas Lusas;beverages;63,0;laticinios
419;729;2031-06-27;1394,24;Nova Compra;2026-02-16;SnackHouse Distribuicao;snacks;74,0;peixaria
255;821;2029-02-07;1455,39;SuperNorte;2024-01-22;Lacteos do Vale;dairy;129,0;mercearia
191;53;2026-01-06;3661,46;Nova Compra;2024-01-10;Bebidas Lusas;beverages;;peixaria
187;460;2024-03-16;3112,38;FreshMart Gaia;2023-07-04;Casa Verde Horticolas;produce;;mercearia
149;130;2035-01-07;1944,06;Nova Compra;2025-09-19;Casa Verde Horticolas;produce;41,0;congelados
412;483;2027-03-11;3798,23;Atlantico Market;2024-08-06;Bebidas Lusas;beverages;36,0;laticinios
388;592;2031-10-07;2238,06;Atlantico Market;2022-12-28;Frutaria Atlantica;produce;;mercearia
69;814;2021-11-25;5339,91;SuperNorte;2021-06-05;Congelados Norte;frozen goods;;peixaria
266;744;2024-04-14;4809,65;Mercado Central;2022-11-17;Congelados Norte;frozen goods;;laticinios
457;767;2025-09-04;5298,71;FreshMart Gaia;2022-06-06;Carnes Selectas;meat;107,0;fruta e legumes
195;70;2029-03-23;1471,83;SuperNorte;2022-02-10;Casa Verde Horticolas;produce;162,0;laticinios
236;263;2033-02-27;5894,04;Mercado Central;2024-07-03;Bebidas Lusas;beverages;;bebidas
41;604;2025-03-02;3548,35;Nova Compra;2024-05-01;Congelados Norte;frozen goods;;higiene
492;383;2025-10-15;7000,0;BomPreco;2023-12-08;Bebidas Lusas;beverages;;fruta e legumes
346;899;2021-07-29;1768,69;Atlantico Market;2021-02-27;SnackHouse Distribuicao;snacks;;peixaria
408;515;2024-04-03;1407,99;BomPreco;2022-04-15;Higiene Plus;cleaning products;;fruta e legumes
244;199;2023-04-06;2322,78;Atlantico Market;2023-01-21;SnackHouse Distribuicao;snacks;133,0;higiene
244;199;2023-04-06;1229,79;Atlantico Market;2023-01-21;SnackHouse Distribuicao;snacks;168,0;bebidas
87;908;2023-11-13;8415,22;SuperNorte;2022-03-07;Peixe Fresco Iberico;seafood;;fruta e legumes
242;925;2027-11-17;1448,2;Mercado Central;2022-10-19;Higiene Plus;cleaning products;;talho
225;411;2030-11-24;2586,65;SuperNorte;2025-06-18;Lacteos do Vale;dairy;97,0;higiene
492;211;2025-04-17;1580,67;BomPreco;2023-12-08;Lacteos do Vale;dairy;;talho
482;409;2027-08-19;1207,97;Mercado Central;2023-10-18;SnackHouse Distribuicao;snacks;156,0;mercearia
192;21;2024-05-13;942,55;BomPreco;2023-05-20;Lacteos do Vale;dairy;80,0;fruta e legumes
111;136;2026-02-12;814,03;SuperNorte;2021-08-21;Padaria Industrial;bakery supplies;;talho
7;691;2033-05-12;1709,33;FreshMart Gaia;2023-07-14;Lacteos do Vale;dairy;;bebidas
18;189;2025-11-25;1221,96;BomPreco;2025-02-11;SnackHouse Distribuicao;snacks;;bebidas
253;759;2031-08-31;1566,46;FreshMart Gaia;2023-05-05;SnackHouse Distribuicao;snacks;89,0;fruta e legumes
228;622;2025-08-18;1904,28;BomPreco;2025-05-03;Frutaria Atlantica;produce;44,0;fruta e legumes
66;104;2028-06-28;5384,36;BomPreco;2022-09-19;Congelados Norte;frozen goods;;fruta e legumes
381;965;2023-02-16;1773,68;SuperNorte;2021-05-16;Higiene Plus;cleaning products;;mercearia
273;74;2022-06-07;5762,26;SuperNorte;2021-11-16;Congelados Norte;frozen goods;25,0;higiene
273;74;2031-05-14;5871,73;SuperNorte;2021-11-16;Congelados Norte;frozen goods;101,0;peixaria
448;326;2030-05-19;1131,89;Atlantico Market;2025-02-18;Padaria Industrial;bakery supplies;;padaria
332;550;2029-02-13;1896,55;Mercado Central;2024-11-20;Casa Verde Horticolas;produce;;padaria
330;838;2035-02-04;9873,94;BomPreco;2025-02-18;Peixe Fresco Iberico;seafood;;higiene
28;414;2023-03-23;5874,34;Atlantico Market;2023-02-26;Congelados Norte;frozen goods;;laticinios
323;325;2024-07-09;705,79;Nova Compra;2021-06-14;Higiene Plus;cleaning products;82,0;talho
339;567;2025-02-28;4996,03;SuperNorte;2022-10-13;Carnes Selectas;meat;155,0;peixaria
43;946;2033-06-01;444,18;FreshMart Gaia;2025-06-14;Padaria Industrial;bakery supplies;;padaria
403;765;2021-10-16;605,39;FreshMart Gaia;2021-04-09;Higiene Plus;cleaning products;;talho
28;263;2031-01-27;2982,5;Atlantico Market;2023-02-26;Bebidas Lusas;beverages;;bebidas
414;143;2026-04-30;3540,11;BomPreco;2025-05-11;Bebidas Lusas;beverages;;talho
396;263;2027-08-19;3098,37;BomPreco;2025-10-21;Bebidas Lusas;beverages;57,0;mercearia
467;775;2023-08-07;618,3;Nova Compra;2023-05-01;Higiene Plus;cleaning products;71,0;fruta e legumes
193;872;2023-01-17;2622,11;FreshMart Gaia;2022-02-11;Frutaria Atlantica;produce;;bebidas
42;499;2023-09-13;1200,4;BomPreco;2022-11-03;SnackHouse Distribuicao;snacks;;bebidas
208;816;2025-07-19;1246,35;Atlantico Market;2024-12-15;Padaria Industrial;bakery supplies;176,0;congelados
127;734;2024-08-26;3167,26;FreshMart Gaia;2022-10-25;Congelados Norte;frozen goods;;laticinios
122;893;2022-12-28;2997,63;Mercado Central;2022-11-09;Bebidas Lusas;beverages;30,0;mercearia
193;422;2025-07-23;2248,68;FreshMart Gaia;2022-02-11;Frutaria Atlantica;produce;;fruta e legumes
181;152;2027-04-28;1581,02;FreshMart Gaia;2021-08-25;Frutaria Atlantica;produce;113,0;congelados
329;194;2031-12-19;4642,92;Nova Compra;2023-01-15;Congelados Norte;frozen goods;198,0;laticinios
392;356;2025-02-07;1132,92;Mercado Central;2023-08-21;Padaria Industrial;bakery supplies;;padaria
464;404;2023-05-23;2262,36;Mercado Central;2022-08-25;Congelados Norte;frozen goods;;higiene
327;92;2033-05-18;2293,76;SuperNorte;2023-06-01;Frutaria Atlantica;produce;94,0;padaria
140;926;2024-10-05;655,78;Mercado Central;2022-07-22;Padaria Industrial;bakery supplies;;bebidas
232;114;2021-10-11;2608,14;Atlantico Market;2021-05-12;Congelados Norte;frozen goods;;peixaria
89;369;2025-03-09;1189,82;Nova Compra;2021-05-28;SnackHouse Distribuicao;snacks;;higiene
3;458;2024-07-14;9377,58;SuperNorte;2022-12-19;Peixe Fresco Iberico;seafood;;fruta e legumes
471;851;2029-03-12;1046,34;SuperNorte;2024-09-26;Lacteos do Vale;dairy;119,0;peixaria
144;258;2025-04-08;8712,43;BomPreco;2022-09-23;Peixe Fresco Iberico;seafood;;peixaria
468;651;2031-04-11;2504,94;BomPreco;2021-07-29;Lacteos do Vale;dairy;;padaria
71;648;2024-07-15;6721,1;Nova Compra;2024-03-23;Peixe Fresco Iberico;seafood;136,0;talho
343;686;2022-01-21;1117,4;FreshMart Gaia;2021-12-03;Padaria Industrial;bakery supplies;146,0;peixaria
166;84;2025-10-16;3773,75;Atlantico Market;2024-12-15;Congelados Norte;frozen goods;192,0;mercearia
97;172;2024-08-20;2514,85;FreshMart Gaia;2023-11-01;Frutaria Atlantica;produce;;padaria
205;745;2028-02-08;1134,85;FreshMart Gaia;2026-01-02;Higiene Plus;cleaning products;;talho
169;438;2027-06-28;3128,69;FreshMart Gaia;2025-07-10;Peixe Fresco Iberico;seafood;;fruta e legumes
110;112;2028-02-08;1786,82;Mercado Central;2024-05-11;Frutaria Atlantica;produce;;higiene
390;874;2021-07-04;6167,08;BomPreco;2021-05-05;Congelados Norte;frozen goods;;bebidas
402;88;2027-11-05;8110,99;BomPreco;2023-09-28;Peixe Fresco Iberico;seafood;;bebidas
411;677;2029-10-04;10000,0;SuperNorte;2023-06-02;Carnes Selectas;meat;;peixaria
386;103;2033-03-25;3346,19;Mercado Central;2024-08-11;Bebidas Lusas;beverages;;peixaria
380;296;2023-04-12;930,22;Mercado Central;2022-09-25;Padaria Industrial;bakery supplies;;congelados
121;432;2025-10-28;1665,62;FreshMart Gaia;2022-03-07;Frutaria Atlantica;produce;;padaria
317;190;2025-08-26;1304,53;Nova Compra;2022-01-06;Casa Verde Horticolas;produce;16,0;higiene
384;668;2025-10-13;5253,46;BomPreco;2024-10-07;Peixe Fresco Iberico;seafood;;higiene
93;998;2025-11-16;4072,69;SuperNorte;2023-02-02;Peixe Fresco Iberico;seafood;102,0;mercearia
79;847;2027-12-13;1923,51;FreshMart Gaia;2023-10-18;Carnes Selectas;meat;2,0;peixaria
79;847;2033-04-14;4159,1;FreshMart Gaia;2023-10-18;Carnes Selectas;meat;67,0;padaria
244;586;2025-01-23;1010,63;Atlantico Market;2023-01-21;Padaria Industrial;bakery supplies;133,0;higiene
244;586;2023-08-12;1328,2;Atlantico Market;2023-01-21;Padaria Industrial;bakery supplies;168,0;bebidas
212;577;2032-10-17;4167,66;Mercado Central;2024-06-29;Carnes Selectas;meat;;laticinios
270;27;2029-11-27;4189,47;BomPreco;2022-05-19;Carnes Selectas;meat;190,0;talho
438;659;2022-08-03;2623,62;BomPreco;2022-04-17;SnackHouse Distribuicao;snacks;116,0;fruta e legumes
271;12;2033-11-01;1016,29;FreshMart Gaia;2025-10-11;Frutaria Atlantica;produce;;talho
355;436;2027-10-06;929,16;FreshMart Gaia;2025-09-12;Padaria Industrial;bakery supplies;60,0;bebidas
319;556;2026-03-02;1538,43;FreshMart Gaia;2025-11-02;Padaria Industrial;bakery supplies;;congelados
207;726;2027-07-20;727,03;SuperNorte;2022-08-16;Padaria Industrial;bakery supplies;;padaria
464;862;2024-07-31;927,83;Mercado Central;2022-08-25;Frutaria Atlantica;produce;;fruta e legumes
347;835;2027-10-03;2500,0;Nova Compra;2023-12-27;Higiene Plus;cleaning products;;peixaria
310;616;2025-10-19;1432,87;Atlantico Market;2022-09-29;Padaria Industrial;bakery supplies;;talho
66;802;2022-12-26;2688,15;BomPreco;2022-09-19;Frutaria Atlantica;produce;;higiene
46;349;2023-02-12;1585,0;Atlantico Market;2023-02-06;SnackHouse Distribuicao;snacks;;mercearia
417;864;2025-07-10;5736,78;SuperNorte;2023-07-19;Congelados Norte;frozen goods;;mercearia
439;82;2032-03-14;603,21;FreshMart Gaia;2026-01-08;Frutaria Atlantica;produce;;talho
76;190;2024-08-24;1519,53;Atlantico Market;2022-03-16;Casa Verde Horticolas;produce;180,0;laticinios
340;408;2024-06-02;9956,33;Atlantico Market;2022-05-12;Peixe Fresco Iberico;seafood;68,0;congelados
340;408;2024-06-02;3468,23;Atlantico Market;2022-05-12;Peixe Fresco Iberico;seafood;151,0;higiene
102;266;2024-01-18;860,66;BomPreco;2022-07-06;Padaria Industrial;bakery supplies;;bebidas
168;883;2025-08-20;4330,16;BomPreco;2024-01-25;Bebidas Lusas;beverages;;padaria
124;940;2025-01-04;1299,87;Atlantico Market;2022-03-28;Casa Verde Horticolas;produce;;higiene
425;625;2024-07-13;1379,57;Nova Compra;2022-01-23;Higiene Plus;cleaning products;;fruta e legumes
452;675;2029-06-06;1635,6;Mercado Central;2022-07-29;Higiene Plus;cleaning products;193,0;padaria
452;675;2022-12-14;1575,14;Mercado Central;2022-07-29;Higiene Plus;cleaning products;195,0;bebidas
11;371;2024-07-02;1795,23;Nova Compra;2022-01-12;Lacteos do Vale;dairy;;padaria
417;899;2024-11-18;1136,21;SuperNorte;2023-07-19;SnackHouse Distribuicao;snacks;;fruta e legumes
99;183;2026-01-23;4481,8;SuperNorte;2025-09-02;Bebidas Lusas;beverages;;peixaria
45;930;2021-07-10;2155,03;SuperNorte;2021-03-03;Casa Verde Horticolas;produce;145,0;talho
369;409;2031-04-15;1880,03;SuperNorte;2024-02-08;SnackHouse Distribuicao;snacks;;higiene
7;206;2025-06-18;1052,87;FreshMart Gaia;2023-07-14;Padaria Industrial;bakery supplies;;mercearia
457;700;2023-10-30;2155,99;FreshMart Gaia;2022-06-06;Casa Verde Horticolas;produce;107,0;fruta e legumes
37;228;2024-12-12;9644,97;FreshMart Gaia;2022-12-13;Peixe Fresco Iberico;seafood;15,0;bebidas
145;284;2030-06-02;4943,6;FreshMart Gaia;2023-11-02;Congelados Norte;frozen goods;131,0;congelados
145;284;2028-09-22;4493,32;FreshMart Gaia;2023-11-02;Congelados Norte;frozen goods;177,0;bebidas
43;130;2035-03-06;1459,51;FreshMart Gaia;2025-06-14;Casa Verde Horticolas;produce;;higiene
52;768;2026-12-23;12000,0;Atlantico Market;2025-01-08;Peixe Fresco Iberico;seafood;;congelados
457;781;2024-11-19;1297,06;FreshMart Gaia;2022-06-06;Lacteos do Vale;dairy;107,0;fruta e legumes
218;868;2027-06-23;5933,1;Mercado Central;2025-07-13;Peixe Fresco Iberico;seafood;;laticinios
212;272;2029-10-21;1471,24;Mercado Central;2024-06-29;Frutaria Atlantica;produce;;higiene
351;33;2024-05-17;1648,0;SuperNorte;2021-03-14;Bebidas Lusas;beverages;;padaria
406;479;2023-05-02;1934,78;Atlantico Market;2022-12-02;SnackHouse Distribuicao;snacks;93,0;mercearia
286;372;2031-07-12;1688,29;Atlantico Market;2026-01-18;Frutaria Atlantica;produce;;higiene
21;879;2031-07-22;1673,84;SuperNorte;2024-04-14;SnackHouse Distribuicao;snacks;;mercearia
299;465;2028-09-19;1268,69;Nova Compra;2025-02-06;Higiene Plus;cleaning products;;peixaria
98;309;2023-08-12;2315,79;Mercado Central;2022-12-11;SnackHouse Distribuicao;snacks;;laticinios
300;229;2022-06-20;2453,3;BomPreco;2022-06-18;SnackHouse Distribuicao;snacks;;peixaria
116;860;2025-03-03;1127,06;Mercado Central;2022-10-19;Casa Verde Horticolas;produce;;laticinios
58;792;2024-06-04;3500,0;Atlantico Market;2023-08-09;Frutaria Atlantica;produce;;padaria
388;875;2023-08-03;1234,14;Atlantico Market;2022-12-28;Higiene Plus;cleaning products;;peixaria
167;745;2025-10-27;1791,16;Nova Compra;2024-08-25;Higiene Plus;cleaning products;;mercearia
153;517;2031-07-13;5856,43;SuperNorte;2024-02-05;Carnes Selectas;meat;;fruta e legumes
290;957;2027-12-09;5663,09;Mercado Central;2022-12-23;Carnes Selectas;meat;;padaria
101;653;2024-09-13;4817,87;Nova Compra;2023-02-01;Bebidas Lusas;beverages;;talho
211;868;2031-03-10;11764,01;FreshMart Gaia;2024-02-14;Peixe Fresco Iberico;seafood;103,0;padaria
132;396;2029-04-29;1418,61;BomPreco;2022-11-23;Padaria Industrial;bakery supplies;76,0;padaria
199;74;2023-04-06;3853,99;FreshMart Gaia;2022-06-22;Congelados Norte;frozen goods;;padaria
103;222;2031-03-12;1781,18;FreshMart Gaia;2022-12-24;Frutaria Atlantica;produce;;talho
286;893;2026-10-12;2910,09;Atlantico Market;2026-01-18;Bebidas Lusas;beverages;;talho
25;185;2025-08-10;1897,03;FreshMart Gaia;2024-05-31;Higiene Plus;cleaning products;;peixaria
390;895;2023-04-08;1793,03;BomPreco;2021-05-05;Higiene Plus;cleaning products;;higiene
414;807;2030-11-14;4629,49;BomPreco;2025-05-11;Carnes Selectas;meat;;fruta e legumes
139;398;2024-08-24;11807,46;FreshMart Gaia;2023-09-26;Peixe Fresco Iberico;seafood;148,0;padaria
208;667;2029-06-28;8754,86;Atlantico Market;2024-12-15;Carnes Selectas;meat;176,0;congelados
174;550;2025-11-25;3500,0;BomPreco;2021-10-25;Casa Verde Horticolas;produce;52,0;higiene
174;550;2025-04-30;1296,62;BomPreco;2021-10-25;Casa Verde Horticolas;produce;163,0;talho
281;900;2031-01-24;1768,44;Nova Compra;2024-07-19;Casa Verde Horticolas;produce;;fruta e legumes
494;469;2027-07-06;1510,36;Mercado Central;2024-11-22;SnackHouse Distribuicao;snacks;;padaria
349;259;2025-05-16;3000,0;FreshMart Gaia;2023-10-31;SnackHouse Distribuicao;snacks;;congelados
254;414;2023-06-23;4319,09;Mercado Central;2022-08-29;Congelados Norte;frozen goods;90,0;laticinios
451;138;2027-08-01;11486,01;FreshMart Gaia;2022-01-11;Peixe Fresco Iberico;seafood;63,0;laticinios
259;534;2029-06-08;6850,08;FreshMart Gaia;2025-05-28;Congelados Norte;frozen goods;39,0;mercearia
259;534;2025-12-07;4140,6;FreshMart Gaia;2025-05-28;Congelados Norte;frozen goods;96,0;bebidas
12;81;2027-02-19;2204,38;BomPreco;2024-07-15;Lacteos do Vale;dairy;;laticinios
75;981;2033-03-24;2720,24;SuperNorte;2024-05-04;Lacteos do Vale;dairy;65,0;peixaria
75;981;2030-12-30;3786,71;SuperNorte;2024-05-04;Lacteos do Vale;dairy;170,0;fruta e legumes
345;561;2033-05-19;1989,86;SuperNorte;2025-10-09;Lacteos do Vale;dairy;;mercearia
123;992;2024-11-18;1471,56;SuperNorte;2023-03-06;Frutaria Atlantica;produce;185,0;congelados
418;470;2032-08-07;2814,3;Atlantico Market;2023-10-04;Casa Verde Horticolas;produce;24,0;bebidas
416;942;2029-08-28;1104,17;Mercado Central;2021-10-24;Frutaria Atlantica;produce;;mercearia
218;847;2028-04-03;6050,45;Mercado Central;2025-07-13;Carnes Selectas;meat;;bebidas
71;38;2031-11-08;10473,83;Nova Compra;2024-03-23;Peixe Fresco Iberico;seafood;136,0;talho
420;234;2021-11-01;5218,59;BomPreco;2021-05-15;Congelados Norte;frozen goods;;padaria
443;414;2027-10-27;3331,68;Nova Compra;2025-05-20;Congelados Norte;frozen goods;;talho
364;6;2024-08-03;637,27;Atlantico Market;2021-12-06;Padaria Industrial;bakery supplies;;fruta e legumes
456;920;2027-10-22;3156,2;BomPreco;2025-06-07;Casa Verde Horticolas;produce;;peixaria
155;43;2025-02-25;3464,98;Nova Compra;2021-06-09;Bebidas Lusas;beverages;121,0;padaria
359;647;2024-01-09;3599,4;Nova Compra;2021-05-09;Carnes Selectas;meat;;peixaria
197;809;2027-02-15;2754,57;Nova Compra;2023-07-18;SnackHouse Distribuicao;snacks;;fruta e legumes
155;238;2023-04-28;9320,84;Nova Compra;2021-06-09;Peixe Fresco Iberico;seafood;121,0;padaria
248;764;2029-07-30;2678,7;Mercado Central;2025-02-23;Congelados Norte;frozen goods;8,0;fruta e legumes
299;478;2026-07-01;12000,0;Nova Compra;2025-02-06;Peixe Fresco Iberico;seafood;;peixaria
103;200;2025-10-13;1450,56;FreshMart Gaia;2022-12-24;Casa Verde Horticolas;produce;;padaria
5;290;2030-09-02;2632,69;Nova Compra;2026-02-01;Casa Verde Horticolas;produce;;laticinios
354;430;2032-09-05;3500,0;BomPreco;2025-11-02;Casa Verde Horticolas;produce;;mercearia
289;194;2029-07-07;6412,92;FreshMart Gaia;2024-01-14;Congelados Norte;frozen goods;70,0;higiene
289;194;2026-06-22;4831,93;FreshMart Gaia;2024-01-14;Congelados Norte;frozen goods;138,0;mercearia
75;779;2024-09-18;866,11;SuperNorte;2024-05-04;SnackHouse Distribuicao;snacks;65,0;peixaria
75;779;2029-02-21;3000,0;SuperNorte;2024-05-04;SnackHouse Distribuicao;snacks;170,0;fruta e legumes
262;888;2023-10-27;9593,77;Atlantico Market;2023-03-24;Peixe Fresco Iberico;seafood;;bebidas
404;361;2027-06-22;1137,44;Mercado Central;2024-09-04;Lacteos do Vale;dairy;;higiene
27;645;2023-10-19;2500,0;SuperNorte;2022-08-07;Higiene Plus;cleaning products;42,0;bebidas
171;842;2035-03-07;1901,62;SuperNorte;2025-12-02;Frutaria Atlantica;produce;13,0;padaria
269;601;2029-05-21;1897,47;Nova Compra;2023-10-19;Lacteos do Vale;dairy;;fruta e legumes
139;279;2025-10-20;1275,49;FreshMart Gaia;2023-09-26;SnackHouse Distribuicao;snacks;148,0;padaria
177;437;2029-02-07;5832,36;SuperNorte;2023-05-04;Carnes Selectas;meat;;laticinios
84;195;2023-03-23;1977,9;BomPreco;2022-05-29;Higiene Plus;cleaning products;;congelados
132;472;2028-11-23;1480,79;BomPreco;2022-11-23;Frutaria Atlantica;produce;76,0;padaria
347;457;2024-12-12;5719,1;Nova Compra;2023-12-27;Carnes Selectas;meat;;talho
19;841;2024-08-07;4000,0;FreshMart Gaia;2023-01-09;Lacteos do Vale;dairy;160,0;higiene
3;28;2030-11-19;8051,57;SuperNorte;2022-12-19;Peixe Fresco Iberico;seafood;;fruta e legumes
332;49;2030-05-19;2548,32;Mercado Central;2024-11-20;SnackHouse Distribuicao;snacks;;mercearia
118;452;2025-01-11;1201,97;Atlantico Market;2022-07-18;Frutaria Atlantica;produce;;talho
311;405;2030-10-10;746,49;Nova Compra;2023-04-01;Higiene Plus;cleaning products;;congelados
414;170;2032-10-17;3500,0;BomPreco;2025-05-11;Casa Verde Horticolas;produce;;bebidas
452;390;2022-09-10;3144,85;Mercado Central;2022-07-29;Casa Verde Horticolas;produce;193,0;padaria
452;390;2022-09-10;3500,0;Mercado Central;2022-07-29;Casa Verde Horticolas;produce;195,0;bebidas
143;15;2035-12-17;1326,62;Nova Compra;2025-12-20;Higiene Plus;cleaning products;128,0;peixaria
102;21;2028-05-23;3780,7;BomPreco;2022-07-06;Lacteos do Vale;dairy;;talho
183;850;2023-12-29;586,12;SuperNorte;2022-11-01;Casa Verde Horticolas;produce;178,0;higiene
457;440;2027-07-17;2360,17;FreshMart Gaia;2022-06-06;Casa Verde Horticolas;produce;107,0;fruta e legumes
87;553;2022-11-22;5969,23;SuperNorte;2022-03-07;Bebidas Lusas;beverages;;congelados
208;447;2032-04-24;3961,68;Atlantico Market;2024-12-15;Carnes Selectas;meat;176,0;congelados
288;761;2033-03-09;3457,66;BomPreco;2025-10-31;Lacteos do Vale;dairy;;mercearia
314;777;2026-02-01;4980,32;Mercado Central;2024-07-14;Carnes Selectas;meat;;higiene
95;133;2024-03-08;3617,89;Nova Compra;2021-11-19;Bebidas Lusas;beverages;;fruta e legumes
260;461;2028-11-17;1913,81;Mercado Central;2025-07-07;Lacteos do Vale;dairy;;talho
265;263;2023-05-01;7000,0;FreshMart Gaia;2022-10-08;Bebidas Lusas;beverages;72,0;laticinios
265;263;2028-06-28;3056,57;FreshMart Gaia;2022-10-08;Bebidas Lusas;beverages;114,0;bebidas
457;589;2025-03-22;1272,87;FreshMart Gaia;2022-06-06;SnackHouse Distribuicao;snacks;107,0;fruta e legumes
327;774;2025-04-30;2923,73;SuperNorte;2023-06-01;Congelados Norte;frozen goods;94,0;padaria
194;959;2026-06-16;1397,82;Mercado Central;2025-10-06;SnackHouse Distribuicao;snacks;;talho
306;263;2034-05-22;4093,94;BomPreco;2025-04-13;Bebidas Lusas;beverages;;mercearia
157;82;2034-06-29;2465,88;FreshMart Gaia;2024-10-04;Frutaria Atlantica;produce;;peixaria
398;621;2027-07-12;1531,87;Mercado Central;2026-02-14;Lacteos do Vale;dairy;;congelados
302;577;2029-10-19;6386,62;Mercado Central;2023-08-01;Carnes Selectas;meat;;mercearia
332;844;2025-04-23;5663,27;Mercado Central;2024-11-20;Congelados Norte;frozen goods;;higiene
292;537;2023-08-16;3548,94;Atlantico Market;2023-07-16;Carnes Selectas;meat;17,0;fruta e legumes
75;472;2025-11-03;1903,32;SuperNorte;2024-05-04;Frutaria Atlantica;produce;65,0;peixaria
75;472;2025-04-10;1780,7;SuperNorte;2024-05-04;Frutaria Atlantica;produce;170,0;fruta e legumes
67;687;2027-07-19;5582,47;FreshMart Gaia;2023-11-18;Carnes Selectas;meat;;congelados
265;807;2030-01-03;4254,19;FreshMart Gaia;2022-10-08;Carnes Selectas;meat;72,0;laticinios
265;807;2024-11-05;5080,57;FreshMart Gaia;2022-10-08;Carnes Selectas;meat;114,0;bebidas
379;98;2027-08-20;6591,52;FreshMart Gaia;2024-02-27;Peixe Fresco Iberico;seafood;;laticinios
154;989;2029-10-25;3000,0;Atlantico Market;2025-10-16;SnackHouse Distribuicao;snacks;184,0;padaria
318;207;2025-03-07;5509,82;BomPreco;2021-03-16;Carnes Selectas;meat;88,0;higiene
434;623;2025-07-17;6848,59;Mercado Central;2025-07-06;Bebidas Lusas;beverages;95,0;congelados
235;944;2025-07-09;8000,0;FreshMart Gaia;2022-03-04;Congelados Norte;frozen goods;;congelados
460;641;2025-10-22;1187,6;Atlantico Market;2024-04-23;Lacteos do Vale;dairy;;mercearia
43;415;2026-04-03;1206,13;FreshMart Gaia;2025-06-14;Higiene Plus;cleaning products;;congelados
468;885;2024-01-30;2500,0;BomPreco;2021-07-29;Higiene Plus;cleaning products;;fruta e legumes
165;176;2026-11-08;1084,91;SuperNorte;2024-06-21;Padaria Industrial;bakery supplies;;padaria
154;182;2027-06-24;1755,6;Atlantico Market;2025-10-16;Frutaria Atlantica;produce;184,0;padaria
95;864;2024-04-17;6026,27;Nova Compra;2021-11-19;Congelados Norte;frozen goods;;talho
105;17;2022-09-13;8730,17;SuperNorte;2022-01-11;Carnes Selectas;meat;;congelados
327;378;2029-12-29;6414,65;SuperNorte;2023-06-01;Peixe Fresco Iberico;seafood;94,0;padaria
379;994;2031-05-10;3793,92;FreshMart Gaia;2024-02-27;Congelados Norte;frozen goods;;laticinios
460;738;2031-11-26;2243,86;Atlantico Market;2024-04-23;Peixe Fresco Iberico;seafood;;fruta e legumes
4;278;2026-03-06;6639,1;Atlantico Market;2024-06-23;Peixe Fresco Iberico;seafood;;mercearia
355;441;2030-09-24;1811,12;FreshMart Gaia;2025-09-12;Lacteos do Vale;dairy;60,0;bebidas
142;142;2025-04-15;1176,15;Atlantico Market;2023-11-17;Frutaria Atlantica;produce;;fruta e legumes
241;785;2023-04-22;1253,64;FreshMart Gaia;2022-04-14;Higiene Plus;cleaning products;51,0;bebidas
396;505;2031-02-28;1139,53;BomPreco;2025-10-21;Higiene Plus;cleaning products;57,0;mercearia
466;264;2022-09-22;4640,12;Atlantico Market;2022-02-26;Congelados Norte;frozen goods;99,0;laticinios
84;208;2027-07-03;5733,07;BomPreco;2022-05-29;Peixe Fresco Iberico;seafood;;higiene
282;320;2024-08-06;2262,19;BomPreco;2022-10-01;Casa Verde Horticolas;produce;31,0;padaria
282;320;2024-08-06;2000,59;BomPreco;2022-10-01;Casa Verde Horticolas;produce;142,0;higiene
44;295;2025-04-21;2438,91;Mercado Central;2024-10-03;Higiene Plus;cleaning products;56,0;peixaria
104;934;2024-02-07;3381,03;Mercado Central;2023-01-07;Congelados Norte;frozen goods;;bebidas
85;458;2028-11-24;12000,0;FreshMart Gaia;2025-09-24;Peixe Fresco Iberico;seafood;;laticinios
73;500;2032-02-03;2990,51;FreshMart Gaia;2025-01-05;Casa Verde Horticolas;produce;61,0;higiene
410;925;2032-04-24;2500,0;Mercado Central;2025-10-07;Higiene Plus;cleaning products;;congelados
318;748;2024-05-02;7283,04;BomPreco;2021-03-16;Peixe Fresco Iberico;seafood;88,0;higiene
78;277;2028-07-01;4757,9;BomPreco;2022-12-29;Carnes Selectas;meat;46,0;talho
295;970;2025-02-22;1452,24;FreshMart Gaia;2024-02-12;Casa Verde Horticolas;produce;;fruta e legumes
265;630;2031-02-10;3500,0;FreshMart Gaia;2022-10-08;Casa Verde Horticolas;produce;72,0;laticinios
265;630;2030-09-15;3030,37;FreshMart Gaia;2022-10-08;Casa Verde Horticolas;produce;114,0;bebidas
173;735;2027-10-03;873,54;Nova Compra;2022-01-16;Higiene Plus;cleaning products;104,0;congelados
101;600;2023-06-29;2872,3;Nova Compra;2023-02-01;Casa Verde Horticolas;produce;;higiene
141;842;2023-11-07;1276,06;SuperNorte;2021-05-17;Frutaria Atlantica;produce;;padaria
340;549;2030-04-16;1909,24;Atlantico Market;2022-05-12;SnackHouse Distribuicao;snacks;68,0;congelados
340;549;2024-03-21;2392,75;Atlantico Market;2022-05-12;SnackHouse Distribuicao;snacks;151,0;higiene
126;424;2024-06-01;8000,0;BomPreco;2022-12-13;Congelados Norte;frozen goods;;bebidas
360;545;2023-06-10;1530,12;BomPreco;2023-03-19;Higiene Plus;cleaning products;200,0;peixaria
364;366;2023-07-19;941,48;Atlantico Market;2021-12-06;Padaria Industrial;bakery supplies;;talho
39;452;2030-02-14;1887,11;SuperNorte;2022-08-08;Frutaria Atlantica;produce;;talho
398;544;2026-12-05;6949,68;Mercado Central;2026-02-14;Congelados Norte;frozen goods;;peixaria
259;810;2034-05-16;2637,83;FreshMart Gaia;2025-05-28;Casa Verde Horticolas;produce;39,0;mercearia
259;810;2026-07-09;1836,45;FreshMart Gaia;2025-05-28;Casa Verde Horticolas;produce;96,0;bebidas
276;891;2029-07-26;929,56;BomPreco;2021-06-07;Lacteos do Vale;dairy;;peixaria
157;889;2032-08-14;551,71;FreshMart Gaia;2024-10-04;SnackHouse Distribuicao;snacks;;peixaria
41;36;2024-06-22;1106,72;Nova Compra;2024-05-01;Padaria Industrial;bakery supplies;;higiene
462;913;2024-05-01;2203,82;BomPreco;2022-01-14;Bebidas Lusas;beverages;38,0;peixaria
484;745;2030-05-09;1083,8;Atlantico Market;2024-03-22;Higiene Plus;cleaning products;;mercearia
76;582;2023-08-29;1670,4;Atlantico Market;2022-03-16;Frutaria Atlantica;produce;180,0;laticinios
281;586;2033-05-22;1800,0;Nova Compra;2024-07-19;Padaria Industrial;bakery supplies;;mercearia
346;302;2026-12-02;1954,73;Atlantico Market;2021-02-27;Frutaria Atlantica;produce;;bebidas
435;274;2033-04-26;5945,32;SuperNorte;2024-08-06;Congelados Norte;frozen goods;;mercearia
297;112;2025-05-20;2321,54;SuperNorte;2022-11-01;Frutaria Atlantica;produce;;laticinios
58;957;2027-01-29;1815,84;Atlantico Market;2023-08-09;Carnes Selectas;meat;;laticinios
155;213;2022-05-15;3132,98;Nova Compra;2021-06-09;Bebidas Lusas;beverages;121,0;padaria
202;680;2022-07-14;1068,41;Atlantico Market;2022-03-22;Casa Verde Horticolas;produce;;laticinios
400;349;2027-03-06;3000,0;Atlantico Market;2021-10-07;SnackHouse Distribuicao;snacks;;fruta e legumes
393;20;2029-02-08;815,87;SuperNorte;2025-10-05;Casa Verde Horticolas;produce;;mercearia
61;739;2025-03-03;1365,34;FreshMart Gaia;2021-12-07;SnackHouse Distribuicao;snacks;;bebidas
452;126;2023-12-12;889,29;Mercado Central;2022-07-29;Padaria Industrial;bakery supplies;193,0;padaria
452;126;2023-12-12;641,7;Mercado Central;2022-07-29;Padaria Industrial;bakery supplies;195,0;bebidas
238;581;2031-08-06;2250,4;Atlantico Market;2023-01-21;Lacteos do Vale;dairy;;higiene
496;682;2034-07-15;1815,14;Atlantico Market;2025-03-17;Frutaria Atlantica;produce;;bebidas
94;377;2029-07-19;5811,1;Atlantico Market;2024-06-11;Carnes Selectas;meat;1,0;talho
94;377;2033-01-17;6770,13;Atlantico Market;2024-06-11;Carnes Selectas;meat;49,0;padaria
481;935;2029-06-05;1529,62;FreshMart Gaia;2023-11-19;Higiene Plus;cleaning products;166,0;padaria
110;329;2026-10-29;1958,13;Mercado Central;2024-05-11;SnackHouse Distribuicao;snacks;;padaria
129;905;2023-03-23;2268,11;SuperNorte;2021-08-18;Higiene Plus;cleaning products;;higiene
104;690;2024-11-05;880,59;Mercado Central;2023-01-07;Casa Verde Horticolas;produce;;congelados
45;236;2026-01-24;1370,24;SuperNorte;2021-03-03;Padaria Industrial;bakery supplies;145,0;talho
312;288;2031-09-19;4060,22;BomPreco;2025-12-24;Peixe Fresco Iberico;seafood;;laticinios
12;113;2030-09-28;2808,57;BomPreco;2024-07-15;Bebidas Lusas;beverages;;padaria
81;564;2030-07-17;4540,8;SuperNorte;2024-04-22;Congelados Norte;frozen goods;130,0;padaria
354;344;2035-04-21;5174,33;BomPreco;2025-11-02;Congelados Norte;frozen goods;;bebidas
63;305;2023-03-18;1744,6;SuperNorte;2023-01-21;Higiene Plus;cleaning products;50,0;congelados
63;305;2023-03-18;898,66;SuperNorte;2023-01-21;Higiene Plus;cleaning products;132,0;bebidas
368;514;2029-05-15;8000,0;Mercado Central;2022-05-09;Congelados Norte;frozen goods;;higiene
179;773;2025-10-26;3107,2;Nova Compra;2024-10-24;Bebidas Lusas;beverages;;higiene
139;21;2032-05-15;1555,4;FreshMart Gaia;2023-09-26;Lacteos do Vale;dairy;148,0;padaria
413;679;2025-07-22;930,91;Nova Compra;2025-04-04;SnackHouse Distribuicao;snacks;79,0;higiene
413;679;2034-08-05;890,51;Nova Compra;2025-04-04;SnackHouse Distribuicao;snacks;81,0;laticinios
284;801;2024-10-12;1145,18;Mercado Central;2023-04-30;Lacteos do Vale;dairy;153,0;laticinios
496;201;2028-10-29;2476,71;Atlantico Market;2025-03-17;Lacteos do Vale;dairy;;mercearia
91;116;2027-08-07;1312,43;FreshMart Gaia;2025-05-06;Padaria Industrial;bakery supplies;92,0;peixaria
62;464;2025-04-03;2914,57;Mercado Central;2023-12-03;Congelados Norte;frozen goods;186,0;bebidas
285;234;2023-11-25;2572,22;SuperNorte;2023-05-21;Congelados Norte;frozen goods;;talho
269;951;2024-10-17;1954,68;Nova Compra;2023-10-19;Lacteos do Vale;dairy;;mercearia
30;178;2029-08-10;6790,88;BomPreco;2025-01-06;Peixe Fresco Iberico;seafood;29,0;peixaria
30;178;2029-07-19;7316,57;BomPreco;2025-01-06;Peixe Fresco Iberico;seafood;199,0;talho
299;815;2025-02-09;890,94;Nova Compra;2025-02-06;Higiene Plus;cleaning products;;talho
36;716;2025-10-02;927,52;BomPreco;2021-03-31;Padaria Industrial;bakery supplies;;fruta e legumes
173;564;2025-07-25;8000,0;Nova Compra;2022-01-16;Congelados Norte;frozen goods;104,0;congelados
97;705;2024-08-03;803,17;FreshMart Gaia;2023-11-01;Higiene Plus;cleaning products;;padaria
469;276;2029-03-26;986,98;FreshMart Gaia;2023-05-24;Padaria Industrial;bakery supplies;126,0;laticinios
146;221;2022-09-05;2692,47;Mercado Central;2022-01-30;Lacteos do Vale;dairy;;fruta e legumes
401;680;2035-06-02;1196,79;Nova Compra;2025-07-23;Casa Verde Horticolas;produce;;congelados
153;958;2033-10-10;8558,23;SuperNorte;2024-02-05;Peixe Fresco Iberico;seafood;;higiene
342;735;2023-03-11;752,61;BomPreco;2021-05-14;Higiene Plus;cleaning products;196,0;higiene
251;784;2024-03-20;5721,02;Nova Compra;2023-03-21;Congelados Norte;frozen goods;;higiene
17;943;2025-03-04;3823,88;Nova Compra;2021-06-10;Bebidas Lusas;beverages;;mercearia
335;703;2033-11-18;1979,84;Nova Compra;2024-12-25;Bebidas Lusas;beverages;139,0;padaria
43;480;2031-11-11;2520,95;FreshMart Gaia;2025-06-14;Casa Verde Horticolas;produce;;congelados
115;297;2025-11-03;3608,39;FreshMart Gaia;2025-01-26;Carnes Selectas;meat;;laticinios
137;734;2025-03-30;4013,35;Nova Compra;2021-03-16;Congelados Norte;frozen goods;150,0;bebidas
6;709;2028-03-12;2190,98;BomPreco;2026-02-05;SnackHouse Distribuicao;snacks;;congelados
311;613;2031-07-31;2429,67;Nova Compra;2023-04-01;Bebidas Lusas;beverages;;peixaria
214;887;2025-09-19;4257,45;Atlantico Market;2023-09-17;Carnes Selectas;meat;87,0;bebidas
126;328;2032-08-17;10789,5;BomPreco;2022-12-13;Peixe Fresco Iberico;seafood;;peixaria
492;728;2027-11-16;2560,98;BomPreco;2023-12-08;Peixe Fresco Iberico;seafood;;peixaria
367;108;2024-07-14;12000,0;FreshMart Gaia;2022-02-26;Peixe Fresco Iberico;seafood;;peixaria
228;731;2025-08-09;1112,44;BomPreco;2025-05-03;Lacteos do Vale;dairy;44,0;fruta e legumes
99;411;2032-12-13;1569,56;SuperNorte;2025-09-02;Lacteos do Vale;dairy;;bebidas
195;992;2022-06-29;2100,7;SuperNorte;2022-02-10;Frutaria Atlantica;produce;162,0;laticinios
42;72;2029-12-11;2426,86;BomPreco;2022-11-03;Frutaria Atlantica;produce;;mercearia
248;464;2026-09-09;4917,06;Mercado Central;2025-02-23;Congelados Norte;frozen goods;8,0;fruta e legumes
54;143;2023-02-18;3830,61;BomPreco;2021-08-12;Bebidas Lusas;beverages;;padaria
360;490;2024-08-02;1520,39;BomPreco;2023-03-19;Casa Verde Horticolas;produce;200,0;peixaria
398;201;2027-11-12;4000,0;Mercado Central;2026-02-14;Lacteos do Vale;dairy;;laticinios
306;771;2032-11-20;3044,38;BomPreco;2025-04-13;Lacteos do Vale;dairy;;laticinios
107;406;2030-12-19;1697,27;Nova Compra;2025-07-14;Padaria Industrial;bakery supplies;141,0;bebidas
107;406;2031-03-08;827,28;Nova Compra;2025-07-14;Padaria Industrial;bakery supplies;158,0;congelados
69;72;2022-08-05;648,88;SuperNorte;2021-06-05;Frutaria Atlantica;produce;;bebidas
448;643;2028-11-20;5934,42;Atlantico Market;2025-02-18;Bebidas Lusas;beverages;;bebidas
368;681;2022-11-23;2524,05;Mercado Central;2022-05-09;Lacteos do Vale;dairy;;talho
28;956;2030-06-07;1085,77;Atlantico Market;2023-02-26;Padaria Industrial;bakery supplies;;padaria
441;625;2022-07-23;1065,17;SuperNorte;2021-08-16;Higiene Plus;cleaning products;179,0;fruta e legumes
416;159;2026-05-02;1410,75;Mercado Central;2021-10-24;SnackHouse Distribuicao;snacks;;bebidas
267;1000;2033-03-25;1412,86;SuperNorte;2025-12-26;Casa Verde Horticolas;produce;;congelados
395;64;2031-04-27;4388,29;Nova Compra;2023-10-24;Congelados Norte;frozen goods;;bebidas
372;67;2035-01-31;3239,26;BomPreco;2025-04-26;Carnes Selectas;meat;;laticinios
435;118;2024-10-17;9161,2;SuperNorte;2024-08-06;Peixe Fresco Iberico;seafood;;padaria
120;394;2030-08-07;8000,0;BomPreco;2025-05-31;Congelados Norte;frozen goods;6,0;bebidas
72;147;2021-10-06;4126,61;BomPreco;2021-04-11;Carnes Selectas;meat;;talho
277;154;2032-03-13;2099,84;FreshMart Gaia;2026-02-03;Congelados Norte;frozen goods;;peixaria
107;697;2033-08-24;5157,71;Nova Compra;2025-07-14;Carnes Selectas;meat;141,0;bebidas
107;697;2027-06-16;6222,98;Nova Compra;2025-07-14;Carnes Selectas;meat;158,0;congelados
175;681;2025-02-13;2636,45;FreshMart Gaia;2024-01-18;Lacteos do Vale;dairy;;laticinios
19;339;2031-07-15;3000,0;FreshMart Gaia;2023-01-09;SnackHouse Distribuicao;snacks;160,0;higiene
272;476;2029-05-08;1443,56;Mercado Central;2025-06-25;Padaria Industrial;bakery supplies;122,0;congelados
347;467;2024-06-14;2389,75;Nova Compra;2023-12-27;Carnes Selectas;meat;;higiene
421;668;2030-06-02;3727,04;FreshMart Gaia;2023-11-12;Peixe Fresco Iberico;seafood;;congelados
495;685;2029-07-06;1650,37;SuperNorte;2022-10-02;Higiene Plus;cleaning products;110,0;peixaria
441;15;2025-07-03;1120,85;SuperNorte;2021-08-16;Higiene Plus;cleaning products;179,0;fruta e legumes
440;562;2023-04-02;3500,0;Mercado Central;2021-09-09;Frutaria Atlantica;produce;;talho
66;573;2029-01-22;2459,72;BomPreco;2022-09-19;Bebidas Lusas;beverages;;congelados
174;328;2023-06-29;10015,38;BomPreco;2021-10-25;Peixe Fresco Iberico;seafood;52,0;higiene
174;328;2023-06-29;4853,01;BomPreco;2021-10-25;Peixe Fresco Iberico;seafood;163,0;talho
364;380;2022-07-13;2081,67;Atlantico Market;2021-12-06;Casa Verde Horticolas;produce;;congelados
118;434;2025-12-20;2962,54;Atlantico Market;2022-07-18;Congelados Norte;frozen goods;;higiene
211;591;2024-07-30;2764,76;FreshMart Gaia;2024-02-14;Lacteos do Vale;dairy;103,0;padaria
151;97;2025-07-17;8750,57;FreshMart Gaia;2024-04-02;Carnes Selectas;meat;;higiene
167;266;2026-02-11;1120,58;Nova Compra;2024-08-25;Padaria Industrial;bakery supplies;;peixaria
307;456;2024-06-07;1800,0;FreshMart Gaia;2022-08-19;Padaria Industrial;bakery supplies;197,0;fruta e legumes
73;588;2029-08-11;4700,2;FreshMart Gaia;2025-01-05;Peixe Fresco Iberico;seafood;61,0;higiene
313;727;2023-07-22;5643,39;FreshMart Gaia;2023-03-30;Carnes Selectas;meat;109,0;talho
354;570;2033-11-30;2706,94;BomPreco;2025-11-02;Casa Verde Horticolas;produce;;mercearia
68;531;2029-07-02;1402,24;Mercado Central;2023-11-14;Lacteos do Vale;dairy;;mercearia
492;326;2024-02-02;1028,43;BomPreco;2023-12-08;Padaria Industrial;bakery supplies;;talho
2;533;2022-09-26;5055,99;Mercado Central;2022-09-10;Bebidas Lusas;beverages;167,0;congelados
490;701;2033-02-13;3266,14;Atlantico Market;2023-10-13;Lacteos do Vale;dairy;;laticinios
413;468;2033-05-28;10865,92;Nova Compra;2025-04-04;Peixe Fresco Iberico;seafood;79,0;higiene
413;468;2033-02-19;4396,13;Nova Compra;2025-04-04;Peixe Fresco Iberico;seafood;81,0;laticinios
162;387;2025-05-25;6147,93;BomPreco;2024-11-21;Carnes Selectas;meat;;higiene
71;476;2024-11-20;553,38;Nova Compra;2024-03-23;Padaria Industrial;bakery supplies;136,0;talho
143;538;2026-02-13;4691,88;Nova Compra;2025-12-20;Peixe Fresco Iberico;seafood;128,0;peixaria
18;933;2031-04-18;3467,4;BomPreco;2025-02-11;Bebidas Lusas;beverages;;congelados
69;756;2029-04-18;1673,32;SuperNorte;2021-06-05;Padaria Industrial;bakery supplies;;laticinios
449;869;2030-02-01;2092,45;Nova Compra;2024-02-23;SnackHouse Distribuicao;snacks;;mercearia
179;498;2025-11-27;6618,33;Nova Compra;2024-10-24;Peixe Fresco Iberico;seafood;;talho
388;133;2031-12-31;4588,95;Atlantico Market;2022-12-28;Bebidas Lusas;beverages;;fruta e legumes
397;466;2025-11-18;1264,33;FreshMart Gaia;2023-10-31;Padaria Industrial;bakery supplies;32,0;congelados
1;635;2025-11-12;1623,39;FreshMart Gaia;2023-11-13;Higiene Plus;cleaning products;;laticinios
454;242;2031-04-04;1428,18;Atlantico Market;2022-02-05;Frutaria Atlantica;produce;;peixaria
383;325;2031-04-08;893,99;Nova Compra;2023-04-24;Higiene Plus;cleaning products;;congelados
320;166;2026-02-12;904,4;Mercado Central;2024-03-23;Padaria Industrial;bakery supplies;;padaria
62;60;2024-02-15;1294,27;Mercado Central;2023-12-03;Casa Verde Horticolas;produce;186,0;bebidas
137;553;2026-01-14;4959,63;Nova Compra;2021-03-16;Bebidas Lusas;beverages;150,0;bebidas
69;949;2021-06-30;3000,0;SuperNorte;2021-06-05;SnackHouse Distribuicao;snacks;;mercearia
249;137;2025-06-11;6959,01;SuperNorte;2023-09-28;Carnes Selectas;meat;27,0;laticinios
42;998;2023-03-27;2878,42;BomPreco;2022-11-03;Peixe Fresco Iberico;seafood;;fruta e legumes
272;936;2033-02-27;752,04;Mercado Central;2025-06-25;Padaria Industrial;bakery supplies;122,0;congelados
440;155;2025-01-07;1386,28;Mercado Central;2021-09-09;Higiene Plus;cleaning products;;padaria
27;667;2027-07-08;2831,31;SuperNorte;2022-08-07;Carnes Selectas;meat;42,0;bebidas
9;522;2024-05-19;1876,15;SuperNorte;2022-10-26;Frutaria Atlantica;produce;23,0;congelados
88;300;2023-08-14;2285,03;Atlantico Market;2021-03-26;Casa Verde Horticolas;produce;62,0;fruta e legumes
189;419;2029-11-15;3000,0;SuperNorte;2024-04-27;SnackHouse Distribuicao;snacks;;fruta e legumes
270;338;2024-03-31;12000,0;BomPreco;2022-05-19;Peixe Fresco Iberico;seafood;190,0;talho
427;919;2024-06-06;965,21;FreshMart Gaia;2023-12-18;SnackHouse Distribuicao;snacks;;peixaria
337;180;2033-01-19;1755,44;FreshMart Gaia;2025-05-15;Casa Verde Horticolas;produce;117,0;laticinios
4;6;2028-04-12;954,29;Atlantico Market;2024-06-23;Padaria Industrial;bakery supplies;;peixaria
41;563;2032-10-12;2720,73;Nova Compra;2024-05-01;Bebidas Lusas;beverages;;higiene
102;615;2027-12-24;1437,41;BomPreco;2022-07-06;Higiene Plus;cleaning products;;padaria
292;365;2026-10-27;1326,34;Atlantico Market;2023-07-16;Higiene Plus;cleaning products;17,0;fruta e legumes
352;111;2022-05-24;2833,97;Atlantico Market;2022-04-17;Lacteos do Vale;dairy;;fruta e legumes
172;294;2027-12-22;7917,63;Atlantico Market;2025-06-28;Congelados Norte;frozen goods;;padaria
154;234;2029-02-16;4563,91;Atlantico Market;2025-10-16;Congelados Norte;frozen goods;184,0;padaria
321;851;2024-09-15;1724,51;SuperNorte;2022-07-21;Lacteos do Vale;dairy;77,0;congelados
221;168;2024-03-07;4097,26;Nova Compra;2022-05-20;Peixe Fresco Iberico;seafood;;higiene
143;268;2026-03-12;12000,0;Nova Compra;2025-12-20;Peixe Fresco Iberico;seafood;128,0;peixaria
368;872;2022-10-28;2782,3;Mercado Central;2022-05-09;Frutaria Atlantica;produce;;mercearia
50;770;2030-04-12;2214,56;Mercado Central;2025-02-27;Casa Verde Horticolas;produce;;congelados
402;71;2029-07-08;1995,26;BomPreco;2023-09-28;Lacteos do Vale;dairy;;peixaria
363;600;2033-06-11;3500,0;SuperNorte;2025-10-30;Casa Verde Horticolas;produce;;higiene
361;230;2024-07-16;1721,77;FreshMart Gaia;2023-03-12;Casa Verde Horticolas;produce;;padaria
154;533;2029-01-28;1735,51;Atlantico Market;2025-10-16;Bebidas Lusas;beverages;184,0;padaria
84;207;2026-01-27;6083,99;BomPreco;2022-05-29;Carnes Selectas;meat;;bebidas
413;906;2029-10-10;575,5;Nova Compra;2025-04-04;Padaria Industrial;bakery supplies;79,0;higiene
413;906;2032-07-01;1128,56;Nova Compra;2025-04-04;Padaria Industrial;bakery supplies;81,0;laticinios
237;673;2034-11-02;6866,24;SuperNorte;2025-07-18;Bebidas Lusas;beverages;;higiene
221;720;2022-10-01;871,58;Nova Compra;2022-05-20;Casa Verde Horticolas;produce;;padaria
70;87;2023-09-23;3602,27;Atlantico Market;2021-12-25;Carnes Selectas;meat;;higiene
213;364;2028-04-30;6345,48;SuperNorte;2022-08-14;Congelados Norte;frozen goods;19,0;talho
147;708;2022-06-11;5191,59;SuperNorte;2022-01-01;Peixe Fresco Iberico;seafood;;mercearia
193;505;2024-05-06;1657,45;FreshMart Gaia;2022-02-11;Higiene Plus;cleaning products;;talho
338;600;2024-06-17;2232,18;Mercado Central;2023-02-16;Casa Verde Horticolas;produce;;mercearia
438;305;2025-11-02;2051,89;BomPreco;2022-04-17;Higiene Plus;cleaning products;116,0;fruta e legumes
488;521;2029-05-26;1607,21;Mercado Central;2022-02-12;Lacteos do Vale;dairy;;laticinios
489;848;2024-11-25;2061,59;SuperNorte;2023-09-27;Peixe Fresco Iberico;seafood;;peixaria
351;507;2024-07-21;6455,86;SuperNorte;2021-03-14;Carnes Selectas;meat;;mercearia
94;351;2029-10-25;1061,22;Atlantico Market;2024-06-11;Lacteos do Vale;dairy;1,0;talho
94;351;2033-06-16;3274,93;Atlantico Market;2024-06-11;Lacteos do Vale;dairy;49,0;padaria
380;837;2025-07-21;5298,27;Mercado Central;2022-09-25;Carnes Selectas;meat;;talho
410;26;2034-07-17;875,28;Mercado Central;2025-10-07;Padaria Industrial;bakery supplies;;congelados
34;374;2025-03-14;5867,13;Atlantico Market;2021-09-25;Congelados Norte;frozen goods;;peixaria
491;110;2030-11-29;844,81;Nova Compra;2024-07-19;Casa Verde Horticolas;produce;;higiene
170;271;2025-07-15;1964,77;Mercado Central;2024-11-23;Lacteos do Vale;dairy;149,0;congelados
328;741;2033-01-23;2630,07;Atlantico Market;2024-05-28;Lacteos do Vale;dairy;;fruta e legumes
214;11;2025-02-28;2409,09;Atlantico Market;2023-09-17;Lacteos do Vale;dairy;87,0;bebidas
245;623;2031-05-10;3009,52;Nova Compra;2024-07-08;Bebidas Lusas;beverages;;padaria
333;847;2023-04-11;4353,45;SuperNorte;2021-06-28;Carnes Selectas;meat;;peixaria
280;987;2026-02-22;10000,0;Atlantico Market;2025-05-05;Carnes Selectas;meat;115,0;higiene
207;117;2022-09-14;8142,53;SuperNorte;2022-08-16;Carnes Selectas;meat;;higiene
358;818;2026-03-06;4820,72;Atlantico Market;2024-06-13;Peixe Fresco Iberico;seafood;;padaria
84;512;2023-05-23;3393,95;BomPreco;2022-05-29;Frutaria Atlantica;produce;;bebidas
442;714;2028-08-20;6039,98;Atlantico Market;2024-05-24;Congelados Norte;frozen goods;143,0;fruta e legumes
40;578;2028-01-05;8097,68;Atlantico Market;2022-08-09;Peixe Fresco Iberico;seafood;111,0;mercearia
162;108;2027-11-24;8238,08;BomPreco;2024-11-21;Peixe Fresco Iberico;seafood;;congelados
121;499;2024-09-06;985,13;FreshMart Gaia;2022-03-07;SnackHouse Distribuicao;snacks;;bebidas
360;655;2028-08-30;2500,0;BomPreco;2023-03-19;Higiene Plus;cleaning products;200,0;peixaria
306;543;2026-02-06;5754,22;BomPreco;2025-04-13;Bebidas Lusas;beverages;;laticinios
396;884;2027-03-02;4801,46;BomPreco;2025-10-21;Congelados Norte;frozen goods;57,0;mercearia
149;697;2030-12-29;6025,63;Nova Compra;2025-09-19;Carnes Selectas;meat;41,0;congelados
6;403;2030-05-01;3598,77;BomPreco;2026-02-05;Bebidas Lusas;beverages;;congelados
126;634;2023-10-19;3329,08;BomPreco;2022-12-13;Congelados Norte;frozen goods;;talho
453;659;2031-05-20;2098,71;SuperNorte;2025-10-17;SnackHouse Distribuicao;snacks;;peixaria
167;559;2031-12-08;1153,55;Nova Compra;2024-08-25;SnackHouse Distribuicao;snacks;;talho
180;379;2030-06-25;1765,78;BomPreco;2023-10-07;SnackHouse Distribuicao;snacks;;padaria
312;282;2027-08-09;1932,86;BomPreco;2025-12-24;Frutaria Atlantica;produce;;peixaria
479;391;2030-10-02;2556,91;Nova Compra;2025-03-24;Lacteos do Vale;dairy;18,0;laticinios
159;125;2027-01-11;2100,17;SuperNorte;2025-01-19;Higiene Plus;cleaning products;;peixaria
112;124;2023-11-27;5155,77;Atlantico Market;2022-05-22;Congelados Norte;frozen goods;40,0;padaria
225;882;2035-04-29;2527,65;SuperNorte;2025-06-18;Frutaria Atlantica;produce;97,0;higiene
25;510;2027-08-27;772,76;FreshMart Gaia;2024-05-31;Casa Verde Horticolas;produce;;mercearia
168;256;2024-06-26;1230,21;BomPreco;2024-01-25;Padaria Industrial;bakery supplies;;peixaria
169;748;2029-12-09;6723,29;FreshMart Gaia;2025-07-10;Peixe Fresco Iberico;seafood;;higiene
354;522;2035-08-05;2186,85;BomPreco;2025-11-02;Frutaria Atlantica;produce;;congelados
210;94;2031-07-02;3388,98;BomPreco;2023-03-24;Congelados Norte;frozen goods;;congelados
115;92;2032-09-02;3105,27;FreshMart Gaia;2025-01-26;Frutaria Atlantica;produce;;fruta e legumes
468;581;2021-11-14;2406,47;BomPreco;2021-07-29;Lacteos do Vale;dairy;;talho
446;21;2024-02-22;1537,72;Mercado Central;2022-09-29;Lacteos do Vale;dairy;187,0;higiene
70;197;2024-03-10;4181,45;Atlantico Market;2021-12-25;Carnes Selectas;meat;;mercearia
421;964;2024-02-12;6455,05;FreshMart Gaia;2023-11-12;Congelados Norte;frozen goods;;higiene
10;607;2032-06-25;5196,67;Atlantico Market;2024-07-05;Carnes Selectas;meat;;congelados
376;882;2031-06-18;1846,08;Atlantico Market;2025-07-22;Frutaria Atlantica;produce;;padaria
47;631;2031-02-27;1966,98;Nova Compra;2025-02-04;Lacteos do Vale;dairy;86,0;congelados
51;952;2025-11-15;2915,95;SuperNorte;2021-10-07;Frutaria Atlantica;produce;112,0;padaria
179;997;2032-03-08;6708,98;Nova Compra;2024-10-24;Carnes Selectas;meat;;padaria
170;254;2024-12-24;2520,37;Mercado Central;2024-11-23;Congelados Norte;frozen goods;149,0;congelados
290;646;2023-04-06;644,62;Mercado Central;2022-12-23;Padaria Industrial;bakery supplies;;fruta e legumes
345;999;2028-07-18;1653,39;SuperNorte;2025-10-09;SnackHouse Distribuicao;snacks;;laticinios
238;620;2025-09-15;1385,16;Atlantico Market;2023-01-21;Casa Verde Horticolas;produce;;peixaria
291;156;2028-03-19;378,24;SuperNorte;2024-09-22;Padaria Industrial;bakery supplies;;padaria
235;816;2022-07-21;715,15;FreshMart Gaia;2022-03-04;Padaria Industrial;bakery supplies;;mercearia
169;791;2030-07-19;1896,73;FreshMart Gaia;2025-07-10;Lacteos do Vale;dairy;;congelados
311;213;2031-09-11;3132,26;Nova Compra;2023-04-01;Bebidas Lusas;beverages;;fruta e legumes
488;870;2028-06-29;2558,78;Mercado Central;2022-02-12;Casa Verde Horticolas;produce;;peixaria
444;44;2028-04-01;1573,14;BomPreco;2025-11-27;Congelados Norte;frozen goods;164,0;peixaria
429;309;2024-09-20;1165,57;SuperNorte;2021-08-21;SnackHouse Distribuicao;snacks;;bebidas
19;778;2029-12-30;9298,47;FreshMart Gaia;2023-01-09;Peixe Fresco Iberico;seafood;160,0;higiene
391;534;2033-07-02;3184,09;FreshMart Gaia;2024-03-07;Congelados Norte;frozen goods;;congelados
467;767;2032-10-29;3130,75;Nova Compra;2023-05-01;Carnes Selectas;meat;71,0;fruta e legumes
40;387;2025-03-25;3975,24;Atlantico Market;2022-08-09;Carnes Selectas;meat;111,0;mercearia
92;420;2031-08-26;2261,39;Mercado Central;2024-11-30;Casa Verde Horticolas;produce;37,0;talho
419;100;2028-08-29;1650,63;Nova Compra;2026-02-16;Casa Verde Horticolas;produce;74,0;peixaria
98;692;2024-05-28;1335,03;Mercado Central;2022-12-11;Frutaria Atlantica;produce;;talho
390;767;2022-04-08;6707,32;BomPreco;2021-05-05;Carnes Selectas;meat;;laticinios
371;95;2028-10-31;1627,66;Nova Compra;2022-09-12;Higiene Plus;cleaning products;;laticinios
273;631;2030-06-16;1217,61;SuperNorte;2021-11-16;Lacteos do Vale;dairy;25,0;higiene
273;631;2025-09-28;2243,69;SuperNorte;2021-11-16;Lacteos do Vale;dairy;101,0;peixaria
134;104;2033-07-24;2396,11;Mercado Central;2024-07-19;Congelados Norte;frozen goods;;talho
467;68;2025-06-15;11004,93;Nova Compra;2023-05-01;Peixe Fresco Iberico;seafood;71,0;fruta e legumes
469;925;2023-07-10;2392,87;FreshMart Gaia;2023-05-24;Higiene Plus;cleaning products;126,0;laticinios
378;735;2030-12-03;1208,04;BomPreco;2021-04-27;Higiene Plus;cleaning products;137,0;peixaria
223;855;2023-05-10;2220,4;FreshMart Gaia;2022-09-06;Higiene Plus;cleaning products;;laticinios
377;979;2025-05-27;1174,07;Nova Compra;2023-06-29;SnackHouse Distribuicao;snacks;;bebidas
396;107;2029-08-31;5070,56;BomPreco;2025-10-21;Carnes Selectas;meat;57,0;mercearia
416;529;2026-01-18;1268,23;Mercado Central;2021-10-24;SnackHouse Distribuicao;snacks;;talho
234;297;2023-11-23;5340,34;BomPreco;2022-02-27;Carnes Selectas;meat;;talho
172;80;2031-03-11;1905,98;Atlantico Market;2025-06-28;Casa Verde Horticolas;produce;;mercearia
29;573;2028-09-19;3745,51;Nova Compra;2025-01-17;Bebidas Lusas;beverages;;peixaria
190;995;2032-02-08;1320,32;Atlantico Market;2025-05-26;Higiene Plus;cleaning products;;higiene
289;956;2024-10-03;1058,95;FreshMart Gaia;2024-01-14;Padaria Industrial;bakery supplies;70,0;higiene
289;956;2024-10-03;1759,32;FreshMart Gaia;2024-01-14;Padaria Industrial;bakery supplies;138,0;mercearia
453;416;2030-07-25;404,58;SuperNorte;2025-10-17;Padaria Industrial;bakery supplies;;fruta e legumes
477;457;2030-04-22;10000,0;SuperNorte;2022-01-25;Carnes Selectas;meat;;bebidas
197;148;2029-12-20;5550,86;Nova Compra;2023-07-18;Peixe Fresco Iberico;seafood;;talho
95;392;2026-04-04;1786,27;Nova Compra;2021-11-19;Frutaria Atlantica;produce;;congelados
271;922;2028-07-19;3364,81;FreshMart Gaia;2025-10-11;Frutaria Atlantica;produce;;bebidas
253;833;2024-07-11;4927,18;FreshMart Gaia;2023-05-05;Bebidas Lusas;beverages;89,0;fruta e legumes
219;397;2032-12-14;6869,95;SuperNorte;2025-01-12;Carnes Selectas;meat;175,0;padaria
360;85;2031-02-22;2408,46;BomPreco;2023-03-19;Higiene Plus;cleaning products;200,0;peixaria
9;218;2025-02-25;6035,52;SuperNorte;2022-10-26;Peixe Fresco Iberico;seafood;23,0;congelados
360;620;2024-03-13;2797,55;BomPreco;2023-03-19;Casa Verde Horticolas;produce;200,0;peixaria
417;588;2026-01-13;3686,15;SuperNorte;2023-07-19;Peixe Fresco Iberico;seafood;;mercearia
301;176;2025-12-19;1206,7;FreshMart Gaia;2021-11-05;Padaria Industrial;bakery supplies;20,0;peixaria
301;176;2025-12-19;1287,65;FreshMart Gaia;2021-11-05;Padaria Industrial;bakery supplies;147,0;mercearia
407;484;2030-05-11;7201,85;Nova Compra;2024-05-16;Congelados Norte;frozen goods;;mercearia
101;292;2024-12-10;2543,93;Nova Compra;2023-02-01;Frutaria Atlantica;produce;;congelados
366;295;2024-01-01;1507,53;BomPreco;2021-10-13;Higiene Plus;cleaning products;;bebidas
442;693;2027-02-28;3250,57;Atlantico Market;2024-05-24;Bebidas Lusas;beverages;143,0;fruta e legumes
21;250;2027-06-19;1595,6;SuperNorte;2024-04-14;Casa Verde Horticolas;produce;;padaria
242;486;2024-12-10;865,78;Mercado Central;2022-10-19;Padaria Industrial;bakery supplies;;fruta e legumes
405;204;2027-05-23;2397,84;SuperNorte;2023-01-07;Congelados Norte;frozen goods;22,0;padaria
420;770;2024-08-10;3500,0;BomPreco;2021-05-15;Casa Verde Horticolas;produce;;fruta e legumes
116;990;2030-11-19;2899,65;Mercado Central;2022-10-19;Casa Verde Horticolas;produce;;bebidas
377;924;2032-05-11;4821,77;Nova Compra;2023-06-29;Congelados Norte;frozen goods;;fruta e legumes
130;18;2023-03-24;9379,48;Atlantico Market;2021-12-14;Peixe Fresco Iberico;seafood;;higiene
53;6;2026-01-09;1403,37;Nova Compra;2022-04-27;Padaria Industrial;bakery supplies;;peixaria
141;264;2025-07-30;2750,48;SuperNorte;2021-05-17;Congelados Norte;frozen goods;;laticinios
51;902;2025-01-08;2463,85;SuperNorte;2021-10-07;Frutaria Atlantica;produce;112,0;padaria
378;831;2022-09-17;3807,05;BomPreco;2021-04-27;Lacteos do Vale;dairy;137,0;peixaria
316;376;2025-04-13;737,08;Atlantico Market;2022-06-02;Padaria Industrial;bakery supplies;75,0;mercearia
408;922;2024-05-09;927,76;BomPreco;2022-04-15;Frutaria Atlantica;produce;;bebidas
482;812;2025-11-29;1096,66;Mercado Central;2023-10-18;Frutaria Atlantica;produce;156,0;mercearia
260;585;2025-10-13;1316,66;Mercado Central;2025-07-07;Higiene Plus;cleaning products;;padaria
345;178;2033-08-04;3754,34;SuperNorte;2025-10-09;Peixe Fresco Iberico;seafood;;congelados
245;151;2030-12-25;1989,86;Nova Compra;2024-07-08;Lacteos do Vale;dairy;;peixaria
221;252;2026-03-17;1377,9;Nova Compra;2022-05-20;Frutaria Atlantica;produce;;laticinios
227;433;2025-07-12;3748,65;Nova Compra;2022-03-15;Bebidas Lusas;beverages;;mercearia
277;737;2027-05-15;4293,28;FreshMart Gaia;2026-02-03;Carnes Selectas;meat;;congelados
351;224;2024-05-05;4230,94;SuperNorte;2021-03-14;Congelados Norte;frozen goods;;laticinios
274;544;2025-01-21;5639,23;Atlantico Market;2021-09-17;Congelados Norte;frozen goods;;mercearia
439;27;2033-05-26;3508,79;FreshMart Gaia;2026-01-08;Carnes Selectas;meat;;laticinios
466;370;2022-06-04;2099,69;Atlantico Market;2022-02-26;Casa Verde Horticolas;produce;99,0;laticinios
482;758;2026-02-01;4429,51;Mercado Central;2023-10-18;Peixe Fresco Iberico;seafood;156,0;mercearia
20;378;2030-05-02;6483,2;Mercado Central;2025-07-10;Peixe Fresco Iberico;seafood;;talho
189;760;2029-08-16;1783,09;SuperNorte;2024-04-27;Casa Verde Horticolas;produce;;bebidas
335;133;2025-08-23;4400,71;Nova Compra;2024-12-25;Bebidas Lusas;beverages;139,0;padaria
295;665;2024-05-10;1494,12;FreshMart Gaia;2024-02-12;Higiene Plus;cleaning products;;bebidas
69;800;2026-01-04;3230,65;SuperNorte;2021-06-05;Casa Verde Horticolas;produce;;mercearia
337;374;2030-01-12;4249,86;FreshMart Gaia;2025-05-15;Congelados Norte;frozen goods;117,0;laticinios
477;282;2024-12-21;1394,88;SuperNorte;2022-01-25;Frutaria Atlantica;produce;;bebidas
417;114;2025-07-10;6533,82;SuperNorte;2023-07-19;Congelados Norte;frozen goods;;congelados
241;73;2031-07-19;4352,27;FreshMart Gaia;2022-04-14;Bebidas Lusas;beverages;51,0;bebidas
273;200;2023-06-23;2753,99;SuperNorte;2021-11-16;Casa Verde Horticolas;produce;25,0;higiene
273;200;2024-08-08;1752,77;SuperNorte;2021-11-16;Casa Verde Horticolas;produce;101,0;peixaria
277;2;2032-09-03;1026,62;FreshMart Gaia;2026-02-03;Frutaria Atlantica;produce;;congelados
376;728;2027-05-06;12000,0;Atlantico Market;2025-07-22;Peixe Fresco Iberico;seafood;;padaria
111;75;2023-04-18;1048,4;SuperNorte;2021-08-21;Higiene Plus;cleaning products;;talho
179;557;2034-07-06;3202,67;Nova Compra;2024-10-24;Carnes Selectas;meat;;congelados
341;999;2032-03-16;2278,28;Nova Compra;2022-09-13;SnackHouse Distribuicao;snacks;;peixaria
365;63;2027-07-24;2450,86;Nova Compra;2023-06-30;Bebidas Lusas;beverages;;padaria
190;621;2025-10-22;1801,98;Atlantico Market;2025-05-26;Lacteos do Vale;dairy;;padaria
484;170;2032-03-24;1956,67;Atlantico Market;2024-03-22;Casa Verde Horticolas;produce;;laticinios
495;121;2025-01-28;2015,72;SuperNorte;2022-10-02;Lacteos do Vale;dairy;110,0;peixaria
192;180;2024-10-03;1570,9;BomPreco;2023-05-20;Casa Verde Horticolas;produce;80,0;fruta e legumes
433;556;2024-10-18;1800,0;FreshMart Gaia;2024-07-23;Padaria Industrial;bakery supplies;28,0;talho
487;690;2025-09-18;1759,49;FreshMart Gaia;2024-08-09;Casa Verde Horticolas;produce;;higiene
345;160;2035-04-07;1234,23;SuperNorte;2025-10-09;Casa Verde Horticolas;produce;;talho
190;384;2031-09-26;6674,16;Atlantico Market;2025-05-26;Congelados Norte;frozen goods;;higiene
210;88;2025-06-10;4695,76;BomPreco;2023-03-24;Peixe Fresco Iberico;seafood;;bebidas
36;401;2022-12-05;2047,03;BomPreco;2021-03-31;Lacteos do Vale;dairy;;talho
370;422;2024-08-05;1231,34;Atlantico Market;2023-01-22;Frutaria Atlantica;produce;7,0;higiene
72;635;2022-04-12;1512,25;BomPreco;2021-04-11;Higiene Plus;cleaning products;;fruta e legumes
472;108;2024-01-20;6617,41;Atlantico Market;2022-12-04;Peixe Fresco Iberico;seafood;154,0;talho
360;810;2024-06-16;1826,01;BomPreco;2023-03-19;Casa Verde Horticolas;produce;200,0;peixaria
58;920;2025-06-27;1979,2;Atlantico Market;2023-08-09;Casa Verde Horticolas;produce;;laticinios
406;208;2032-08-17;9391,57;Atlantico Market;2022-12-02;Peixe Fresco Iberico;seafood;93,0;mercearia
119;26;2026-11-06;1372,17;Nova Compra;2024-10-31;Padaria Industrial;bakery supplies;;fruta e legumes
269;973;2024-05-12;2349,08;Nova Compra;2023-10-19;Bebidas Lusas;beverages;;talho
235;467;2024-06-23;3986,07;FreshMart Gaia;2022-03-04;Carnes Selectas;meat;;congelados
154;711;2032-01-28;3259,05;Atlantico Market;2025-10-16;Lacteos do Vale;dairy;184,0;padaria
371;674;2026-02-15;3023,28;Nova Compra;2022-09-12;Congelados Norte;frozen goods;;bebidas
432;622;2035-04-11;2308,36;BomPreco;2025-09-23;Frutaria Atlantica;produce;;mercearia
403;854;2022-06-25;6273,8;FreshMart Gaia;2021-04-09;Congelados Norte;frozen goods;;laticinios
138;333;2032-02-16;1791,48;BomPreco;2023-01-31;Bebidas Lusas;beverages;58,0;padaria
233;560;2024-11-19;1540,85;Nova Compra;2023-12-13;Casa Verde Horticolas;produce;;higiene
242;145;2030-11-05;1984,21;Mercado Central;2022-10-19;Higiene Plus;cleaning products;;higiene
186;443;2026-02-05;3510,01;BomPreco;2021-08-09;Bebidas Lusas;beverages;;fruta e legumes
434;683;2031-04-30;3126,38;Mercado Central;2025-07-06;Bebidas Lusas;beverages;95,0;congelados
258;562;2034-04-21;2689,05;BomPreco;2025-02-11;Frutaria Atlantica;produce;73,0;talho
258;562;2027-03-24;3040,26;BomPreco;2025-02-11;Frutaria Atlantica;produce;100,0;talho
421;236;2024-09-21;736,91;FreshMart Gaia;2023-11-12;Padaria Industrial;bakery supplies;;fruta e legumes
97;998;2032-11-05;12000,0;FreshMart Gaia;2023-11-01;Peixe Fresco Iberico;seafood;;mercearia
353;719;2022-01-28;739,25;Nova Compra;2021-02-20;SnackHouse Distribuicao;snacks;;mercearia
365;797;2024-02-05;2740,66;Nova Compra;2023-06-30;Carnes Selectas;meat;;congelados
205;42;2031-10-05;1507,9;FreshMart Gaia;2026-01-02;Frutaria Atlantica;produce;;bebidas
484;983;2024-06-21;3225,92;Atlantico Market;2024-03-22;Bebidas Lusas;beverages;;laticinios
216;322;2027-07-06;1624,57;BomPreco;2025-09-23;Frutaria Atlantica;produce;;mercearia
331;741;2022-09-29;1690,36;FreshMart Gaia;2021-12-05;Lacteos do Vale;dairy;;mercearia
239;958;2025-03-13;4689,27;Nova Compra;2022-04-05;Peixe Fresco Iberico;seafood;120,0;mercearia
341;358;2023-12-17;5886,5;Nova Compra;2022-09-13;Peixe Fresco Iberico;seafood;;talho
463;541;2033-11-08;1648,78;FreshMart Gaia;2025-03-11;Lacteos do Vale;dairy;108,0;laticinios
481;775;2028-03-20;1868,85;FreshMart Gaia;2023-11-19;Higiene Plus;cleaning products;166,0;padaria
350;697;2032-03-28;5474,91;Mercado Central;2025-07-14;Carnes Selectas;meat;;padaria
197;368;2024-06-25;5884,25;Nova Compra;2023-07-18;Peixe Fresco Iberico;seafood;;padaria
139;635;2027-08-07;1331,09;FreshMart Gaia;2023-09-26;Higiene Plus;cleaning products;148,0;padaria
104;37;2027-05-27;8915,32;Mercado Central;2023-01-07;Carnes Selectas;meat;;peixaria
108;285;2024-02-14;1106,19;BomPreco;2021-06-26;Higiene Plus;cleaning products;;peixaria
385;722;2025-06-24;1043,06;FreshMart Gaia;2023-02-10;Frutaria Atlantica;produce;;congelados
275;695;2026-12-18;885,71;Nova Compra;2025-12-22;Higiene Plus;cleaning products;35,0;fruta e legumes
319;84;2033-06-07;3871,94;FreshMart Gaia;2025-11-02;Congelados Norte;frozen goods;;higiene
438;560;2024-09-09;2297,59;BomPreco;2022-04-17;Casa Verde Horticolas;produce;116,0;fruta e legumes
73;665;2028-04-30;2042,89;FreshMart Gaia;2025-01-05;Higiene Plus;cleaning products;61,0;higiene
141;145;2023-11-26;2500,0;SuperNorte;2021-05-17;Higiene Plus;cleaning products;;peixaria
60;387;2021-08-20;7530,93;BomPreco;2021-08-03;Carnes Selectas;meat;;congelados
407;178;2025-11-08;4368,74;Nova Compra;2024-05-16;Peixe Fresco Iberico;seafood;;mercearia
276;812;2022-04-03;1688,32;BomPreco;2021-06-07;Frutaria Atlantica;produce;;laticinios
305;323;2028-08-13;1416,39;Nova Compra;2023-08-27;Bebidas Lusas;beverages;;peixaria
4;616;2024-08-08;869,19;Atlantico Market;2024-06-23;Padaria Industrial;bakery supplies;;peixaria
175;278;2032-03-23;4950,58;FreshMart Gaia;2024-01-18;Peixe Fresco Iberico;seafood;;bebidas
338;922;2025-08-31;653,33;Mercado Central;2023-02-16;Frutaria Atlantica;produce;;mercearia
208;228;2034-06-25;12000,0;Atlantico Market;2024-12-15;Peixe Fresco Iberico;seafood;176,0;congelados
243;112;2030-05-23;1560,64;SuperNorte;2025-04-24;Frutaria Atlantica;produce;;fruta e legumes
127;67;2030-01-23;2092,07;FreshMart Gaia;2022-10-25;Carnes Selectas;meat;;congelados
54;748;2025-09-05;5745,63;BomPreco;2021-08-12;Peixe Fresco Iberico;seafood;;talho
24;390;2027-02-28;3500,0;BomPreco;2023-04-04;Casa Verde Horticolas;produce;;peixaria
161;516;2023-02-20;1800,0;Nova Compra;2021-02-26;Padaria Industrial;bakery supplies;;fruta e legumes
320;77;2033-04-18;5543,72;Mercado Central;2024-03-23;Carnes Selectas;meat;;fruta e legumes
190;756;2029-04-04;1044,32;Atlantico Market;2025-05-26;Padaria Industrial;bakery supplies;;laticinios
300;285;2023-04-22;2386,84;BomPreco;2022-06-18;Higiene Plus;cleaning products;;fruta e legumes
224;776;2033-10-14;934,51;Mercado Central;2024-04-11;Padaria Industrial;bakery supplies;98,0;fruta e legumes
284;45;2024-05-21;1691,44;Mercado Central;2023-04-30;Higiene Plus;cleaning products;153,0;laticinios
485;76;2025-07-21;1459,09;Nova Compra;2023-06-26;Padaria Industrial;bakery supplies;;congelados
398;94;2032-12-15;2649,69;Mercado Central;2026-02-14;Congelados Norte;frozen goods;;padaria
367;467;2025-05-02;10000,0;FreshMart Gaia;2022-02-26;Carnes Selectas;meat;;peixaria
10;265;2028-03-09;925,51;Atlantico Market;2024-07-05;Higiene Plus;cleaning products;;talho
78;340;2024-04-03;1390,94;BomPreco;2022-12-29;Casa Verde Horticolas;produce;46,0;talho
426;708;2026-01-15;6798,64;BomPreco;2025-03-14;Peixe Fresco Iberico;seafood;11,0;peixaria
123;215;2030-02-23;2098,61;SuperNorte;2023-03-06;Higiene Plus;cleaning products;185,0;congelados
16;975;2027-12-12;1865,05;Atlantico Market;2024-01-08;Higiene Plus;cleaning products;5,0;congelados
95;323;2031-09-23;3667,56;Nova Compra;2021-11-19;Bebidas Lusas;beverages;;congelados
494;219;2025-03-23;1875,08;Mercado Central;2024-11-22;SnackHouse Distribuicao;snacks;;peixaria
176;104;2025-03-22;6969,86;Mercado Central;2023-03-01;Congelados Norte;frozen goods;;higiene
214;4;2032-07-28;4316,27;Atlantico Market;2023-09-17;Congelados Norte;frozen goods;87,0;bebidas
355;788;2029-06-15;4510,36;FreshMart Gaia;2025-09-12;Peixe Fresco Iberico;seafood;60,0;bebidas
169;855;2027-09-14;1048,26;FreshMart Gaia;2025-07-10;Higiene Plus;cleaning products;;fruta e legumes
440;817;2023-11-01;8130,12;Mercado Central;2021-09-09;Carnes Selectas;meat;;bebidas
476;359;2025-07-14;1145,36;Mercado Central;2023-03-11;SnackHouse Distribuicao;snacks;;congelados
212;734;2025-08-03;2123,54;Mercado Central;2024-06-29;Congelados Norte;frozen goods;;talho
217;476;2024-06-03;872,07;FreshMart Gaia;2021-10-15;Padaria Industrial;bakery supplies;171,0;laticinios
348;344;2030-04-11;4156,65;BomPreco;2024-01-26;Congelados Norte;frozen goods;;bebidas
305;197;2026-02-03;7953,59;Nova Compra;2023-08-27;Carnes Selectas;meat;;laticinios
33;461;2033-04-01;1115,68;SuperNorte;2024-06-15;Lacteos do Vale;dairy;;higiene
79;530;2025-02-23;2162,14;FreshMart Gaia;2023-10-18;Casa Verde Horticolas;produce;2,0;peixaria
79;530;2025-02-23;3105,74;FreshMart Gaia;2023-10-18;Casa Verde Horticolas;produce;67,0;padaria
323;240;2021-10-17;1280,67;Nova Compra;2021-06-14;Casa Verde Horticolas;produce;82,0;talho
295;496;2027-06-29;1037,42;FreshMart Gaia;2024-02-12;Padaria Industrial;bakery supplies;;peixaria
104;603;2024-09-23;1424,74;Mercado Central;2023-01-07;Bebidas Lusas;beverages;;mercearia
238;202;2024-05-01;2740,41;Atlantico Market;2023-01-21;Frutaria Atlantica;produce;;mercearia
45;252;2024-02-06;2646,41;SuperNorte;2021-03-03;Frutaria Atlantica;produce;145,0;talho
397;279;2032-03-17;1635,23;FreshMart Gaia;2023-10-31;SnackHouse Distribuicao;snacks;32,0;congelados
148;309;2031-01-27;908,01;Atlantico Market;2025-02-26;SnackHouse Distribuicao;snacks;174,0;mercearia
320;891;2025-08-21;2902,48;Mercado Central;2024-03-23;Lacteos do Vale;dairy;;talho
135;991;2024-11-16;1925,56;SuperNorte;2022-07-27;Lacteos do Vale;dairy;;fruta e legumes
44;332;2029-12-24;529,41;Mercado Central;2024-10-03;Frutaria Atlantica;produce;56,0;peixaria
429;887;2023-02-17;7664,46;SuperNorte;2021-08-21;Carnes Selectas;meat;;padaria
268;637;2026-08-06;9115,95;Atlantico Market;2025-06-15;Carnes Selectas;meat;;congelados
281;359;2025-01-08;3000,0;Nova Compra;2024-07-19;SnackHouse Distribuicao;snacks;;mercearia
50;90;2032-06-01;1041,37;Mercado Central;2025-02-27;Casa Verde Horticolas;produce;;congelados
455;570;2025-09-02;780,85;Nova Compra;2024-05-14;Casa Verde Horticolas;produce;;congelados
152;660;2030-08-25;1538,05;Mercado Central;2023-11-30;Casa Verde Horticolas;produce;;padaria
71;916;2031-09-10;1262,43;Nova Compra;2024-03-23;Padaria Industrial;bakery supplies;136,0;talho
77;558;2024-09-21;4252,67;Nova Compra;2023-01-26;Peixe Fresco Iberico;seafood;;talho
141;221;2026-10-27;1050,75;SuperNorte;2021-05-17;Lacteos do Vale;dairy;;bebidas
478;20;2031-12-10;2563,16;Atlantico Market;2025-11-21;Casa Verde Horticolas;produce;;fruta e legumes
51;140;2024-08-14;1583,82;SuperNorte;2021-10-07;Casa Verde Horticolas;produce;112,0;padaria
40;705;2030-08-28;1819,6;Atlantico Market;2022-08-09;Higiene Plus;cleaning products;111,0;mercearia
261;413;2025-02-05;3776,75;SuperNorte;2023-10-28;Bebidas Lusas;beverages;;mercearia
396;753;2027-09-08;3479,92;BomPreco;2025-10-21;Bebidas Lusas;beverages;57,0;mercearia
33;126;2028-07-18;971,55;SuperNorte;2024-06-15;Padaria Industrial;bakery supplies;;higiene
85;569;2029-06-27;1404,21;FreshMart Gaia;2025-09-24;SnackHouse Distribuicao;snacks;;peixaria
216;540;2034-06-18;1505,07;BomPreco;2025-09-23;Casa Verde Horticolas;produce;;padaria
491;588;2032-05-02;3959,93;Nova Compra;2024-07-19;Peixe Fresco Iberico;seafood;;congelados
238;335;2029-04-25;1709,09;Atlantico Market;2023-01-21;Higiene Plus;cleaning products;;higiene
88;623;2021-07-05;6574,16;Atlantico Market;2021-03-26;Bebidas Lusas;beverages;62,0;fruta e legumes
22;551;2035-04-28;1716,44;Atlantico Market;2026-02-12;Lacteos do Vale;dairy;;congelados
284;517;2025-05-08;10000,0;Mercado Central;2023-04-30;Carnes Selectas;meat;153,0;laticinios
254;168;2029-04-26;7700,32;Mercado Central;2022-08-29;Peixe Fresco Iberico;seafood;90,0;laticinios
181;972;2028-09-04;2077,91;FreshMart Gaia;2021-08-25;Frutaria Atlantica;produce;113,0;congelados
77;464;2032-03-31;5774,05;Nova Compra;2023-01-26;Congelados Norte;frozen goods;;bebidas
178;241;2024-06-06;3334,31;Atlantico Market;2023-12-25;Lacteos do Vale;dairy;;fruta e legumes
242;527;2025-09-30;4401,04;Mercado Central;2022-10-19;Carnes Selectas;meat;;laticinios
422;834;2031-04-22;5519,49;Mercado Central;2021-05-10;Congelados Norte;frozen goods;;peixaria
74;521;2033-03-23;3443,38;Mercado Central;2025-11-11;Lacteos do Vale;dairy;3,0;mercearia
269;37;2033-01-15;4552,51;Nova Compra;2023-10-19;Carnes Selectas;meat;;congelados
90;142;2031-03-23;1853,95;BomPreco;2023-09-21;Frutaria Atlantica;produce;9,0;laticinios
162;504;2025-11-10;3044,54;BomPreco;2024-11-21;Congelados Norte;frozen goods;;congelados
157;963;2029-06-26;3003,82;FreshMart Gaia;2024-10-04;Bebidas Lusas;beverages;;peixaria
15;339;2024-10-31;1409,75;SuperNorte;2024-07-30;SnackHouse Distribuicao;snacks;;laticinios
408;994;2027-08-20;2862,59;BomPreco;2022-04-15;Congelados Norte;frozen goods;;fruta e legumes
442;242;2032-10-19;1798,33;Atlantico Market;2024-05-24;Frutaria Atlantica;produce;143,0;fruta e legumes
404;55;2031-01-07;1595,72;Mercado Central;2024-09-04;Higiene Plus;cleaning products;;peixaria
418;385;2025-10-12;1667,01;Atlantico Market;2023-10-04;Higiene Plus;cleaning products;24,0;bebidas
109;592;2025-12-16;1285,79;FreshMart Gaia;2021-02-19;Frutaria Atlantica;produce;;higiene
179;66;2027-10-17;761,21;Nova Compra;2024-10-24;Padaria Industrial;bakery supplies;;bebidas
390;335;2023-09-04;2016,51;BomPreco;2021-05-05;Higiene Plus;cleaning products;;laticinios
95;591;2022-10-29;1634,83;Nova Compra;2021-11-19;Lacteos do Vale;dairy;;fruta e legumes
2;898;2027-02-03;9418,62;Mercado Central;2022-09-10;Peixe Fresco Iberico;seafood;167,0;congelados
337;83;2027-03-14;2697,02;FreshMart Gaia;2025-05-15;Bebidas Lusas;beverages;117,0;laticinios
250;478;2029-12-01;7701,77;Atlantico Market;2025-01-13;Peixe Fresco Iberico;seafood;;peixaria
109;462;2025-04-14;2595,41;FreshMart Gaia;2021-02-19;Frutaria Atlantica;produce;;talho
482;748;2024-11-07;1972,78;Mercado Central;2023-10-18;Peixe Fresco Iberico;seafood;156,0;mercearia
384;25;2033-06-29;2032,49;BomPreco;2024-10-07;Higiene Plus;cleaning products;;fruta e legumes
96;141;2031-06-26;3866,31;BomPreco;2023-11-03;Lacteos do Vale;dairy;;congelados
198;66;2034-07-07;870,22;BomPreco;2025-11-21;Padaria Industrial;bakery supplies;;laticinios
207;426;2029-08-10;1168,34;SuperNorte;2022-08-16;Padaria Industrial;bakery supplies;;higiene
50;10;2026-01-19;1268,18;Mercado Central;2025-02-27;Casa Verde Horticolas;produce;;padaria
468;38;2024-02-25;7655,07;BomPreco;2021-07-29;Peixe Fresco Iberico;seafood;;padaria
390;173;2026-07-16;7000,0;BomPreco;2021-05-05;Bebidas Lusas;beverages;;laticinios
225;115;2034-03-29;511,67;SuperNorte;2025-06-18;Higiene Plus;cleaning products;97,0;higiene
447;633;2024-08-30;2993,48;SuperNorte;2023-10-11;Bebidas Lusas;beverages;64,0;talho
302;430;2024-12-21;2647,79;Mercado Central;2023-08-01;Casa Verde Horticolas;produce;;mercearia
460;201;2031-07-14;3793,09;Atlantico Market;2024-04-23;Lacteos do Vale;dairy;;higiene
404;338;2027-10-03;3489,34;Mercado Central;2024-09-04;Peixe Fresco Iberico;seafood;;higiene
298;645;2024-07-10;1031,76;Atlantico Market;2023-03-05;Higiene Plus;cleaning products;;congelados
499;108;2024-07-06;5006,11;FreshMart Gaia;2023-08-29;Peixe Fresco Iberico;seafood;;mercearia
255;39;2025-02-17;1229,89;SuperNorte;2024-01-22;SnackHouse Distribuicao;snacks;129,0;mercearia
386;706;2031-12-06;949,06;Mercado Central;2024-08-11;Padaria Industrial;bakery supplies;;fruta e legumes
379;474;2024-09-17;2260,77;FreshMart Gaia;2024-02-27;Congelados Norte;frozen goods;;bebidas
295;184;2027-11-16;3834,65;FreshMart Gaia;2024-02-12;Congelados Norte;frozen goods;;mercearia
140;953;2032-03-26;2460,81;Mercado Central;2022-07-22;Bebidas Lusas;beverages;;peixaria
126;675;2030-09-23;1333,05;BomPreco;2022-12-13;Higiene Plus;cleaning products;;laticinios
29;790;2033-04-21;1347,0;Nova Compra;2025-01-17;Casa Verde Horticolas;produce;;padaria
444;362;2030-08-13;1714,5;BomPreco;2025-11-27;Frutaria Atlantica;produce;164,0;peixaria
14;557;2032-04-02;3387,19;Mercado Central;2022-12-20;Carnes Selectas;meat;12,0;mercearia
353;860;2023-07-19;2840,28;Nova Compra;2021-02-20;Casa Verde Horticolas;produce;;mercearia
266;143;2023-07-18;3238,91;Mercado Central;2022-11-17;Bebidas Lusas;beverages;;higiene
185;262;2024-05-16;1861,55;Nova Compra;2023-05-21;Frutaria Atlantica;produce;;congelados
480;284;2022-03-09;4026,9;BomPreco;2022-01-15;Congelados Norte;frozen goods;;mercearia
277;279;2033-09-14;1655,38;FreshMart Gaia;2026-02-03;SnackHouse Distribuicao;snacks;;talho
453;10;2030-05-10;1851,83;SuperNorte;2025-10-17;Casa Verde Horticolas;produce;;fruta e legumes
480;887;2022-07-27;7757,9;BomPreco;2022-01-15;Carnes Selectas;meat;;higiene
17;175;2025-07-05;1208,92;Nova Compra;2021-06-10;Higiene Plus;cleaning products;;fruta e legumes
155;139;2024-06-15;1193,47;Nova Compra;2021-06-09;SnackHouse Distribuicao;snacks;121,0;padaria
378;860;2024-07-24;1885,06;BomPreco;2021-04-27;Casa Verde Horticolas;produce;137,0;peixaria
28;235;2025-03-03;1043,57;Atlantico Market;2023-02-26;Higiene Plus;cleaning products;;fruta e legumes
361;627;2024-06-27;5220,99;FreshMart Gaia;2023-03-12;Carnes Selectas;meat;;higiene
220;752;2030-12-20;1152,32;Atlantico Market;2024-11-09;Frutaria Atlantica;produce;;laticinios
281;235;2025-08-29;2205,28;Nova Compra;2024-07-19;Higiene Plus;cleaning products;;fruta e legumes
486;462;2024-05-13;1302,06;BomPreco;2022-02-26;Frutaria Atlantica;produce;;fruta e legumes
361;956;2023-04-17;1715,55;FreshMart Gaia;2023-03-12;Padaria Industrial;bakery supplies;;fruta e legumes
42;823;2032-08-26;3648,26;BomPreco;2022-11-03;Bebidas Lusas;beverages;;peixaria
67;920;2032-04-26;2719,52;FreshMart Gaia;2023-11-18;Casa Verde Horticolas;produce;;mercearia
456;363;2034-04-05;2655,06;BomPreco;2025-06-07;Bebidas Lusas;beverages;;padaria
224;85;2029-04-29;567,44;Mercado Central;2024-04-11;Higiene Plus;cleaning products;98,0;fruta e legumes
257;404;2025-07-23;2047,56;Nova Compra;2021-04-16;Congelados Norte;frozen goods;21,0;mercearia
257;404;2025-07-23;8000,0;Nova Compra;2021-04-16;Congelados Norte;frozen goods;91,0;talho
63;859;2023-03-30;1260,74;SuperNorte;2023-01-21;SnackHouse Distribuicao;snacks;50,0;congelados
63;859;2023-03-30;2702,15;SuperNorte;2023-01-21;SnackHouse Distribuicao;snacks;132,0;bebidas
169;473;2035-03-31;2091,26;FreshMart Gaia;2025-07-10;Bebidas Lusas;beverages;;padaria
434;538;2034-05-08;7044,78;Mercado Central;2025-07-06;Peixe Fresco Iberico;seafood;95,0;congelados
358;446;2031-03-12;1169,74;Atlantico Market;2024-06-13;Padaria Industrial;bakery supplies;;laticinios
307;787;2028-12-24;10000,0;FreshMart Gaia;2022-08-19;Carnes Selectas;meat;197,0;fruta e legumes
197;130;2025-02-05;1603,44;Nova Compra;2023-07-18;Casa Verde Horticolas;produce;;talho
449;732;2029-09-14;1343,28;Nova Compra;2024-02-23;Frutaria Atlantica;produce;;talho
202;456;2025-03-28;1171,07;Atlantico Market;2022-03-22;Padaria Industrial;bakery supplies;;mercearia
355;302;2027-03-18;1220,23;FreshMart Gaia;2025-09-12;Frutaria Atlantica;produce;60,0;bebidas
192;736;2028-05-21;1202,39;BomPreco;2023-05-20;Padaria Industrial;bakery supplies;80,0;fruta e legumes
169;947;2027-11-20;5271,57;FreshMart Gaia;2025-07-10;Carnes Selectas;meat;;fruta e legumes
418;310;2032-02-11;1317,81;Atlantico Market;2023-10-04;Casa Verde Horticolas;produce;24,0;bebidas
128;708;2022-10-22;8119,55;Mercado Central;2021-12-26;Peixe Fresco Iberico;seafood;;higiene
347;74;2024-09-19;4514,79;Nova Compra;2023-12-27;Congelados Norte;frozen goods;;bebidas
465;248;2027-06-15;9151,76;SuperNorte;2024-12-20;Peixe Fresco Iberico;seafood;;padaria
140;676;2029-01-10;1800,0;Mercado Central;2022-07-22;Padaria Industrial;bakery supplies;;congelados
72;288;2022-11-19;5186,52;BomPreco;2021-04-11;Peixe Fresco Iberico;seafood;;laticinios
42;535;2023-10-24;1142,56;BomPreco;2022-11-03;Higiene Plus;cleaning products;;talho
237;320;2030-07-11;1009,69;SuperNorte;2025-07-18;Casa Verde Horticolas;produce;;higiene
108;188;2025-12-15;8217,5;BomPreco;2021-06-26;Peixe Fresco Iberico;seafood;;peixaria
254;186;2028-12-21;748,16;Mercado Central;2022-08-29;Padaria Industrial;bakery supplies;90,0;laticinios
267;452;2034-06-05;2161,22;SuperNorte;2025-12-26;Frutaria Atlantica;produce;;padaria
397;993;2031-10-07;6335,82;FreshMart Gaia;2023-10-31;Bebidas Lusas;beverages;32,0;congelados
456;588;2027-11-14;4777,05;BomPreco;2025-06-07;Peixe Fresco Iberico;seafood;;congelados
408;571;2030-12-18;1736,79;BomPreco;2022-04-15;Lacteos do Vale;dairy;;congelados
137;362;2024-08-05;2920,39;Nova Compra;2021-03-16;Frutaria Atlantica;produce;150,0;bebidas
218;637;2032-09-29;7424,16;Mercado Central;2025-07-13;Carnes Selectas;meat;;bebidas
442;41;2024-10-10;2818,3;Atlantico Market;2024-05-24;Lacteos do Vale;dairy;143,0;fruta e legumes
358;572;2026-09-25;1551,25;Atlantico Market;2024-06-13;Frutaria Atlantica;produce;;talho
382;417;2024-07-25;2829,69;Atlantico Market;2023-09-03;Carnes Selectas;meat;;bebidas
255;379;2033-06-16;1197,76;SuperNorte;2024-01-22;SnackHouse Distribuicao;snacks;129,0;mercearia
42;260;2023-05-06;1174,59;BomPreco;2022-11-03;Casa Verde Horticolas;produce;;talho
411;17;2025-03-07;7015,31;SuperNorte;2023-06-02;Carnes Selectas;meat;;talho
86;137;2030-12-14;6137,6;Mercado Central;2025-11-24;Carnes Selectas;meat;;bebidas
51;783;2022-04-15;2864,46;SuperNorte;2021-10-07;Bebidas Lusas;beverages;112,0;padaria
240;969;2030-04-17;1361,02;BomPreco;2023-03-19;SnackHouse Distribuicao;snacks;106,0;higiene
239;344;2030-10-13;5326,3;Nova Compra;2022-04-05;Congelados Norte;frozen goods;120,0;mercearia
291;993;2025-04-27;3248,06;SuperNorte;2024-09-22;Bebidas Lusas;beverages;;higiene
250;955;2030-10-08;1058,59;Atlantico Market;2025-01-13;Higiene Plus;cleaning products;;higiene
486;11;2026-02-06;4000,0;BomPreco;2022-02-26;Lacteos do Vale;dairy;;congelados
490;224;2024-02-05;3357,79;Atlantico Market;2023-10-13;Congelados Norte;frozen goods;;higiene
447;512;2025-08-11;2499,46;SuperNorte;2023-10-11;Frutaria Atlantica;produce;64,0;talho
101;482;2028-08-18;2207,46;Nova Compra;2023-02-01;Frutaria Atlantica;produce;;talho
308;659;2029-12-20;831,36;Mercado Central;2022-07-13;SnackHouse Distribuicao;snacks;;laticinios
390;191;2022-06-13;1583,95;BomPreco;2021-05-05;Lacteos do Vale;dairy;;padaria
186;260;2022-03-19;2674,57;BomPreco;2021-08-09;Casa Verde Horticolas;produce;;padaria
382;646;2027-07-08;942,55;Atlantico Market;2023-09-03;Padaria Industrial;bakery supplies;;talho
125;102;2028-08-15;956,92;Nova Compra;2024-01-05;Frutaria Atlantica;produce;;fruta e legumes
449;341;2025-06-15;2567,64;Nova Compra;2024-02-23;Lacteos do Vale;dairy;;congelados
219;55;2033-07-19;1058,04;SuperNorte;2025-01-12;Higiene Plus;cleaning products;175,0;padaria
106;814;2033-08-16;5231,86;Atlantico Market;2024-07-22;Congelados Norte;frozen goods;;talho
217;536;2025-04-03;1800,0;FreshMart Gaia;2021-10-15;Padaria Industrial;bakery supplies;171,0;laticinios
113;229;2024-07-28;1959,86;Nova Compra;2021-11-05;SnackHouse Distribuicao;snacks;188,0;fruta e legumes
417;533;2029-04-24;4939,35;SuperNorte;2023-07-19;Bebidas Lusas;beverages;;talho
323;855;2023-12-26;1226,49;Nova Compra;2021-06-14;Higiene Plus;cleaning products;82,0;talho
69;881;2023-07-04;1299,08;SuperNorte;2021-06-05;Lacteos do Vale;dairy;;higiene
220;943;2031-08-31;5944,83;Atlantico Market;2024-11-09;Bebidas Lusas;beverages;;talho
218;325;2028-02-02;1046,89;Mercado Central;2025-07-13;Higiene Plus;cleaning products;;higiene
319;830;2026-04-21;1668,72;FreshMart Gaia;2025-11-02;Casa Verde Horticolas;produce;;peixaria
499;636;2024-01-31;1800,0;FreshMart Gaia;2023-08-29;Padaria Industrial;bakery supplies;;bebidas
266;522;2025-06-06;1589,18;Mercado Central;2022-11-17;Frutaria Atlantica;produce;;peixaria
350;853;2033-06-14;6479,57;Mercado Central;2025-07-14;Bebidas Lusas;beverages;;bebidas
297;42;2032-06-30;2202,41;SuperNorte;2022-11-01;Frutaria Atlantica;produce;;mercearia
139;358;2028-08-29;5067,82;FreshMart Gaia;2023-09-26;Peixe Fresco Iberico;seafood;148,0;padaria
208;417;2031-01-01;6296,74;Atlantico Market;2024-12-15;Carnes Selectas;meat;176,0;congelados
440;447;2025-05-24;3911,85;Mercado Central;2021-09-09;Carnes Selectas;meat;;higiene
153;843;2030-10-26;5634,35;SuperNorte;2024-02-05;Bebidas Lusas;beverages;;bebidas
288;167;2034-03-05;9464,91;BomPreco;2025-10-31;Carnes Selectas;meat;;talho
198;879;2032-12-20;1686,79;BomPreco;2025-11-21;SnackHouse Distribuicao;snacks;;fruta e legumes
358;38;2025-11-19;11892,6;Atlantico Market;2024-06-13;Peixe Fresco Iberico;seafood;;bebidas
384;921;2025-12-04;2310,59;BomPreco;2024-10-07;Lacteos do Vale;dairy;;padaria
335;899;2028-04-25;2490,06;Nova Compra;2024-12-25;SnackHouse Distribuicao;snacks;139,0;padaria
470;650;2028-01-24;3500,0;Mercado Central;2022-09-27;Casa Verde Horticolas;produce;84,0;mercearia
186;742;2022-10-19;3500,0;BomPreco;2021-08-09;Frutaria Atlantica;produce;;higiene
59;301;2024-12-19;1980,44;Nova Compra;2024-05-26;Lacteos do Vale;dairy;;talho
463;873;2027-12-23;4279,49;FreshMart Gaia;2025-03-11;Bebidas Lusas;beverages;108,0;laticinios
241;525;2023-11-24;855,71;FreshMart Gaia;2022-04-14;Higiene Plus;cleaning products;51,0;bebidas
119;812;2033-10-30;2650,04;Nova Compra;2024-10-31;Frutaria Atlantica;produce;;padaria
462;223;2028-06-07;4467,83;BomPreco;2022-01-14;Bebidas Lusas;beverages;38,0;peixaria
434;576;2033-09-15;705,88;Mercado Central;2025-07-06;Padaria Industrial;bakery supplies;95,0;congelados
500;204;2024-08-11;7335,29;Mercado Central;2022-04-18;Congelados Norte;frozen goods;;bebidas
225;986;2035-01-20;887,34;SuperNorte;2025-06-18;Padaria Industrial;bakery supplies;97,0;higiene
280;926;2032-03-19;791,04;Atlantico Market;2025-05-05;Padaria Industrial;bakery supplies;115,0;higiene
129;814;2024-03-12;5146,87;SuperNorte;2021-08-18;Congelados Norte;frozen goods;;higiene
412;686;2034-07-18;811,17;Atlantico Market;2024-08-06;Padaria Industrial;bakery supplies;36,0;laticinios
359;945;2024-03-02;1355,54;Nova Compra;2021-05-09;Higiene Plus;cleaning products;;congelados
447;700;2027-07-25;3500,0;SuperNorte;2023-10-11;Casa Verde Horticolas;produce;64,0;talho
424;348;2028-06-06;4929,29;Atlantico Market;2025-08-18;Peixe Fresco Iberico;seafood;;fruta e legumes
360;229;2024-01-09;2236,05;BomPreco;2023-03-19;SnackHouse Distribuicao;snacks;200,0;peixaria
471;192;2031-08-26;1422,78;SuperNorte;2024-09-26;Frutaria Atlantica;produce;119,0;peixaria
205;909;2028-03-31;1064,86;FreshMart Gaia;2026-01-02;SnackHouse Distribuicao;snacks;;bebidas
396;26;2033-04-20;963,97;BomPreco;2025-10-21;Padaria Industrial;bakery supplies;57,0;mercearia
454;540;2025-08-06;3500,0;Atlantico Market;2022-02-05;Casa Verde Horticolas;produce;;bebidas
142;232;2024-11-16;2629,82;Atlantico Market;2023-11-17;Frutaria Atlantica;produce;;laticinios
243;424;2026-09-25;5293,81;SuperNorte;2025-04-24;Congelados Norte;frozen goods;;talho
73;965;2026-03-29;1085,9;FreshMart Gaia;2025-01-05;Higiene Plus;cleaning products;61,0;higiene
157;699;2026-07-07;1387,79;FreshMart Gaia;2024-10-04;SnackHouse Distribuicao;snacks;;padaria
325;67;2033-10-07;2769,96;FreshMart Gaia;2024-03-27;Carnes Selectas;meat;;higiene
384;245;2025-10-14;2500,0;BomPreco;2024-10-07;Higiene Plus;cleaning products;;talho
308;802;2026-07-01;2087,98;Mercado Central;2022-07-13;Frutaria Atlantica;produce;;bebidas
152;223;2024-09-11;4069,96;Mercado Central;2023-11-30;Bebidas Lusas;beverages;;peixaria
364;446;2025-01-22;1096,07;Atlantico Market;2021-12-06;Padaria Industrial;bakery supplies;;padaria
150;234;2028-01-08;8000,0;BomPreco;2025-02-06;Congelados Norte;frozen goods;;talho
276;706;2021-07-14;1144,28;BomPreco;2021-06-07;Padaria Industrial;bakery supplies;;talho
195;871;2022-12-15;1971,57;SuperNorte;2022-02-10;Lacteos do Vale;dairy;162,0;laticinios
6;774;2034-03-15;8000,0;BomPreco;2026-02-05;Congelados Norte;frozen goods;;padaria
141;94;2027-07-01;4056,3;SuperNorte;2021-05-17;Congelados Norte;frozen goods;;peixaria
295;795;2026-04-24;642,26;FreshMart Gaia;2024-02-12;Higiene Plus;cleaning products;;padaria
370;376;2024-12-14;503,01;Atlantico Market;2023-01-22;Padaria Industrial;bakery supplies;7,0;higiene
352;870;2022-06-12;1697,09;Atlantico Market;2022-04-17;Casa Verde Horticolas;produce;;peixaria
315;845;2028-12-26;1567,83;SuperNorte;2025-10-02;Higiene Plus;cleaning products;;padaria
128;947;2025-05-13;7816,79;Mercado Central;2021-12-26;Carnes Selectas;meat;;higiene
115;255;2027-01-09;909,57;FreshMart Gaia;2025-01-26;Higiene Plus;cleaning products;;higiene
329;542;2025-05-12;1671,66;Nova Compra;2023-01-15;Frutaria Atlantica;produce;198,0;laticinios
444;289;2035-05-16;1146,18;BomPreco;2025-11-27;SnackHouse Distribuicao;snacks;164,0;peixaria
391;706;2027-01-07;1650,65;FreshMart Gaia;2024-03-07;Padaria Industrial;bakery supplies;;padaria
178;510;2030-02-01;3294,57;Atlantico Market;2023-12-25;Casa Verde Horticolas;produce;;mercearia
481;923;2024-12-30;7000,0;FreshMart Gaia;2023-11-19;Bebidas Lusas;beverages;166,0;padaria
446;195;2024-12-16;1610,66;Mercado Central;2022-09-29;Higiene Plus;cleaning products;187,0;higiene
59;815;2025-06-07;2500,0;Nova Compra;2024-05-26;Higiene Plus;cleaning products;;fruta e legumes
62;104;2026-07-30;3148,13;Mercado Central;2023-12-03;Congelados Norte;frozen goods;186,0;bebidas
430;170;2032-04-18;2038,8;Atlantico Market;2025-03-04;Casa Verde Horticolas;produce;53,0;fruta e legumes
430;170;2033-05-29;1147,77;Atlantico Market;2025-03-04;Casa Verde Horticolas;produce;183,0;mercearia
496;992;2026-10-11;2394,53;Atlantico Market;2025-03-17;Frutaria Atlantica;produce;;talho
31;235;2029-03-08;1562,97;FreshMart Gaia;2023-08-26;Higiene Plus;cleaning products;;laticinios
376;644;2032-05-09;1425,3;Atlantico Market;2025-07-22;Congelados Norte;frozen goods;;padaria
19;928;2031-11-18;10709,44;FreshMart Gaia;2023-01-09;Peixe Fresco Iberico;seafood;160,0;higiene
339;630;2028-08-08;2718,54;SuperNorte;2022-10-13;Casa Verde Horticolas;produce;155,0;peixaria
239;302;2024-06-21;1440,73;Nova Compra;2022-04-05;Frutaria Atlantica;produce;120,0;mercearia
123;681;2024-12-31;2440,04;SuperNorte;2023-03-06;Lacteos do Vale;dairy;185,0;congelados
70;181;2024-06-13;1097,77;Atlantico Market;2021-12-25;Lacteos do Vale;dairy;;talho
41;238;2025-11-02;4596,08;Nova Compra;2024-05-01;Peixe Fresco Iberico;seafood;;laticinios
230;545;2029-07-31;2500,0;Mercado Central;2025-02-06;Higiene Plus;cleaning products;;bebidas
393;457;2031-08-20;3212,16;SuperNorte;2025-10-05;Carnes Selectas;meat;;bebidas
465;921;2025-07-05;2159,26;SuperNorte;2024-12-20;Lacteos do Vale;dairy;;talho
366;370;2031-08-28;986,91;BomPreco;2021-10-13;Casa Verde Horticolas;produce;;talho
115;104;2033-04-21;5006,27;FreshMart Gaia;2025-01-26;Congelados Norte;frozen goods;;higiene
491;172;2029-10-29;2383,14;Nova Compra;2024-07-19;Frutaria Atlantica;produce;;peixaria
81;300;2030-04-12;2562,66;SuperNorte;2024-04-22;Casa Verde Horticolas;produce;130,0;padaria
196;398;2028-01-11;8023,66;Atlantico Market;2025-12-17;Peixe Fresco Iberico;seafood;4,0;padaria
196;398;2034-11-19;12000,0;Atlantico Market;2025-12-17;Peixe Fresco Iberico;seafood;159,0;bebidas
256;58;2029-03-18;5065,69;Atlantico Market;2023-04-01;Peixe Fresco Iberico;seafood;33,0;bebidas
256;58;2029-03-31;4037,31;Atlantico Market;2023-04-01;Peixe Fresco Iberico;seafood;135,0;laticinios
461;796;2029-04-25;767,8;Nova Compra;2025-03-18;Padaria Industrial;bakery supplies;;peixaria
339;247;2024-06-13;2946,43;SuperNorte;2022-10-13;Carnes Selectas;meat;155,0;peixaria
408;840;2023-01-28;1916,76;BomPreco;2022-04-15;Casa Verde Horticolas;produce;;laticinios
162;261;2031-06-13;2019,07;BomPreco;2024-11-21;Lacteos do Vale;dairy;;talho
346;520;2022-06-27;2293,5;Atlantico Market;2021-02-27;Casa Verde Horticolas;produce;;congelados
157;533;2026-01-08;1812,03;FreshMart Gaia;2024-10-04;Bebidas Lusas;beverages;;bebidas
319;76;2033-05-19;994,16;FreshMart Gaia;2025-11-02;Padaria Industrial;bakery supplies;;peixaria
224;118;2025-11-03;11226,97;Mercado Central;2024-04-11;Peixe Fresco Iberico;seafood;98,0;fruta e legumes
75;240;2025-01-16;2393,34;SuperNorte;2024-05-04;Casa Verde Horticolas;produce;65,0;peixaria
75;240;2025-01-16;788,36;SuperNorte;2024-05-04;Casa Verde Horticolas;produce;170,0;fruta e legumes
236;739;2033-01-30;1641,33;Mercado Central;2024-07-03;SnackHouse Distribuicao;snacks;;mercearia
406;423;2024-08-19;2696,64;Atlantico Market;2022-12-02;Bebidas Lusas;beverages;93,0;mercearia
409;399;2031-11-11;1659,58;FreshMart Gaia;2025-03-31;SnackHouse Distribuicao;snacks;;talho
314;228;2027-09-26;5476,73;Mercado Central;2024-07-14;Peixe Fresco Iberico;seafood;;laticinios
192;266;2024-10-09;1800,0;BomPreco;2023-05-20;Padaria Industrial;bakery supplies;80,0;fruta e legumes
30;294;2029-01-07;4469,1;BomPreco;2025-01-06;Congelados Norte;frozen goods;29,0;peixaria
30;294;2032-02-02;4958,76;BomPreco;2025-01-06;Congelados Norte;frozen goods;199,0;talho
29;613;2032-05-30;3676,38;Nova Compra;2025-01-17;Bebidas Lusas;beverages;;laticinios
271;175;2033-11-12;1702,26;FreshMart Gaia;2025-10-11;Higiene Plus;cleaning products;;padaria
367;35;2024-03-30;1247,14;FreshMart Gaia;2022-02-26;Higiene Plus;cleaning products;;congelados
336;299;2025-09-11;2336,98;BomPreco;2021-05-18;SnackHouse Distribuicao;snacks;10,0;talho
84;614;2024-02-14;3604,74;BomPreco;2022-05-29;Congelados Norte;frozen goods;;talho
172;121;2026-04-18;3994,31;Atlantico Market;2025-06-28;Lacteos do Vale;dairy;;laticinios
234;680;2026-01-31;2313,1;BomPreco;2022-02-27;Casa Verde Horticolas;produce;;higiene
41;648;2025-02-03;6068,74;Nova Compra;2024-05-01;Peixe Fresco Iberico;seafood;;mercearia
215;770;2030-08-08;2702,36;Nova Compra;2022-05-12;Casa Verde Horticolas;produce;;talho
71;999;2025-01-19;2059,86;Nova Compra;2024-03-23;SnackHouse Distribuicao;snacks;136,0;talho
500;578;2029-05-06;9431,87;Mercado Central;2022-04-18;Peixe Fresco Iberico;seafood;;laticinios
176;278;2030-03-20;6755,7;Mercado Central;2023-03-01;Peixe Fresco Iberico;seafood;;fruta e legumes
87;298;2022-09-16;5831,46;SuperNorte;2022-03-07;Peixe Fresco Iberico;seafood;;fruta e legumes
42;7;2025-09-04;5738,93;BomPreco;2022-11-03;Carnes Selectas;meat;;fruta e legumes
292;941;2025-10-11;1716,52;Atlantico Market;2023-07-16;Lacteos do Vale;dairy;17,0;fruta e legumes
327;395;2025-01-05;2136,46;SuperNorte;2023-06-01;Higiene Plus;cleaning products;94,0;padaria
90;17;2024-05-22;10000,0;BomPreco;2023-09-21;Carnes Selectas;meat;9,0;laticinios
29;81;2026-02-19;2789,98;Nova Compra;2025-01-17;Lacteos do Vale;dairy;;padaria
33;893;2030-01-18;7000,0;SuperNorte;2024-06-15;Bebidas Lusas;beverages;;congelados
415;203;2025-04-22;6226,69;FreshMart Gaia;2024-03-20;Bebidas Lusas;beverages;;congelados
319;116;2026-12-13;886,29;FreshMart Gaia;2025-11-02;Padaria Industrial;bakery supplies;;fruta e legumes
95;472;2023-08-24;2694,71;Nova Compra;2021-11-19;Frutaria Atlantica;produce;;congelados
128;276;2025-01-12;561,39;Mercado Central;2021-12-26;Padaria Industrial;bakery supplies;;higiene
171;120;2028-02-11;2011,57;SuperNorte;2025-12-02;Casa Verde Horticolas;produce;13,0;padaria
43;721;2026-09-11;1262,9;FreshMart Gaia;2025-06-14;Lacteos do Vale;dairy;;congelados
61;635;2025-10-31;1308,8;FreshMart Gaia;2021-12-07;Higiene Plus;cleaning products;;fruta e legumes
11;274;2022-06-25;2249,6;Nova Compra;2022-01-12;Congelados Norte;frozen goods;;talho
121;755;2025-04-05;2249,91;FreshMart Gaia;2022-03-07;Higiene Plus;cleaning products;;fruta e legumes
283;906;2023-03-21;837,2;FreshMart Gaia;2022-11-06;Padaria Industrial;bakery supplies;43,0;higiene
133;682;2024-01-06;2781,61;FreshMart Gaia;2023-08-18;Frutaria Atlantica;produce;26,0;fruta e legumes
88;498;2025-11-30;6282,81;Atlantico Market;2021-03-26;Peixe Fresco Iberico;seafood;62,0;fruta e legumes
380;513;2032-06-17;1635,36;Mercado Central;2022-09-25;Bebidas Lusas;beverages;;mercearia
67;931;2024-08-08;1729,09;FreshMart Gaia;2023-11-18;Lacteos do Vale;dairy;;talho
400;398;2027-05-06;5119,12;Atlantico Market;2021-10-07;Peixe Fresco Iberico;seafood;;bebidas
194;437;2029-01-08;5364,21;Mercado Central;2025-10-06;Carnes Selectas;meat;;higiene
233;562;2023-12-19;3500,0;Nova Compra;2023-12-13;Frutaria Atlantica;produce;;fruta e legumes
215;812;2023-03-12;3500,0;Nova Compra;2022-05-12;Frutaria Atlantica;produce;;fruta e legumes
376;204;2033-05-17;3875,06;Atlantico Market;2025-07-22;Congelados Norte;frozen goods;;laticinios
71;90;2025-03-20;1049,23;Nova Compra;2024-03-23;Casa Verde Horticolas;produce;136,0;talho
310;443;2026-04-09;2682,92;Atlantico Market;2022-09-29;Bebidas Lusas;beverages;;bebidas
477;450;2026-04-27;2295,64;SuperNorte;2022-01-25;Casa Verde Horticolas;produce;;talho
391;946;2027-10-06;952,46;FreshMart Gaia;2024-03-07;Padaria Industrial;bakery supplies;;higiene
20;300;2030-09-04;910,55;Mercado Central;2025-07-10;Casa Verde Horticolas;produce;;higiene
474;625;2030-04-23;1096,19;BomPreco;2023-04-15;Higiene Plus;cleaning products;;peixaria
353;13;2024-02-11;6766,37;Nova Compra;2021-02-20;Bebidas Lusas;beverages;;congelados
144;818;2025-07-15;7413,61;BomPreco;2022-09-23;Peixe Fresco Iberico;seafood;;mercearia
361;448;2025-11-21;6639,81;FreshMart Gaia;2023-03-12;Peixe Fresco Iberico;seafood;;mercearia
348;333;2024-09-14;3148,1;BomPreco;2024-01-26;Bebidas Lusas;beverages;;laticinios
27;297;2026-06-09;4390,39;SuperNorte;2022-08-07;Carnes Selectas;meat;42,0;bebidas
111;455;2023-11-15;1756,35;SuperNorte;2021-08-21;Higiene Plus;cleaning products;;congelados
478;963;2027-12-28;3997,56;Atlantico Market;2025-11-21;Bebidas Lusas;beverages;;padaria
21;836;2033-10-13;1414,76;SuperNorte;2024-04-14;Padaria Industrial;bakery supplies;;congelados
26;451;2024-10-12;2749,61;Mercado Central;2022-05-29;Lacteos do Vale;dairy;;laticinios
281;810;2034-06-01;1866,49;Nova Compra;2024-07-19;Casa Verde Horticolas;produce;;congelados
480;778;2022-12-06;7726,81;BomPreco;2022-01-15;Peixe Fresco Iberico;seafood;;padaria
492;310;2024-07-17;1417,01;BomPreco;2023-12-08;Casa Verde Horticolas;produce;;fruta e legumes
494;224;2028-01-17;4207,8;Mercado Central;2024-11-22;Congelados Norte;frozen goods;;bebidas
179;39;2028-06-15;3000,0;Nova Compra;2024-10-24;SnackHouse Distribuicao;snacks;;talho
12;369;2024-09-07;1657,97;BomPreco;2024-07-15;SnackHouse Distribuicao;snacks;;congelados
277;843;2033-01-23;3400,83;FreshMart Gaia;2026-02-03;Bebidas Lusas;beverages;;peixaria
246;250;2022-01-22;2033,8;BomPreco;2021-03-04;Casa Verde Horticolas;produce;161,0;fruta e legumes
246;250;2022-01-22;1094,92;BomPreco;2021-03-04;Casa Verde Horticolas;produce;191,0;peixaria
42;352;2025-01-07;2043,3;BomPreco;2022-11-03;Frutaria Atlantica;produce;;laticinios
32;141;2028-01-13;4000,0;Mercado Central;2023-07-31;Lacteos do Vale;dairy;;peixaria
242;733;2023-10-02;2606,16;Mercado Central;2022-10-19;Bebidas Lusas;beverages;;talho
41;567;2025-08-13;6089,55;Nova Compra;2024-05-01;Carnes Selectas;meat;;mercearia
424;293;2030-02-22;3710,56;Atlantico Market;2025-08-18;Bebidas Lusas;beverages;;congelados
450;864;2031-02-03;4206,06;BomPreco;2021-02-18;Congelados Norte;frozen goods;;talho
51;505;2025-07-26;1334,09;SuperNorte;2021-10-07;Higiene Plus;cleaning products;112,0;padaria
12;426;2031-05-22;1379,11;BomPreco;2024-07-15;Padaria Industrial;bakery supplies;;mercearia
20;612;2033-10-26;1128,66;Mercado Central;2025-07-10;Frutaria Atlantica;produce;;laticinios
24;825;2024-11-26;1874,53;BomPreco;2023-04-04;Higiene Plus;cleaning products;;congelados
4;537;2025-09-06;5570,64;Atlantico Market;2024-06-23;Carnes Selectas;meat;;congelados
170;596;2026-07-23;452,38;Mercado Central;2024-11-23;Padaria Industrial;bakery supplies;149,0;congelados
282;281;2024-05-16;2550,77;BomPreco;2022-10-01;Lacteos do Vale;dairy;31,0;padaria
282;281;2024-05-16;2263,09;BomPreco;2022-10-01;Lacteos do Vale;dairy;142,0;higiene
473;960;2024-03-08;1249,69;Nova Compra;2021-08-09;Casa Verde Horticolas;produce;69,0;bebidas
40;448;2022-09-03;6987,06;Atlantico Market;2022-08-09;Peixe Fresco Iberico;seafood;111,0;mercearia
33;988;2029-06-04;3594,78;SuperNorte;2024-06-15;Peixe Fresco Iberico;seafood;;higiene
495;977;2023-02-27;3968,08;SuperNorte;2022-10-02;Carnes Selectas;meat;110,0;peixaria
456;943;2029-01-15;3812,92;BomPreco;2025-06-07;Bebidas Lusas;beverages;;bebidas
254;609;2024-05-31;772,79;Mercado Central;2022-08-29;SnackHouse Distribuicao;snacks;90,0;laticinios
173;1000;2031-03-06;1101,93;Nova Compra;2022-01-16;Casa Verde Horticolas;produce;104,0;congelados
240;467;2023-04-10;3440,28;BomPreco;2023-03-19;Carnes Selectas;meat;106,0;higiene
56;551;2025-08-03;2227,98;Mercado Central;2023-09-26;Lacteos do Vale;dairy;78,0;bebidas
56;551;2029-10-07;2622,35;Mercado Central;2023-09-26;Lacteos do Vale;dairy;134,0;fruta e legumes
451;691;2022-07-20;1438,65;FreshMart Gaia;2022-01-11;Lacteos do Vale;dairy;63,0;laticinios
333;658;2028-11-03;4240,93;SuperNorte;2021-06-28;Peixe Fresco Iberico;seafood;;higiene
182;461;2022-06-04;2287,86;Mercado Central;2021-08-07;Lacteos do Vale;dairy;85,0;padaria
197;884;2024-09-30;4520,54;Nova Compra;2023-07-18;Congelados Norte;frozen goods;;mercearia
404;978;2032-08-29;4743,12;Mercado Central;2024-09-04;Peixe Fresco Iberico;seafood;;laticinios
410;250;2027-05-09;3500,0;Mercado Central;2025-10-07;Casa Verde Horticolas;produce;;higiene
274;269;2024-12-04;1792,75;Atlantico Market;2021-09-17;SnackHouse Distribuicao;snacks;;higiene
34;728;2024-03-30;6020,85;Atlantico Market;2021-09-25;Peixe Fresco Iberico;seafood;;congelados
422;284;2021-07-13;3614,21;Mercado Central;2021-05-10;Congelados Norte;frozen goods;;talho
320;541;2033-02-13;3385,3;Mercado Central;2024-03-23;Lacteos do Vale;dairy;;higiene
383;319;2024-07-04;2108,64;Nova Compra;2023-04-24;SnackHouse Distribuicao;snacks;;mercearia
276;988;2022-01-22;2973,86;BomPreco;2021-06-07;Peixe Fresco Iberico;seafood;;talho
166;462;2029-03-24;1352,66;Atlantico Market;2024-12-15;Frutaria Atlantica;produce;192,0;mercearia
61;116;2022-08-10;817,87;FreshMart Gaia;2021-12-07;Padaria Industrial;bakery supplies;;mercearia
331;313;2025-12-01;3729,89;FreshMart Gaia;2021-12-05;Bebidas Lusas;beverages;;mercearia
66;776;2024-04-29;1326,06;BomPreco;2022-09-19;Padaria Industrial;bakery supplies;;congelados
247;589;2025-03-16;1019,39;FreshMart Gaia;2021-04-17;SnackHouse Distribuicao;snacks;173,0;peixaria
223;583;2024-02-21;3618,37;FreshMart Gaia;2022-09-06;Bebidas Lusas;beverages;;talho
186;266;2025-03-20;1800,0;BomPreco;2021-08-09;Padaria Industrial;bakery supplies;;mercearia
427;154;2024-12-07;4356,6;FreshMart Gaia;2023-12-18;Congelados Norte;frozen goods;;higiene
200;246;2031-01-28;731,66;Mercado Central;2025-03-04;Padaria Industrial;bakery supplies;;laticinios
51;473;2024-01-21;2057,23;SuperNorte;2021-10-07;Bebidas Lusas;beverages;112,0;padaria
484;187;2029-11-03;4337,48;Atlantico Market;2024-03-22;Carnes Selectas;meat;;higiene
1;456;2025-10-29;615,43;FreshMart Gaia;2023-11-13;Padaria Industrial;bakery supplies;;congelados
401;606;2027-02-12;837,3;Nova Compra;2025-07-23;Padaria Industrial;bakery supplies;;bebidas
304;604;2023-11-21;5488,19;Atlantico Market;2022-07-01;Congelados Norte;frozen goods;59,0;congelados
404;933;2024-10-14;3812,89;Mercado Central;2024-09-04;Bebidas Lusas;beverages;;mercearia
485;639;2026-02-12;1329,45;Nova Compra;2023-06-26;SnackHouse Distribuicao;snacks;;mercearia
202;519;2025-01-10;737,1;Atlantico Market;2022-03-22;SnackHouse Distribuicao;snacks;;congelados
47;66;2025-07-30;1454,12;Nova Compra;2025-02-04;Padaria Industrial;bakery supplies;86,0;congelados
334;829;2026-02-07;1407,98;Atlantico Market;2024-10-12;SnackHouse Distribuicao;snacks;127,0;talho
145;898;2024-11-14;6823,66;FreshMart Gaia;2023-11-02;Peixe Fresco Iberico;seafood;131,0;congelados
145;898;2024-11-14;4312,51;FreshMart Gaia;2023-11-02;Peixe Fresco Iberico;seafood;177,0;bebidas
135;228;2029-01-06;5407,42;SuperNorte;2022-07-27;Peixe Fresco Iberico;seafood;;higiene
184;500;2029-10-22;1425,07;Atlantico Market;2024-11-20;Casa Verde Horticolas;produce;118,0;talho
496;667;2025-08-06;2962,8;Atlantico Market;2025-03-17;Carnes Selectas;meat;;padaria
469;977;2028-03-02;3588,79;FreshMart Gaia;2023-05-24;Carnes Selectas;meat;126,0;laticinios
196;955;2033-10-25;1365,93;Atlantico Market;2025-12-17;Higiene Plus;cleaning products;4,0;padaria
196;955;2035-01-26;1572,73;Atlantico Market;2025-12-17;Higiene Plus;cleaning products;159,0;bebidas
493;788;2028-07-26;4778,05;FreshMart Gaia;2025-06-26;Peixe Fresco Iberico;seafood;;bebidas
256;118;2024-09-16;3783,27;Atlantico Market;2023-04-01;Peixe Fresco Iberico;seafood;33,0;bebidas
256;118;2024-09-16;5536,74;Atlantico Market;2023-04-01;Peixe Fresco Iberico;seafood;135,0;laticinios
467;321;2024-08-09;3053,54;Nova Compra;2023-05-01;Lacteos do Vale;dairy;71,0;fruta e legumes
153;933;2024-05-05;2457,48;SuperNorte;2024-02-05;Bebidas Lusas;beverages;;bebidas
222;170;2023-06-14;1860,76;BomPreco;2021-07-06;Casa Verde Horticolas;produce;;fruta e legumes
414;999;2026-11-05;1225,78;BomPreco;2025-05-11;SnackHouse Distribuicao;snacks;;mercearia
459;524;2032-12-15;7145,23;SuperNorte;2023-06-20;Congelados Norte;frozen goods;;talho
396;869;2034-07-16;1313,64;BomPreco;2025-10-21;SnackHouse Distribuicao;snacks;57,0;mercearia
279;135;2024-03-13;1852,17;SuperNorte;2022-10-07;Higiene Plus;cleaning products;;congelados
118;581;2032-04-17;3394,81;Atlantico Market;2022-07-18;Lacteos do Vale;dairy;;bebidas
14;398;2025-07-24;12000,0;Mercado Central;2022-12-20;Peixe Fresco Iberico;seafood;12,0;mercearia
376;846;2032-06-11;543,9;Atlantico Market;2025-07-22;Padaria Industrial;bakery supplies;;laticinios
82;606;2023-04-05;533,04;Atlantico Market;2023-01-31;Padaria Industrial;bakery supplies;54,0;laticinios
308;67;2025-12-27;9122,53;Mercado Central;2022-07-13;Carnes Selectas;meat;;congelados
295;678;2032-08-13;10200,84;FreshMart Gaia;2024-02-12;Peixe Fresco Iberico;seafood;;talho
58;235;2033-06-17;1041,68;Atlantico Market;2023-08-09;Higiene Plus;cleaning products;;bebidas
337;238;2033-02-03;1514,61;FreshMart Gaia;2025-05-15;Peixe Fresco Iberico;seafood;117,0;laticinios
295;120;2025-06-18;1918,58;FreshMart Gaia;2024-02-12;Casa Verde Horticolas;produce;;higiene
89;108;2022-07-25;3283,56;Nova Compra;2021-05-28;Peixe Fresco Iberico;seafood;;bebidas
165;984;2024-09-16;2962,85;SuperNorte;2024-06-21;Congelados Norte;frozen goods;;mercearia
458;331;2026-02-03;2332,65;Mercado Central;2024-04-06;Lacteos do Vale;dairy;169,0;higiene
237;751;2030-06-08;2478,14;SuperNorte;2025-07-18;Lacteos do Vale;dairy;;bebidas
67;415;2026-01-07;2500,0;FreshMart Gaia;2023-11-18;Higiene Plus;cleaning products;;talho
30;233;2025-10-17;3170,93;BomPreco;2025-01-06;Bebidas Lusas;beverages;29,0;peixaria
30;233;2025-10-17;2416,74;BomPreco;2025-01-06;Bebidas Lusas;beverages;199,0;talho
444;362;2032-01-07;2795,38;BomPreco;2025-11-27;Frutaria Atlantica;produce;164,0;peixaria
12;333;2028-11-26;4443,48;BomPreco;2024-07-15;Bebidas Lusas;beverages;;laticinios
267;160;2031-12-22;1571,1;SuperNorte;2025-12-26;Casa Verde Horticolas;produce;;mercearia
486;918;2025-12-05;6593,57;BomPreco;2022-02-26;Peixe Fresco Iberico;seafood;;peixaria
154;73;2026-11-08;3163,38;Atlantico Market;2025-10-16;Bebidas Lusas;beverages;184,0;padaria
350;3;2030-11-08;5120,09;Mercado Central;2025-07-14;Bebidas Lusas;beverages;;congelados
81;886;2026-06-24;1800,0;SuperNorte;2024-04-22;Padaria Industrial;bakery supplies;130,0;padaria
420;330;2021-12-31;1334,71;BomPreco;2021-05-15;Casa Verde Horticolas;produce;;higiene
72;240;2025-05-30;2235,77;BomPreco;2021-04-11;Casa Verde Horticolas;produce;;higiene
412;50;2028-05-08;929,41;Atlantico Market;2024-08-06;Casa Verde Horticolas;produce;36,0;laticinios
349;952;2027-03-30;1141,72;FreshMart Gaia;2023-10-31;Frutaria Atlantica;produce;;laticinios
287;928;2034-09-21;8372,5;Nova Compra;2024-10-19;Peixe Fresco Iberico;seafood;83,0;peixaria
386;909;2024-10-11;1598,55;Mercado Central;2024-08-11;SnackHouse Distribuicao;snacks;;higiene
42;468;2024-11-06;3945,9;BomPreco;2022-11-03;Peixe Fresco Iberico;seafood;;laticinios
132;232;2022-12-29;1857,31;BomPreco;2022-11-23;Frutaria Atlantica;produce;76,0;padaria
417;778;2024-04-29;9653,43;SuperNorte;2023-07-19;Peixe Fresco Iberico;seafood;;mercearia
29;674;2033-01-27;2242,29;Nova Compra;2025-01-17;Congelados Norte;frozen goods;;padaria
399;593;2031-02-15;7000,0;SuperNorte;2024-04-02;Bebidas Lusas;beverages;;talho
360;431;2024-09-27;2782,45;BomPreco;2023-03-19;Lacteos do Vale;dairy;200,0;peixaria
121;795;2023-03-07;1795,51;FreshMart Gaia;2022-03-07;Higiene Plus;cleaning products;;laticinios
204;692;2022-08-13;1848,88;BomPreco;2021-04-02;Frutaria Atlantica;produce;;peixaria
368;784;2029-02-17;8000,0;Mercado Central;2022-05-09;Congelados Norte;frozen goods;;laticinios
239;271;2025-03-13;3315,18;Nova Compra;2022-04-05;Lacteos do Vale;dairy;120,0;mercearia
407;207;2026-04-12;4576,75;Nova Compra;2024-05-16;Carnes Selectas;meat;;bebidas
349;884;2024-10-22;6046,26;FreshMart Gaia;2023-10-31;Congelados Norte;frozen goods;;congelados
93;888;2029-02-04;4673,41;SuperNorte;2023-02-02;Peixe Fresco Iberico;seafood;102,0;mercearia
264;367;2029-08-10;4760,19;BomPreco;2024-03-30;Carnes Selectas;meat;;mercearia
189;648;2029-11-16;12000,0;SuperNorte;2024-04-27;Peixe Fresco Iberico;seafood;;padaria
33;438;2030-10-08;7738,55;SuperNorte;2024-06-15;Peixe Fresco Iberico;seafood;;fruta e legumes
452;679;2030-10-16;2222,12;Mercado Central;2022-07-29;SnackHouse Distribuicao;snacks;193,0;padaria
452;679;2027-12-01;2792,97;Mercado Central;2022-07-29;SnackHouse Distribuicao;snacks;195,0;bebidas
132;357;2031-04-26;6910,9;BomPreco;2022-11-23;Carnes Selectas;meat;76,0;padaria
78;545;2023-06-07;954,49;BomPreco;2022-12-29;Higiene Plus;cleaning products;46,0;talho
217;144;2023-10-11;8000,0;FreshMart Gaia;2021-10-15;Congelados Norte;frozen goods;171,0;laticinios
193;431;2022-03-22;2712,13;FreshMart Gaia;2022-02-11;Lacteos do Vale;dairy;;laticinios
142;819;2024-10-02;2148,64;Atlantico Market;2023-11-17;SnackHouse Distribuicao;snacks;;talho
58;882;2025-01-29;1897,11;Atlantico Market;2023-08-09;Frutaria Atlantica;produce;;laticinios
281;892;2025-10-18;3049,65;Nova Compra;2024-07-19;Frutaria Atlantica;produce;;peixaria
384;853;2024-11-03;7000,0;BomPreco;2024-10-07;Bebidas Lusas;beverages;;peixaria
333;453;2026-02-08;3167,21;SuperNorte;2021-06-28;Bebidas Lusas;beverages;;bebidas
309;693;2033-10-18;6056,87;SuperNorte;2024-03-19;Bebidas Lusas;beverages;;padaria
285;80;2025-11-08;1878,84;SuperNorte;2023-05-21;Casa Verde Horticolas;produce;;congelados
201;796;2025-10-18;406,92;SuperNorte;2024-04-10;Padaria Industrial;bakery supplies;;laticinios
3;203;2031-12-20;1993,58;SuperNorte;2022-12-19;Bebidas Lusas;beverages;;laticinios
404;246;2031-08-15;1210,38;Mercado Central;2024-09-04;Padaria Industrial;bakery supplies;;talho
170;35;2033-10-29;2166,5;Mercado Central;2024-11-23;Higiene Plus;cleaning products;149,0;congelados
488;922;2023-12-01;2433,35;Mercado Central;2022-02-12;Frutaria Atlantica;produce;;higiene
416;606;2023-07-15;1413,54;Mercado Central;2021-10-24;Padaria Industrial;bakery supplies;;bebidas
58;927;2029-06-10;10000,0;Atlantico Market;2023-08-09;Carnes Selectas;meat;;talho
298;245;2028-01-11;1744,08;Atlantico Market;2023-03-05;Higiene Plus;cleaning products;;higiene
264;155;2025-01-30;1220,47;BomPreco;2024-03-30;Higiene Plus;cleaning products;;mercearia
456;837;2030-08-16;5100,86;BomPreco;2025-06-07;Carnes Selectas;meat;;bebidas
236;434;2030-01-26;8000,0;Mercado Central;2024-07-03;Congelados Norte;frozen goods;;talho
93;514;2026-01-25;2429,0;SuperNorte;2023-02-02;Congelados Norte;frozen goods;102,0;mercearia
6;856;2029-01-12;1745,57;BomPreco;2026-02-05;Padaria Industrial;bakery supplies;;padaria
492;667;2026-01-02;5439,43;BomPreco;2023-12-08;Carnes Selectas;meat;;fruta e legumes
211;114;2024-04-27;2957,68;FreshMart Gaia;2024-02-14;Congelados Norte;frozen goods;103,0;padaria
46;90;2027-02-21;963,31;Atlantico Market;2023-02-06;Casa Verde Horticolas;produce;;mercearia
470;642;2023-10-10;3500,0;Mercado Central;2022-09-27;Frutaria Atlantica;produce;84,0;mercearia
329;923;2024-08-19;2549,62;Nova Compra;2023-01-15;Bebidas Lusas;beverages;198,0;laticinios
481;726;2026-01-06;1028,46;FreshMart Gaia;2023-11-19;Padaria Industrial;bakery supplies;166,0;padaria
152;391;2031-08-31;1386,57;Mercado Central;2023-11-30;Lacteos do Vale;dairy;;congelados
463;61;2029-05-13;4000,0;FreshMart Gaia;2025-03-11;Lacteos do Vale;dairy;108,0;laticinios
249;71;2028-07-16;2247,11;SuperNorte;2023-09-28;Lacteos do Vale;dairy;27,0;laticinios
129;441;2025-11-05;1173,04;SuperNorte;2021-08-18;Lacteos do Vale;dairy;;mercearia
51;456;2027-06-25;824,51;SuperNorte;2021-10-07;Padaria Industrial;bakery supplies;112,0;padaria
26;327;2026-07-16;10000,0;Mercado Central;2022-05-29;Carnes Selectas;meat;;padaria
418;277;2033-02-16;3479,28;Atlantico Market;2023-10-04;Carnes Selectas;meat;24,0;bebidas
106;799;2025-11-03;1402,32;Atlantico Market;2024-07-22;SnackHouse Distribuicao;snacks;;peixaria
126;832;2026-01-29;3156,31;BomPreco;2022-12-13;Frutaria Atlantica;produce;;peixaria
453;306;2028-09-11;1166,53;SuperNorte;2025-10-17;Padaria Industrial;bakery supplies;;talho
128;92;2022-12-27;1068,69;Mercado Central;2021-12-26;Frutaria Atlantica;produce;;peixaria
221;921;2022-09-16;2377,33;Nova Compra;2022-05-20;Lacteos do Vale;dairy;;bebidas
307;780;2022-11-30;1727,11;FreshMart Gaia;2022-08-19;Casa Verde Horticolas;produce;197,0;fruta e legumes
6;300;2026-08-21;1894,15;BomPreco;2026-02-05;Casa Verde Horticolas;produce;;bebidas
120;654;2025-08-26;6583,5;BomPreco;2025-05-31;Congelados Norte;frozen goods;6,0;bebidas
482;63;2030-08-02;4178,78;Mercado Central;2023-10-18;Bebidas Lusas;beverages;156,0;mercearia
334;765;2031-01-04;1318,77;Atlantico Market;2024-10-12;Higiene Plus;cleaning products;127,0;talho
387;503;2031-03-12;3518,01;SuperNorte;2022-10-15;Bebidas Lusas;beverages;66,0;mercearia
219;644;2025-05-31;6980,89;SuperNorte;2025-01-12;Congelados Norte;frozen goods;175,0;padaria
165;916;2026-01-04;723,14;SuperNorte;2024-06-21;Padaria Industrial;bakery supplies;;laticinios
471;478;2032-11-07;2450,38;SuperNorte;2024-09-26;Peixe Fresco Iberico;seafood;119,0;peixaria
402;806;2033-04-13;903,59;BomPreco;2023-09-28;Padaria Industrial;bakery supplies;;higiene
316;964;2025-10-02;5097,93;Atlantico Market;2022-06-02;Congelados Norte;frozen goods;75,0;mercearia
159;878;2034-12-22;5389,43;SuperNorte;2025-01-19;Peixe Fresco Iberico;seafood;;mercearia
251;943;2024-09-02;2960,47;Nova Compra;2023-03-21;Bebidas Lusas;beverages;;padaria
395;84;2028-03-28;3649,91;Nova Compra;2023-10-24;Congelados Norte;frozen goods;;laticinios
112;28;2022-06-12;6428,57;Atlantico Market;2022-05-22;Peixe Fresco Iberico;seafood;40,0;padaria
293;717;2028-05-31;3010,68;Nova Compra;2024-07-22;Carnes Selectas;meat;;padaria
280;750;2031-05-31;2491,31;Atlantico Market;2025-05-05;Casa Verde Horticolas;produce;115,0;higiene
153;445;2026-03-07;414,95;SuperNorte;2024-02-05;Higiene Plus;cleaning products;;padaria
454;393;2025-06-06;4781,52;Atlantico Market;2022-02-05;Bebidas Lusas;beverages;;peixaria
186;160;2023-09-28;2130,1;BomPreco;2021-08-09;Casa Verde Horticolas;produce;;talho
40;343;2023-04-17;4689,93;Atlantico Market;2022-08-09;Bebidas Lusas;beverages;111,0;mercearia
433;215;2032-03-02;577,33;FreshMart Gaia;2024-07-23;Higiene Plus;cleaning products;28,0;talho
117;172;2032-03-19;2110,57;SuperNorte;2025-08-17;Frutaria Atlantica;produce;;peixaria
487;597;2028-04-19;4230,3;FreshMart Gaia;2024-08-09;Carnes Selectas;meat;;talho
265;562;2027-08-06;3500,0;FreshMart Gaia;2022-10-08;Frutaria Atlantica;produce;72,0;laticinios
265;562;2032-02-05;2177,03;FreshMart Gaia;2022-10-08;Frutaria Atlantica;produce;114,0;bebidas
311;701;2023-07-03;1266,1;Nova Compra;2023-04-01;Lacteos do Vale;dairy;;higiene
413;944;2025-11-10;2009,5;Nova Compra;2025-04-04;Congelados Norte;frozen goods;79,0;higiene
413;944;2025-11-10;3260,79;Nova Compra;2025-04-04;Congelados Norte;frozen goods;81,0;laticinios
77;654;2024-07-19;6195,47;Nova Compra;2023-01-26;Congelados Norte;frozen goods;;mercearia
36;71;2028-09-26;3611,32;BomPreco;2021-03-31;Lacteos do Vale;dairy;;fruta e legumes
471;394;2031-01-02;4665,73;SuperNorte;2024-09-26;Congelados Norte;frozen goods;119,0;peixaria
254;335;2024-08-24;1425,42;Mercado Central;2022-08-29;Higiene Plus;cleaning products;90,0;laticinios
336;444;2024-04-21;3703,19;BomPreco;2021-05-18;Congelados Norte;frozen goods;10,0;talho
149;867;2035-05-02;5348,36;Nova Compra;2025-09-19;Carnes Selectas;meat;41,0;congelados
439;166;2029-02-27;1728,19;FreshMart Gaia;2026-01-08;Padaria Industrial;bakery supplies;;talho
300;533;2024-11-04;3208,41;BomPreco;2022-06-18;Bebidas Lusas;beverages;;bebidas
386;715;2028-11-04;1849,5;Mercado Central;2024-08-11;Higiene Plus;cleaning products;;higiene
457;992;2023-08-04;1458,48;FreshMart Gaia;2022-06-06;Frutaria Atlantica;produce;107,0;fruta e legumes
160;101;2030-02-02;3392,07;Atlantico Market;2024-12-25;Lacteos do Vale;dairy;;fruta e legumes
246;313;2024-12-26;4865,56;BomPreco;2021-03-04;Bebidas Lusas;beverages;161,0;fruta e legumes
246;313;2024-12-26;5807,85;BomPreco;2021-03-04;Bebidas Lusas;beverages;191,0;peixaria
100;619;2031-10-09;3000,0;Atlantico Market;2025-03-23;SnackHouse Distribuicao;snacks;;bebidas
173;787;2024-12-10;1689,62;Nova Compra;2022-01-16;Carnes Selectas;meat;104,0;congelados
22;163;2029-03-03;5264,32;Atlantico Market;2026-02-12;Bebidas Lusas;beverages;;higiene
1;213;2027-12-09;4631,42;FreshMart Gaia;2023-11-13;Bebidas Lusas;beverages;;higiene
151;122;2029-05-20;2262,7;FreshMart Gaia;2024-04-02;Frutaria Atlantica;produce;;higiene
458;942;2028-02-17;2061,54;Mercado Central;2024-04-06;Frutaria Atlantica;produce;169,0;higiene
145;574;2023-12-07;4790,15;FreshMart Gaia;2023-11-02;Congelados Norte;frozen goods;131,0;congelados
145;574;2023-12-07;5002,71;FreshMart Gaia;2023-11-02;Congelados Norte;frozen goods;177,0;bebidas
115;632;2032-01-06;2781,2;FreshMart Gaia;2025-01-26;Frutaria Atlantica;produce;;peixaria
174;944;2027-08-26;6236,68;BomPreco;2021-10-25;Congelados Norte;frozen goods;52,0;higiene
174;944;2022-09-17;4251,98;BomPreco;2021-10-25;Congelados Norte;frozen goods;163,0;talho
60;851;2021-10-18;1976,06;BomPreco;2021-08-03;Lacteos do Vale;dairy;;congelados
50;855;2027-02-25;1387,53;Mercado Central;2025-02-27;Higiene Plus;cleaning products;;fruta e legumes
145;60;2027-06-11;1536,32;FreshMart Gaia;2023-11-02;Casa Verde Horticolas;produce;131,0;congelados
145;60;2032-01-06;3500,0;FreshMart Gaia;2023-11-02;Casa Verde Horticolas;produce;177,0;bebidas
333;157;2022-11-29;3048,21;SuperNorte;2021-06-28;Carnes Selectas;meat;;padaria
421;251;2031-07-01;3012,81;FreshMart Gaia;2023-11-12;Lacteos do Vale;dairy;;talho
267;440;2026-12-25;2585,49;SuperNorte;2025-12-26;Casa Verde Horticolas;produce;;fruta e legumes
184;877;2025-12-12;4253,42;Atlantico Market;2024-11-20;Carnes Selectas;meat;118,0;talho
219;271;2025-06-02;2456,38;SuperNorte;2025-01-12;Lacteos do Vale;dairy;175,0;padaria
460;840;2024-06-07;3265,84;Atlantico Market;2024-04-23;Casa Verde Horticolas;produce;;bebidas
359;113;2025-02-23;3232,46;Nova Compra;2021-05-09;Bebidas Lusas;beverages;;higiene
247;660;2022-04-20;3338,62;FreshMart Gaia;2021-04-17;Casa Verde Horticolas;produce;173,0;peixaria
198;295;2032-09-30;2274,27;BomPreco;2025-11-21;Higiene Plus;cleaning products;;fruta e legumes
83;395;2031-07-19;999,02;Nova Compra;2025-01-15;Higiene Plus;cleaning products;157,0;padaria
83;395;2025-10-19;835,13;Nova Compra;2025-01-15;Higiene Plus;cleaning products;182,0;peixaria
8;250;2031-08-14;1992,98;Mercado Central;2024-02-04;Casa Verde Horticolas;produce;172,0;talho
61;500;2024-03-27;1058,71;FreshMart Gaia;2021-12-07;Casa Verde Horticolas;produce;;higiene
102;391;2023-01-09;581,79;BomPreco;2022-07-06;Lacteos do Vale;dairy;;talho
131;171;2025-08-17;1725,01;Nova Compra;2022-05-27;Lacteos do Vale;dairy;152,0;fruta e legumes
226;111;2023-07-20;4000,0;Atlantico Market;2022-06-05;Lacteos do Vale;dairy;;talho
99;580;2028-03-19;1512,8;SuperNorte;2025-09-02;Casa Verde Horticolas;produce;;congelados
271;820;2026-10-08;2194,52;FreshMart Gaia;2025-10-11;Casa Verde Horticolas;produce;;peixaria
276;737;2023-09-21;7399,37;BomPreco;2021-06-07;Carnes Selectas;meat;;laticinios
80;492;2024-03-24;1816,04;Mercado Central;2021-08-21;Frutaria Atlantica;produce;;congelados
361;587;2029-02-19;4647,22;FreshMart Gaia;2023-03-12;Carnes Selectas;meat;;peixaria
216;513;2034-09-20;6518,72;BomPreco;2025-09-23;Bebidas Lusas;beverages;;bebidas
112;909;2022-07-09;1679,91;Atlantico Market;2022-05-22;SnackHouse Distribuicao;snacks;40,0;padaria
107;863;2034-07-24;3598,91;Nova Compra;2025-07-14;Bebidas Lusas;beverages;141,0;bebidas
107;863;2031-05-26;5368,92;Nova Compra;2025-07-14;Bebidas Lusas;beverages;158,0;congelados
494;367;2032-10-16;3397,69;Mercado Central;2024-11-22;Carnes Selectas;meat;;peixaria
36;349;2024-06-15;934,61;BomPreco;2021-03-31;SnackHouse Distribuicao;snacks;;padaria
371;56;2023-09-28;481,33;Nova Compra;2022-09-12;Padaria Industrial;bakery supplies;;laticinios
416;496;2023-01-10;1291,24;Mercado Central;2021-10-24;Padaria Industrial;bakery supplies;;padaria
478;44;2029-05-01;3994,69;Atlantico Market;2025-11-21;Congelados Norte;frozen goods;;mercearia
436;824;2029-11-02;6236,86;Atlantico Market;2023-12-11;Congelados Norte;frozen goods;189,0;laticinios
459;148;2023-09-09;6650,63;SuperNorte;2023-06-20;Peixe Fresco Iberico;seafood;;fruta e legumes
75;533;2026-05-27;2023,49;SuperNorte;2024-05-04;Bebidas Lusas;beverages;65,0;peixaria
75;533;2027-01-29;3195,46;SuperNorte;2024-05-04;Bebidas Lusas;beverages;170,0;fruta e legumes
195;592;2023-05-27;2769,71;SuperNorte;2022-02-10;Frutaria Atlantica;produce;162,0;laticinios
259;996;2033-03-01;888,72;FreshMart Gaia;2025-05-28;Padaria Industrial;bakery supplies;39,0;mercearia
259;996;2034-12-01;1705,86;FreshMart Gaia;2025-05-28;Padaria Industrial;bakery supplies;96,0;bebidas
298;528;2023-03-19;5299,94;Atlantico Market;2023-03-05;Peixe Fresco Iberico;seafood;;laticinios
164;527;2022-07-21;7464,14;Mercado Central;2022-03-01;Carnes Selectas;meat;165,0;mercearia
164;527;2023-09-23;2421,13;Mercado Central;2022-03-01;Carnes Selectas;meat;181,0;talho
186;200;2022-08-03;1670,77;BomPreco;2021-08-09;Casa Verde Horticolas;produce;;peixaria
428;736;2029-04-18;840,14;Mercado Central;2023-08-26;Padaria Industrial;bakery supplies;;peixaria
209;229;2024-04-01;879,62;Nova Compra;2022-12-23;SnackHouse Distribuicao;snacks;125,0;fruta e legumes
324;244;2033-10-11;7092,08;BomPreco;2023-12-10;Congelados Norte;frozen goods;;higiene
88;281;2024-08-29;1611,94;Atlantico Market;2021-03-26;Lacteos do Vale;dairy;62,0;fruta e legumes
215;199;2022-05-26;1180,93;Nova Compra;2022-05-12;SnackHouse Distribuicao;snacks;;peixaria
238;443;2023-04-05;6735,15;Atlantico Market;2023-01-21;Bebidas Lusas;beverages;;laticinios
493;866;2032-07-28;1075,36;FreshMart Gaia;2025-06-26;Padaria Industrial;bakery supplies;;higiene
441;866;2025-12-28;1420,36;SuperNorte;2021-08-16;Padaria Industrial;bakery supplies;179,0;fruta e legumes
238;580;2023-06-17;859,82;Atlantico Market;2023-01-21;Casa Verde Horticolas;produce;;talho
457;107;2023-01-10;3769,93;FreshMart Gaia;2022-06-06;Carnes Selectas;meat;107,0;fruta e legumes
329;133;2027-01-19;7000,0;Nova Compra;2023-01-15;Bebidas Lusas;beverages;198,0;laticinios
484;656;2033-05-11;1468,62;Atlantico Market;2024-03-22;Padaria Industrial;bakery supplies;;mercearia
286;504;2030-10-26;2652,8;Atlantico Market;2026-01-18;Congelados Norte;frozen goods;;peixaria
66;326;2024-06-14;1106,57;BomPreco;2022-09-19;Padaria Industrial;bakery supplies;;bebidas
161;801;2025-01-26;1373,59;Nova Compra;2021-02-26;Lacteos do Vale;dairy;;mercearia
491;506;2033-07-02;1800,0;Nova Compra;2024-07-19;Padaria Industrial;bakery supplies;;higiene
69;840;2024-05-20;666,18;SuperNorte;2021-06-05;Casa Verde Horticolas;produce;;peixaria
434;916;2032-11-01;1131,88;Mercado Central;2025-07-06;Padaria Industrial;bakery supplies;95,0;congelados
500;386;2028-04-12;1124,26;Mercado Central;2022-04-18;Padaria Industrial;bakery supplies;;padaria
388;959;2025-10-10;1000,09;Atlantico Market;2022-12-28;SnackHouse Distribuicao;snacks;;congelados
264;582;2025-02-27;1636,02;BomPreco;2024-03-30;Frutaria Atlantica;produce;;bebidas
470;123;2025-09-01;4440,43;Mercado Central;2022-09-27;Bebidas Lusas;beverages;84,0;mercearia
106;272;2025-01-24;831,13;Atlantico Market;2024-07-22;Frutaria Atlantica;produce;;congelados
16;181;2028-08-28;1208,85;Atlantico Market;2024-01-08;Lacteos do Vale;dairy;5,0;congelados
195;76;2023-05-20;932,58;SuperNorte;2022-02-10;Padaria Industrial;bakery supplies;162,0;laticinios
354;218;2034-03-18;4467,93;BomPreco;2025-11-02;Peixe Fresco Iberico;seafood;;fruta e legumes
10;95;2028-03-06;1116,33;Atlantico Market;2024-07-05;Higiene Plus;cleaning products;;congelados
370;94;2023-04-26;4261,33;Atlantico Market;2023-01-22;Congelados Norte;frozen goods;7,0;higiene
116;189;2029-04-05;1095,34;Mercado Central;2022-10-19;SnackHouse Distribuicao;snacks;;fruta e legumes
242;569;2032-02-01;1630,38;Mercado Central;2022-10-19;SnackHouse Distribuicao;snacks;;padaria
47;601;2033-08-10;2458,54;Nova Compra;2025-02-04;Lacteos do Vale;dairy;86,0;congelados
210;673;2023-10-19;5324,12;BomPreco;2023-03-24;Bebidas Lusas;beverages;;padaria
384;615;2033-05-14;784,92;BomPreco;2024-10-07;Higiene Plus;cleaning products;;congelados
373;984;2022-06-25;3240,84;FreshMart Gaia;2022-06-04;Congelados Norte;frozen goods;;bebidas
79;566;2028-08-17;1303,23;FreshMart Gaia;2023-10-18;Padaria Industrial;bakery supplies;2,0;peixaria
79;566;2029-11-06;513,28;FreshMart Gaia;2023-10-18;Padaria Industrial;bakery supplies;67,0;padaria
170;975;2025-01-28;1442,3;Mercado Central;2024-11-23;Higiene Plus;cleaning products;149,0;congelados
97;264;2025-09-15;4354,71;FreshMart Gaia;2023-11-01;Congelados Norte;frozen goods;;talho
366;475;2023-09-09;429,29;BomPreco;2021-10-13;Higiene Plus;cleaning products;;higiene
316;456;2024-02-10;800,55;Atlantico Market;2022-06-02;Padaria Industrial;bakery supplies;75,0;mercearia
310;788;2030-08-04;7543,26;Atlantico Market;2022-09-29;Peixe Fresco Iberico;seafood;;laticinios
385;974;2023-05-17;3909,0;FreshMart Gaia;2023-02-10;Congelados Norte;frozen goods;;bebidas
8;677;2032-05-02;4362,18;Mercado Central;2024-02-04;Carnes Selectas;meat;172,0;talho
470;997;2030-05-15;5793,15;Mercado Central;2022-09-27;Carnes Selectas;meat;84,0;mercearia
403;164;2025-06-14;6710,13;FreshMart Gaia;2021-04-09;Congelados Norte;frozen goods;;mercearia
273;891;2022-05-10;2738,42;SuperNorte;2021-11-16;Lacteos do Vale;dairy;25,0;higiene
273;891;2022-05-10;1530,1;SuperNorte;2021-11-16;Lacteos do Vale;dairy;101,0;peixaria
7;764;2030-01-25;2230,15;FreshMart Gaia;2023-07-14;Congelados Norte;frozen goods;;bebidas
476;422;2023-04-02;2337,18;Mercado Central;2023-03-11;Frutaria Atlantica;produce;;congelados
65;18;2034-03-05;3826,0;Nova Compra;2024-07-21;Peixe Fresco Iberico;seafood;;fruta e legumes
31;82;2024-09-16;1458,74;FreshMart Gaia;2023-08-26;Frutaria Atlantica;produce;;peixaria
67;205;2025-12-02;1505,13;FreshMart Gaia;2023-11-18;Higiene Plus;cleaning products;;congelados
491;363;2030-01-16;6282,03;Nova Compra;2024-07-19;Bebidas Lusas;beverages;;congelados
336;151;2025-10-22;3834,67;BomPreco;2021-05-18;Lacteos do Vale;dairy;10,0;talho
350;549;2034-08-27;1695,68;Mercado Central;2025-07-14;SnackHouse Distribuicao;snacks;;peixaria
89;730;2025-09-30;1470,96;Nova Compra;2021-05-28;Casa Verde Horticolas;produce;;peixaria
105;922;2025-11-04;1077,77;SuperNorte;2022-01-11;Frutaria Atlantica;produce;;fruta e legumes
10;175;2025-06-10;2500,0;Atlantico Market;2024-07-05;Higiene Plus;cleaning products;;mercearia
338;496;2026-04-05;877,7;Mercado Central;2023-02-16;Padaria Industrial;bakery supplies;;bebidas
176;606;2025-09-20;1356,66;Mercado Central;2023-03-01;Padaria Industrial;bakery supplies;;padaria
70;362;2022-04-20;2021,29;Atlantico Market;2021-12-25;Frutaria Atlantica;produce;;laticinios
233;628;2024-02-24;5200,64;Nova Compra;2023-12-13;Peixe Fresco Iberico;seafood;;padaria
370;592;2026-09-11;1452,24;Atlantico Market;2023-01-22;Frutaria Atlantica;produce;7,0;higiene
126;739;2023-12-27;885,48;BomPreco;2022-12-13;SnackHouse Distribuicao;snacks;;higiene
3;319;2030-02-23;2734,28;SuperNorte;2022-12-19;SnackHouse Distribuicao;snacks;;mercearia
412;657;2026-03-28;5114,91;Atlantico Market;2024-08-06;Carnes Selectas;meat;36,0;laticinios
286;13;2028-01-28;7000,0;Atlantico Market;2026-01-18;Bebidas Lusas;beverages;;congelados
427;633;2024-11-27;3064,27;FreshMart Gaia;2023-12-18;Bebidas Lusas;beverages;;higiene
288;80;2032-03-08;1617,81;BomPreco;2025-10-31;Casa Verde Horticolas;produce;;peixaria
388;451;2029-10-06;1291,11;Atlantico Market;2022-12-28;Lacteos do Vale;dairy;;higiene
135;326;2023-05-21;869,23;SuperNorte;2022-07-27;Padaria Industrial;bakery supplies;;laticinios
58;100;2032-10-21;1058,8;Atlantico Market;2023-08-09;Casa Verde Horticolas;produce;;padaria
15;799;2029-12-11;1977,78;SuperNorte;2024-07-30;SnackHouse Distribuicao;snacks;;peixaria
191;13;2024-08-04;3936,41;Nova Compra;2024-01-10;Bebidas Lusas;beverages;;talho
140;741;2029-09-13;4000,0;Mercado Central;2022-07-22;Lacteos do Vale;dairy;;laticinios
432;925;2029-09-20;713,53;BomPreco;2025-09-23;Higiene Plus;cleaning products;;talho
183;851;2027-08-03;3716,08;SuperNorte;2022-11-01;Lacteos do Vale;dairy;178,0;higiene
339;744;2025-11-04;2768,53;SuperNorte;2022-10-13;Congelados Norte;frozen goods;155,0;peixaria
445;205;2031-07-05;1605,38;FreshMart Gaia;2025-09-12;Higiene Plus;cleaning products;;congelados
468;502;2022-01-14;1104,88;BomPreco;2021-07-29;Frutaria Atlantica;produce;;peixaria
198;786;2033-02-03;1095,54;BomPreco;2025-11-21;Padaria Industrial;bakery supplies;;higiene
107;442;2035-02-23;597,75;Nova Compra;2025-07-14;Frutaria Atlantica;produce;141,0;bebidas
107;442;2030-12-15;1368,1;Nova Compra;2025-07-14;Frutaria Atlantica;produce;158,0;congelados
25;328;2027-10-13;6817,87;FreshMart Gaia;2024-05-31;Peixe Fresco Iberico;seafood;;laticinios
440;113;2022-10-26;7000,0;Mercado Central;2021-09-09;Bebidas Lusas;beverages;;padaria
488;662;2024-02-19;710,05;Mercado Central;2022-02-12;Frutaria Atlantica;produce;;higiene
107;723;2035-06-08;3746,16;Nova Compra;2025-07-14;Bebidas Lusas;beverages;141,0;bebidas
107;723;2033-06-06;2969,28;Nova Compra;2025-07-14;Bebidas Lusas;beverages;158,0;congelados
316;592;2031-01-15;781,11;Atlantico Market;2022-06-02;Frutaria Atlantica;produce;75,0;mercearia
318;248;2022-11-14;3918,19;BomPreco;2021-03-16;Peixe Fresco Iberico;seafood;88,0;higiene
303;289;2025-08-12;1334,79;SuperNorte;2025-02-15;SnackHouse Distribuicao;snacks;;peixaria
329;398;2024-05-26;8020,39;Nova Compra;2023-01-15;Peixe Fresco Iberico;seafood;198,0;laticinios
98;848;2024-12-02;6762,26;Mercado Central;2022-12-11;Peixe Fresco Iberico;seafood;;padaria
293;264;2033-09-04;2382,14;Nova Compra;2024-07-22;Congelados Norte;frozen goods;;talho
72;570;2023-03-12;810,48;BomPreco;2021-04-11;Casa Verde Horticolas;produce;;fruta e legumes
348;323;2024-03-13;4525,36;BomPreco;2024-01-26;Bebidas Lusas;beverages;;fruta e legumes
285;149;2030-05-22;1511,2;SuperNorte;2023-05-21;SnackHouse Distribuicao;snacks;;bebidas
491;284;2033-09-14;8000,0;Nova Compra;2024-07-19;Congelados Norte;frozen goods;;laticinios
33;87;2030-08-03;4607,79;SuperNorte;2024-06-15;Carnes Selectas;meat;;talho
376;902;2028-07-11;3094,54;Atlantico Market;2025-07-22;Frutaria Atlantica;produce;;padaria
202;61;2023-07-23;2746,14;Atlantico Market;2022-03-22;Lacteos do Vale;dairy;;laticinios
334;626;2025-03-12;1447,33;Atlantico Market;2024-10-12;Padaria Industrial;bakery supplies;127,0;talho
208;552;2031-11-05;2247,39;Atlantico Market;2024-12-15;Frutaria Atlantica;produce;176,0;congelados
454;227;2026-01-23;6624,99;Atlantico Market;2022-02-05;Carnes Selectas;meat;;bebidas
2;74;2024-11-20;1533,08;Mercado Central;2022-09-10;Congelados Norte;frozen goods;167,0;congelados
417;175;2025-01-22;1235,95;SuperNorte;2023-07-19;Higiene Plus;cleaning products;;laticinios
337;988;2032-09-27;4821,93;FreshMart Gaia;2025-05-15;Peixe Fresco Iberico;seafood;117,0;laticinios
155;631;2026-01-16;3808,6;Nova Compra;2021-06-09;Lacteos do Vale;dairy;121,0;padaria
331;576;2029-07-11;637,15;FreshMart Gaia;2021-12-05;Padaria Industrial;bakery supplies;;talho
63;60;2025-12-17;1630,78;SuperNorte;2023-01-21;Casa Verde Horticolas;produce;50,0;congelados
63;60;2025-12-17;2652,69;SuperNorte;2023-01-21;Casa Verde Horticolas;produce;132,0;bebidas
490;665;2025-11-15;1574,42;Atlantico Market;2023-10-13;Higiene Plus;cleaning products;;talho
142;684;2024-11-30;4636,24;Atlantico Market;2023-11-17;Congelados Norte;frozen goods;;higiene
453;925;2025-12-19;2265,04;SuperNorte;2025-10-17;Higiene Plus;cleaning products;;fruta e legumes
241;783;2026-04-28;4215,61;FreshMart Gaia;2022-04-14;Bebidas Lusas;beverages;51,0;bebidas
367;653;2023-10-09;2934,5;FreshMart Gaia;2022-02-26;Bebidas Lusas;beverages;;padaria
278;720;2022-09-30;1032,38;Mercado Central;2021-03-28;Casa Verde Horticolas;produce;;congelados
437;451;2028-04-16;2676,43;Nova Compra;2023-11-18;Lacteos do Vale;dairy;;fruta e legumes
210;181;2024-12-24;1520,32;BomPreco;2023-03-24;Lacteos do Vale;dairy;;padaria
167;442;2030-09-06;1659,76;Nova Compra;2024-08-25;Frutaria Atlantica;produce;;padaria
10;564;2034-01-16;6985,77;Atlantico Market;2024-07-05;Congelados Norte;frozen goods;;padaria
130;700;2022-12-29;1674,66;Atlantico Market;2021-12-14;Casa Verde Horticolas;produce;;talho
85;847;2032-05-27;4421,56;FreshMart Gaia;2025-09-24;Carnes Selectas;meat;;talho
359;902;2022-04-27;1631,27;Nova Compra;2021-05-09;Frutaria Atlantica;produce;;talho
493;736;2028-06-09;892,54;FreshMart Gaia;2025-06-26;Padaria Industrial;bakery supplies;;talho
465;775;2026-01-23;880,22;SuperNorte;2024-12-20;Higiene Plus;cleaning products;;peixaria
370;968;2027-09-22;12000,0;Atlantico Market;2023-01-22;Peixe Fresco Iberico;seafood;7,0;higiene
75;63;2031-12-17;2928,71;SuperNorte;2024-05-04;Bebidas Lusas;beverages;65,0;peixaria
75;63;2033-10-24;5337,35;SuperNorte;2024-05-04;Bebidas Lusas;beverages;170,0;fruta e legumes
425;619;2023-12-22;1043,38;Nova Compra;2022-01-23;SnackHouse Distribuicao;snacks;;bebidas
120;85;2033-10-10;1760,75;BomPreco;2025-05-31;Higiene Plus;cleaning products;6,0;bebidas
492;930;2025-05-14;1996,5;BomPreco;2023-12-08;Casa Verde Horticolas;produce;;padaria
226;778;2025-07-24;6573,63;Atlantico Market;2022-06-05;Peixe Fresco Iberico;seafood;;laticinios
34;37;2029-05-31;5842,28;Atlantico Market;2021-09-25;Carnes Selectas;meat;;peixaria
265;638;2030-10-25;7838,0;FreshMart Gaia;2022-10-08;Peixe Fresco Iberico;seafood;72,0;laticinios
265;638;2022-12-13;5869,07;FreshMart Gaia;2022-10-08;Peixe Fresco Iberico;seafood;114,0;bebidas
448;667;2031-11-21;4986,52;Atlantico Market;2025-02-18;Carnes Selectas;meat;;mercearia
292;239;2024-10-25;2139,61;Atlantico Market;2023-07-16;SnackHouse Distribuicao;snacks;17,0;fruta e legumes
492;74;2033-10-14;2572,13;BomPreco;2023-12-08;Congelados Norte;frozen goods;;peixaria
485;717;2023-07-20;3013,39;Nova Compra;2023-06-26;Carnes Selectas;meat;;talho
361;397;2029-06-20;5852,83;FreshMart Gaia;2023-03-12;Carnes Selectas;meat;;higiene
438;262;2023-05-25;748,85;BomPreco;2022-04-17;Frutaria Atlantica;produce;116,0;fruta e legumes
460;785;2024-11-13;644,79;Atlantico Market;2024-04-23;Higiene Plus;cleaning products;;bebidas
97;357;2025-10-14;10000,0;FreshMart Gaia;2023-11-01;Carnes Selectas;meat;;bebidas
158;916;2029-04-25;1800,0;Mercado Central;2025-02-09;Padaria Industrial;bakery supplies;;fruta e legumes
490;735;2024-03-13;1063,55;Atlantico Market;2023-10-13;Higiene Plus;cleaning products;;peixaria
422;312;2024-12-01;2900,31;Mercado Central;2021-05-10;Frutaria Atlantica;produce;;laticinios
186;359;2024-12-15;2627,37;BomPreco;2021-08-09;SnackHouse Distribuicao;snacks;;padaria
374;591;2023-07-17;2657,69;Mercado Central;2023-02-24;Lacteos do Vale;dairy;;mercearia
166;276;2025-10-14;965,11;Atlantico Market;2024-12-15;Padaria Industrial;bakery supplies;192,0;mercearia
280;404;2034-08-30;5700,29;Atlantico Market;2025-05-05;Congelados Norte;frozen goods;115,0;higiene
407;301;2031-06-09;3078,87;Nova Compra;2024-05-16;Lacteos do Vale;dairy;;peixaria
245;439;2025-01-07;2202,79;Nova Compra;2024-07-08;SnackHouse Distribuicao;snacks;;peixaria
41;857;2030-10-15;2689,08;Nova Compra;2024-05-01;Carnes Selectas;meat;;padaria
379;752;2024-12-17;3500,0;FreshMart Gaia;2024-02-27;Frutaria Atlantica;produce;;bebidas
177;163;2024-02-18;7000,0;SuperNorte;2023-05-04;Bebidas Lusas;beverages;;bebidas
306;235;2026-07-06;582,35;BomPreco;2025-04-13;Higiene Plus;cleaning products;;bebidas
166;143;2034-03-16;4719,44;Atlantico Market;2024-12-15;Bebidas Lusas;beverages;192,0;mercearia
424;787;2034-01-22;10000,0;Atlantico Market;2025-08-18;Carnes Selectas;meat;;fruta e legumes
308;333;2025-06-19;5887,21;Mercado Central;2022-07-13;Bebidas Lusas;beverages;;congelados
55;707;2034-09-04;8518,32;FreshMart Gaia;2025-06-03;Carnes Selectas;meat;;peixaria
285;489;2023-08-27;863,68;SuperNorte;2023-05-21;SnackHouse Distribuicao;snacks;;talho
120;73;2025-08-31;5353,49;BomPreco;2025-05-31;Bebidas Lusas;beverages;6,0;bebidas
346;360;2022-10-01;2060,24;Atlantico Market;2021-02-27;Casa Verde Horticolas;produce;;fruta e legumes
144;482;2025-10-16;2627,73;BomPreco;2022-09-23;Frutaria Atlantica;produce;;fruta e legumes
14;574;2023-11-21;2698,32;Mercado Central;2022-12-20;Congelados Norte;frozen goods;12,0;mercearia
350;154;2034-03-15;2655,0;Mercado Central;2025-07-14;Congelados Norte;frozen goods;;congelados
424;276;2031-02-16;937,86;Atlantico Market;2025-08-18;Padaria Industrial;bakery supplies;;bebidas
173;178;2023-04-10;5480,35;Nova Compra;2022-01-16;Peixe Fresco Iberico;seafood;104,0;congelados
355;613;2032-04-02;3493,52;FreshMart Gaia;2025-09-12;Bebidas Lusas;beverages;60,0;bebidas
13;184;2029-05-19;3465,39;FreshMart Gaia;2022-10-16;Congelados Norte;frozen goods;;bebidas
94;505;2028-12-21;1256,08;Atlantico Market;2024-06-11;Higiene Plus;cleaning products;1,0;talho
94;505;2024-10-04;1018,89;Atlantico Market;2024-06-11;Higiene Plus;cleaning products;49,0;padaria
479;31;2034-05-16;2103,8;Nova Compra;2025-03-24;Lacteos do Vale;dairy;18,0;laticinios
430;356;2028-08-08;526,97;Atlantico Market;2025-03-04;Padaria Industrial;bakery supplies;53,0;fruta e legumes
430;356;2028-05-05;1260,3;Atlantico Market;2025-03-04;Padaria Industrial;bakery supplies;183,0;mercearia
64;499;2032-11-26;1855,25;Atlantico Market;2025-08-22;SnackHouse Distribuicao;snacks;;fruta e legumes
34;21;2028-07-24;1218,53;Atlantico Market;2021-09-25;Lacteos do Vale;dairy;;fruta e legumes
74;964;2031-03-03;7810,56;Mercado Central;2025-11-11;Congelados Norte;frozen goods;3,0;mercearia
429;468;2024-12-22;4480,43;SuperNorte;2021-08-21;Peixe Fresco Iberico;seafood;;mercearia
64;675;2026-04-12;2347,81;Atlantico Market;2025-08-22;Higiene Plus;cleaning products;;talho
245;290;2033-06-28;2145,62;Nova Compra;2024-07-08;Casa Verde Horticolas;produce;;talho
253;88;2025-04-15;10196,61;FreshMart Gaia;2023-05-05;Peixe Fresco Iberico;seafood;89,0;fruta e legumes
492;217;2025-07-10;5845,57;BomPreco;2023-12-08;Carnes Selectas;meat;;higiene
262;879;2025-09-13;2129,43;Atlantico Market;2023-03-24;SnackHouse Distribuicao;snacks;;peixaria
140;420;2028-05-16;2887,84;Mercado Central;2022-07-22;Casa Verde Horticolas;produce;;laticinios
160;583;2026-11-02;7000,0;Atlantico Market;2024-12-25;Bebidas Lusas;beverages;;mercearia
177;341;2025-09-25;3487,03;SuperNorte;2023-05-04;Lacteos do Vale;dairy;;mercearia
37;70;2024-12-30;2263,45;FreshMart Gaia;2022-12-13;Casa Verde Horticolas;produce;15,0;bebidas
483;758;2030-03-09;3542,99;SuperNorte;2025-01-22;Peixe Fresco Iberico;seafood;;peixaria
433;107;2031-04-27;1820,8;FreshMart Gaia;2024-07-23;Carnes Selectas;meat;28,0;talho
92;410;2028-06-16;1744,56;Mercado Central;2024-11-30;Casa Verde Horticolas;produce;37,0;talho
74;393;2029-04-25;2718,93;Mercado Central;2025-11-11;Bebidas Lusas;beverages;3,0;mercearia
22;337;2027-07-10;3980,56;Atlantico Market;2026-02-12;Carnes Selectas;meat;;talho
237;523;2033-09-07;3613,44;SuperNorte;2025-07-18;Bebidas Lusas;beverages;;higiene
283;60;2025-09-17;2492,89;FreshMart Gaia;2022-11-06;Casa Verde Horticolas;produce;43,0;higiene
293;122;2025-04-12;1399,03;Nova Compra;2024-07-22;Frutaria Atlantica;produce;;peixaria
272;895;2027-07-16;2057,09;Mercado Central;2025-06-25;Higiene Plus;cleaning products;122,0;congelados
26;719;2024-05-19;1675,06;Mercado Central;2022-05-29;SnackHouse Distribuicao;snacks;;peixaria
276;622;2024-10-09;1881,58;BomPreco;2021-06-07;Frutaria Atlantica;produce;;mercearia
438;620;2029-09-04;3500,0;BomPreco;2022-04-17;Casa Verde Horticolas;produce;116,0;fruta e legumes
286;567;2032-09-01;5850,62;Atlantico Market;2026-01-18;Carnes Selectas;meat;;talho
320;307;2024-11-03;5270,02;Mercado Central;2024-03-23;Carnes Selectas;meat;;congelados
257;417;2023-02-03;6835,67;Nova Compra;2021-04-16;Carnes Selectas;meat;21,0;mercearia
257;417;2023-02-03;10000,0;Nova Compra;2021-04-16;Carnes Selectas;meat;91,0;talho
102;620;2022-07-29;1811,49;BomPreco;2022-07-06;Casa Verde Horticolas;produce;;higiene
438;708;2025-09-26;7922,39;BomPreco;2022-04-17;Peixe Fresco Iberico;seafood;116,0;fruta e legumes
36;212;2024-04-25;1762,01;BomPreco;2021-03-31;Frutaria Atlantica;produce;;higiene
253;642;2023-12-21;1766,18;FreshMart Gaia;2023-05-05;Frutaria Atlantica;produce;89,0;fruta e legumes
412;304;2026-02-06;3448,96;Atlantico Market;2024-08-06;Congelados Norte;frozen goods;36,0;laticinios
378;442;2025-03-26;1437,85;BomPreco;2021-04-27;Frutaria Atlantica;produce;137,0;peixaria
115;356;2031-10-09;1800,0;FreshMart Gaia;2025-01-26;Padaria Industrial;bakery supplies;;peixaria
354;644;2028-11-30;3351,44;BomPreco;2025-11-02;Congelados Norte;frozen goods;;peixaria
23;830;2024-07-10;924,87;Nova Compra;2023-11-14;Casa Verde Horticolas;produce;;higiene
185;784;2024-10-29;4549,64;Nova Compra;2023-05-21;Congelados Norte;frozen goods;;laticinios
348;42;2025-11-22;2924,73;BomPreco;2024-01-26;Frutaria Atlantica;produce;;laticinios
362;110;2024-06-22;3235,93;Mercado Central;2021-04-28;Casa Verde Horticolas;produce;144,0;laticinios
431;237;2029-10-30;3154,69;Nova Compra;2024-03-23;Carnes Selectas;meat;194,0;congelados
237;267;2026-02-14;8909,69;SuperNorte;2025-07-18;Carnes Selectas;meat;;peixaria
126;1000;2024-04-16;3500,0;BomPreco;2022-12-13;Casa Verde Horticolas;produce;;fruta e legumes
179;480;2030-12-13;1359,77;Nova Compra;2024-10-24;Casa Verde Horticolas;produce;;higiene
301;594;2025-06-10;3976,04;FreshMart Gaia;2021-11-05;Congelados Norte;frozen goods;20,0;peixaria
301;594;2025-06-10;2470,49;FreshMart Gaia;2021-11-05;Congelados Norte;frozen goods;147,0;mercearia
23;347;2031-12-08;10000,0;Nova Compra;2023-11-14;Carnes Selectas;meat;;congelados
361;39;2024-02-11;842,99;FreshMart Gaia;2023-03-12;SnackHouse Distribuicao;snacks;;bebidas
125;223;2031-11-19;3132,56;Nova Compra;2024-01-05;Bebidas Lusas;beverages;;bebidas
480;554;2023-10-08;6121,0;BomPreco;2022-01-15;Congelados Norte;frozen goods;;congelados
76;679;2026-02-02;1212,85;Atlantico Market;2022-03-16;SnackHouse Distribuicao;snacks;180,0;laticinios
233;310;2025-05-04;1185,4;Nova Compra;2023-12-13;Casa Verde Horticolas;produce;;higiene
72;792;2023-02-10;1807,02;BomPreco;2021-04-11;Frutaria Atlantica;produce;;peixaria
296;94;2028-07-11;8000,0;Mercado Central;2024-07-23;Congelados Norte;frozen goods;;peixaria
457;38;2022-06-28;5792,72;FreshMart Gaia;2022-06-06;Peixe Fresco Iberico;seafood;107,0;fruta e legumes
270;534;2031-01-28;3917,42;BomPreco;2022-05-19;Congelados Norte;frozen goods;190,0;talho
315;147;2028-09-18;3268,72;SuperNorte;2025-10-02;Carnes Selectas;meat;;higiene
293;420;2025-11-24;2200,05;Nova Compra;2024-07-22;Casa Verde Horticolas;produce;;talho
467;818;2027-08-16;9674,35;Nova Compra;2023-05-01;Peixe Fresco Iberico;seafood;71,0;fruta e legumes
25;876;2032-05-16;761,22;FreshMart Gaia;2024-05-31;Padaria Industrial;bakery supplies;;mercearia
135;336;2024-01-30;1272,62;SuperNorte;2022-07-27;Padaria Industrial;bakery supplies;;peixaria
234;282;2028-01-17;1413,19;BomPreco;2022-02-27;Frutaria Atlantica;produce;;bebidas
92;822;2031-03-14;789,0;Mercado Central;2024-11-30;Frutaria Atlantica;produce;37,0;talho
242;589;2026-02-10;2027,07;Mercado Central;2022-10-19;SnackHouse Distribuicao;snacks;;fruta e legumes
3;296;2023-05-15;1800,0;SuperNorte;2022-12-19;Padaria Industrial;bakery supplies;;congelados
68;894;2027-04-07;2510,45;Mercado Central;2023-11-14;Congelados Norte;frozen goods;;fruta e legumes
303;954;2025-11-27;4661,49;SuperNorte;2025-02-15;Congelados Norte;frozen goods;;congelados
117;607;2031-07-06;9735,6;SuperNorte;2025-08-17;Carnes Selectas;meat;;congelados
446;392;2023-02-04;1767,02;Mercado Central;2022-09-29;Frutaria Atlantica;produce;187,0;higiene
278;789;2024-08-28;868,23;Mercado Central;2021-03-28;SnackHouse Distribuicao;snacks;;padaria
373;659;2024-02-26;1683,72;FreshMart Gaia;2022-06-04;SnackHouse Distribuicao;snacks;;congelados
473;946;2022-04-08;1800,0;Nova Compra;2021-08-09;Padaria Industrial;bakery supplies;69,0;bebidas
374;765;2023-06-05;1094,74;Mercado Central;2023-02-24;Higiene Plus;cleaning products;;padaria
238;880;2023-09-17;2053,81;Atlantico Market;2023-01-21;Casa Verde Horticolas;produce;;talho
98;690;2024-11-19;1151,54;Mercado Central;2022-12-11;Casa Verde Horticolas;produce;;laticinios
360;335;2028-04-24;1314,81;BomPreco;2023-03-19;Higiene Plus;cleaning products;200,0;peixaria
5;225;2034-01-10;1636,34;Nova Compra;2026-02-01;Higiene Plus;cleaning products;;mercearia
337;706;2026-02-05;1058,27;FreshMart Gaia;2025-05-15;Padaria Industrial;bakery supplies;117,0;laticinios
97;282;2023-11-19;1523,5;FreshMart Gaia;2023-11-01;Frutaria Atlantica;produce;;peixaria
411;736;2023-06-09;1220,61;SuperNorte;2023-06-02;Padaria Industrial;bakery supplies;;laticinios
58;340;2031-12-20;2500,42;Atlantico Market;2023-08-09;Casa Verde Horticolas;produce;;laticinios
160;497;2028-08-01;7518,89;Atlantico Market;2024-12-25;Carnes Selectas;meat;;higiene
462;542;2024-09-06;1621,53;BomPreco;2022-01-14;Frutaria Atlantica;produce;38,0;peixaria
192;637;2027-01-09;4083,46;BomPreco;2023-05-20;Carnes Selectas;meat;80,0;fruta e legumes
166;848;2031-10-25;12000,0;Atlantico Market;2024-12-15;Peixe Fresco Iberico;seafood;192,0;mercearia
90;893;2025-11-18;3989,58;BomPreco;2023-09-21;Bebidas Lusas;beverages;9,0;laticinios
82;736;2028-05-22;890,59;Atlantico Market;2023-01-31;Padaria Industrial;bakery supplies;54,0;laticinios
317;172;2028-11-19;951,7;Nova Compra;2022-01-06;Frutaria Atlantica;produce;16,0;higiene
299;98;2028-03-22;4272,44;Nova Compra;2025-02-06;Peixe Fresco Iberico;seafood;;fruta e legumes
196;810;2034-03-14;1385,61;Atlantico Market;2025-12-17;Casa Verde Horticolas;produce;4,0;padaria
196;810;2026-08-13;2254,49;Atlantico Market;2025-12-17;Casa Verde Horticolas;produce;159,0;bebidas
497;16;2027-03-21;851,89;Nova Compra;2024-09-10;Padaria Industrial;bakery supplies;105,0;bebidas
408;977;2025-02-23;5437,06;BomPreco;2022-04-15;Carnes Selectas;meat;;higiene
55;1;2028-11-26;1128,07;FreshMart Gaia;2025-06-03;Lacteos do Vale;dairy;;fruta e legumes
367;700;2026-10-19;3480,51;FreshMart Gaia;2022-02-26;Casa Verde Horticolas;produce;;laticinios
373;374;2027-12-03;3085,6;FreshMart Gaia;2022-06-04;Congelados Norte;frozen goods;;congelados
145;70;2024-10-04;2056,47;FreshMart Gaia;2023-11-02;Casa Verde Horticolas;produce;131,0;congelados
145;70;2024-10-04;1457,08;FreshMart Gaia;2023-11-02;Casa Verde Horticolas;produce;177,0;bebidas
472;905;2025-01-12;1191,6;Atlantico Market;2022-12-04;Higiene Plus;cleaning products;154,0;talho
155;880;2024-11-22;1294,16;Nova Compra;2021-06-09;Casa Verde Horticolas;produce;121,0;padaria
286;627;2032-06-02;6170,23;Atlantico Market;2026-01-18;Carnes Selectas;meat;;higiene
271;260;2030-10-18;1190,09;FreshMart Gaia;2025-10-11;Casa Verde Horticolas;produce;;mercearia
328;791;2033-02-15;2476,59;Atlantico Market;2024-05-28;Lacteos do Vale;dairy;;bebidas
174;647;2023-11-19;5118,84;BomPreco;2021-10-25;Carnes Selectas;meat;52,0;higiene
174;647;2023-11-19;7170,02;BomPreco;2021-10-25;Carnes Selectas;meat;163,0;talho
366;771;2024-09-19;2984,33;BomPreco;2021-10-13;Lacteos do Vale;dairy;;mercearia
4;642;2031-08-18;1603,64;Atlantico Market;2024-06-23;Frutaria Atlantica;produce;;laticinios
480;6;2025-06-29;1179,06;BomPreco;2022-01-15;Padaria Industrial;bakery supplies;;padaria
362;618;2021-12-25;5312,57;Mercado Central;2021-04-28;Peixe Fresco Iberico;seafood;144,0;laticinios
406;675;2023-03-28;2486,03;Atlantico Market;2022-12-02;Higiene Plus;cleaning products;93,0;mercearia
488;505;2026-01-30;1169,89;Mercado Central;2022-02-12;Higiene Plus;cleaning products;;mercearia
116;639;2024-09-29;1506,78;Mercado Central;2022-10-19;SnackHouse Distribuicao;snacks;;fruta e legumes
285;580;2027-04-23;1498,14;SuperNorte;2023-05-21;Casa Verde Horticolas;produce;;peixaria
198;762;2029-11-02;1330,16;BomPreco;2025-11-21;Frutaria Atlantica;produce;;higiene
277;540;2033-04-27;3500,0;FreshMart Gaia;2026-02-03;Casa Verde Horticolas;produce;;mercearia
248;446;2030-07-15;1244,69;Mercado Central;2025-02-23;Padaria Industrial;bakery supplies;8,0;fruta e legumes
337;976;2035-04-03;1031,11;FreshMart Gaia;2025-05-15;Padaria Industrial;bakery supplies;117,0;laticinios
81;945;2033-07-13;1109,77;SuperNorte;2024-04-22;Higiene Plus;cleaning products;130,0;padaria
69;197;2024-02-12;8911,11;SuperNorte;2021-06-05;Carnes Selectas;meat;;congelados
160;859;2028-02-13;1290,77;Atlantico Market;2024-12-25;SnackHouse Distribuicao;snacks;;laticinios
51;590;2026-07-23;1953,33;SuperNorte;2021-10-07;Casa Verde Horticolas;produce;112,0;padaria
284;838;2024-07-23;12000,0;Mercado Central;2023-04-30;Peixe Fresco Iberico;seafood;153,0;laticinios
132;904;2032-03-06;2795,05;BomPreco;2022-11-23;Congelados Norte;frozen goods;76,0;padaria
68;477;2025-11-08;6884,05;Mercado Central;2023-11-14;Carnes Selectas;meat;;higiene
28;769;2024-05-19;1878,78;Atlantico Market;2023-02-26;SnackHouse Distribuicao;snacks;;mercearia
363;321;2033-08-08;2726,83;SuperNorte;2025-10-30;Lacteos do Vale;dairy;;congelados
267;536;2026-04-14;879,67;SuperNorte;2025-12-26;Padaria Industrial;bakery supplies;;padaria
208;139;2034-04-27;1263,97;Atlantico Market;2024-12-15;SnackHouse Distribuicao;snacks;176,0;congelados
296;409;2029-11-12;1827,04;Mercado Central;2024-07-23;SnackHouse Distribuicao;snacks;;higiene
126;64;2024-09-14;3502,24;BomPreco;2022-12-13;Congelados Norte;frozen goods;;fruta e legumes
406;539;2030-05-15;577,84;Atlantico Market;2022-12-02;SnackHouse Distribuicao;snacks;93,0;mercearia
283;805;2024-02-16;948,8;FreshMart Gaia;2022-11-06;Higiene Plus;cleaning products;43,0;higiene
145;494;2024-07-22;3728,91;FreshMart Gaia;2023-11-02;Congelados Norte;frozen goods;131,0;congelados
145;494;2024-10-06;2647,41;FreshMart Gaia;2023-11-02;Congelados Norte;frozen goods;177,0;bebidas
433;595;2030-04-06;1471,67;FreshMart Gaia;2024-07-23;Higiene Plus;cleaning products;28,0;talho
134;942;2031-04-22;1315,57;Mercado Central;2024-07-19;Frutaria Atlantica;produce;;mercearia
307;957;2024-11-27;5295,47;FreshMart Gaia;2022-08-19;Carnes Selectas;meat;197,0;fruta e legumes
271;220;2026-01-16;3500,0;FreshMart Gaia;2025-10-11;Casa Verde Horticolas;produce;;higiene
480;523;2025-04-20;6513,7;BomPreco;2022-01-15;Bebidas Lusas;beverages;;laticinios
189;903;2029-09-12;4893,6;SuperNorte;2024-04-27;Bebidas Lusas;beverages;;congelados
93;999;2024-06-24;3000,0;SuperNorte;2023-02-02;SnackHouse Distribuicao;snacks;102,0;mercearia
445;921;2027-03-20;2080,91;FreshMart Gaia;2025-09-12;Lacteos do Vale;dairy;;padaria
158;834;2032-09-30;4180,92;Mercado Central;2025-02-09;Congelados Norte;frozen goods;;congelados
9;691;2023-11-18;1337,03;SuperNorte;2022-10-26;Lacteos do Vale;dairy;23,0;congelados
102;272;2023-01-03;3288,25;BomPreco;2022-07-06;Frutaria Atlantica;produce;;mercearia
467;233;2025-10-22;7000,0;Nova Compra;2023-05-01;Bebidas Lusas;beverages;71,0;fruta e legumes
252;338;2030-10-11;9778,02;BomPreco;2022-11-20;Peixe Fresco Iberico;seafood;;padaria
392;706;2029-03-12;1800,0;Mercado Central;2023-08-21;Padaria Industrial;bakery supplies;;fruta e legumes
377;2;2024-12-28;539,77;Nova Compra;2023-06-29;Frutaria Atlantica;produce;;talho
34;640;2025-10-05;3500,0;Atlantico Market;2021-09-25;Casa Verde Horticolas;produce;;peixaria
373;126;2025-06-25;954,13;FreshMart Gaia;2022-06-04;Padaria Industrial;bakery supplies;;talho
167;763;2025-11-19;7000,0;Nova Compra;2024-08-25;Bebidas Lusas;beverages;;peixaria
292;636;2031-03-11;1800,0;Atlantico Market;2023-07-16;Padaria Industrial;bakery supplies;17,0;fruta e legumes
342;474;2025-11-14;6087,31;BomPreco;2021-05-14;Congelados Norte;frozen goods;196,0;higiene
370;12;2023-10-07;1585,37;Atlantico Market;2023-01-22;Frutaria Atlantica;produce;7,0;higiene
208;672;2033-03-07;1986,54;Atlantico Market;2024-12-15;Frutaria Atlantica;produce;176,0;congelados
30;903;2034-07-05;1587,63;BomPreco;2025-01-06;Bebidas Lusas;beverages;29,0;peixaria
30;903;2029-03-06;5700,85;BomPreco;2025-01-06;Bebidas Lusas;beverages;199,0;talho
133;628;2025-11-03;2058,65;FreshMart Gaia;2023-08-18;Peixe Fresco Iberico;seafood;26,0;fruta e legumes
34;134;2023-10-17;3759,2;Atlantico Market;2021-09-25;Congelados Norte;frozen goods;;padaria
444;80;2028-04-02;3500,0;BomPreco;2025-11-27;Casa Verde Horticolas;produce;164,0;peixaria
421;689;2025-11-03;2282,11;FreshMart Gaia;2023-11-12;SnackHouse Distribuicao;snacks;;fruta e legumes
283;640;2023-01-25;929,34;FreshMart Gaia;2022-11-06;Casa Verde Horticolas;produce;43,0;higiene
450;236;2023-02-23;547,09;BomPreco;2021-02-18;Padaria Industrial;bakery supplies;;padaria
304;163;2030-12-18;2865,98;Atlantico Market;2022-07-01;Bebidas Lusas;beverages;59,0;congelados
233;637;2030-05-16;5593,85;Nova Compra;2023-12-13;Carnes Selectas;meat;;bebidas
305;288;2025-10-09;9643,17;Nova Compra;2023-08-27;Peixe Fresco Iberico;seafood;;laticinios
229;759;2025-02-08;2165,47;FreshMart Gaia;2022-07-08;SnackHouse Distribuicao;snacks;;talho
98;324;2026-02-01;2670,26;Mercado Central;2022-12-11;Congelados Norte;frozen goods;;talho
8;381;2024-08-23;2840,27;Mercado Central;2024-02-04;Lacteos do Vale;dairy;172,0;talho
280;497;2033-03-17;7484,25;Atlantico Market;2025-05-05;Carnes Selectas;meat;115,0;higiene
157;9;2030-04-02;2055,69;FreshMart Gaia;2024-10-04;SnackHouse Distribuicao;snacks;;higiene
146;24;2025-12-09;8000,0;Mercado Central;2022-01-30;Congelados Norte;frozen goods;;padaria
224;738;2027-01-30;9012,8;Mercado Central;2024-04-11;Peixe Fresco Iberico;seafood;98,0;fruta e legumes
490;810;2033-05-08;2859,67;Atlantico Market;2023-10-13;Casa Verde Horticolas;produce;;peixaria
410;241;2035-09-06;4000,0;Mercado Central;2025-10-07;Lacteos do Vale;dairy;;congelados
236;118;2025-10-11;9529,14;Mercado Central;2024-07-03;Peixe Fresco Iberico;seafood;;peixaria
175;840;2029-08-05;1443,7;FreshMart Gaia;2024-01-18;Casa Verde Horticolas;produce;;congelados
406;706;2023-11-17;1749,3;Atlantico Market;2022-12-02;Padaria Industrial;bakery supplies;93,0;mercearia
329;309;2025-09-29;1377,33;Nova Compra;2023-01-15;SnackHouse Distribuicao;snacks;198,0;laticinios
89;319;2023-10-07;1060,35;Nova Compra;2021-05-28;SnackHouse Distribuicao;snacks;;fruta e legumes
223;958;2032-06-13;4341,25;FreshMart Gaia;2022-09-06;Peixe Fresco Iberico;seafood;;padaria
147;115;2022-07-20;2393,03;SuperNorte;2022-01-01;Higiene Plus;cleaning products;;padaria
55;984;2025-12-24;5684,4;FreshMart Gaia;2025-06-03;Congelados Norte;frozen goods;;mercearia
369;145;2024-08-19;2216,28;SuperNorte;2024-02-08;Higiene Plus;cleaning products;;bebidas
169;610;2025-12-01;2450,95;FreshMart Gaia;2025-07-10;Casa Verde Horticolas;produce;;congelados
169;188;2025-10-27;7076,53;FreshMart Gaia;2025-07-10;Peixe Fresco Iberico;seafood;;fruta e legumes
290;949;2032-05-08;1903,85;Mercado Central;2022-12-23;SnackHouse Distribuicao;snacks;;peixaria
147;132;2030-02-13;2413,72;SuperNorte;2022-01-01;Frutaria Atlantica;produce;;peixaria
138;848;2023-11-16;4956,41;BomPreco;2023-01-31;Peixe Fresco Iberico;seafood;58,0;padaria
3;393;2023-09-24;2098,29;SuperNorte;2022-12-19;Bebidas Lusas;beverages;;bebidas
34;695;2023-01-28;1105,34;Atlantico Market;2021-09-25;Higiene Plus;cleaning products;;padaria
170;442;2030-10-07;2363,26;Mercado Central;2024-11-23;Frutaria Atlantica;produce;149,0;congelados
143;603;2031-05-19;2801,71;Nova Compra;2025-12-20;Bebidas Lusas;beverages;128,0;peixaria
213;457;2026-01-23;10000,0;SuperNorte;2022-08-14;Carnes Selectas;meat;19,0;talho
324;988;2031-10-12;7927,76;BomPreco;2023-12-10;Peixe Fresco Iberico;seafood;;mercearia
226;66;2024-09-24;1055,24;Atlantico Market;2022-06-05;Padaria Industrial;bakery supplies;;padaria
341;963;2025-01-28;2854,52;Nova Compra;2022-09-13;Bebidas Lusas;beverages;;mercearia
88;613;2025-02-26;5662,34;Atlantico Market;2021-03-26;Bebidas Lusas;beverages;62,0;fruta e legumes
92;233;2027-11-23;2173,59;Mercado Central;2024-11-30;Bebidas Lusas;beverages;37,0;talho
15;188;2025-09-13;7492,48;SuperNorte;2024-07-30;Peixe Fresco Iberico;seafood;;padaria
306;190;2030-08-22;1520,74;BomPreco;2025-04-13;Casa Verde Horticolas;produce;;talho
12;402;2025-06-29;1953,46;BomPreco;2024-07-15;Frutaria Atlantica;produce;;peixaria
135;241;2022-10-07;2675,91;SuperNorte;2022-07-27;Lacteos do Vale;dairy;;laticinios
131;217;2024-03-25;3224,74;Nova Compra;2022-05-27;Carnes Selectas;meat;152,0;fruta e legumes
258;496;2025-12-07;471,46;BomPreco;2025-02-11;Padaria Industrial;bakery supplies;73,0;talho
258;496;2025-12-07;657,54;BomPreco;2025-02-11;Padaria Industrial;bakery supplies;100,0;talho
484;738;2029-11-24;9654,86;Atlantico Market;2024-03-22;Peixe Fresco Iberico;seafood;;congelados
480;196;2030-10-06;1182,83;BomPreco;2022-01-15;Padaria Industrial;bakery supplies;;padaria
150;771;2034-10-08;1793,49;BomPreco;2025-02-06;Lacteos do Vale;dairy;;talho
375;205;2026-06-02;2500,0;SuperNorte;2024-05-11;Higiene Plus;cleaning products;123,0;bebidas
57;520;2024-11-02;3298,54;SuperNorte;2024-02-07;Casa Verde Horticolas;produce;;talho
321;694;2024-10-31;6876,93;SuperNorte;2022-07-21;Congelados Norte;frozen goods;77,0;congelados
456;264;2029-02-21;3104,1;BomPreco;2025-06-07;Congelados Norte;frozen goods;;mercearia
228;83;2031-02-18;5967,41;BomPreco;2025-05-03;Bebidas Lusas;beverages;44,0;fruta e legumes
460;437;2032-01-03;6294,76;Atlantico Market;2024-04-23;Carnes Selectas;meat;;congelados
191;270;2024-05-15;1336,65;Nova Compra;2024-01-10;Casa Verde Horticolas;produce;;higiene
453;519;2033-09-26;1574,49;SuperNorte;2025-10-17;SnackHouse Distribuicao;snacks;;padaria
19;995;2029-02-18;861,71;FreshMart Gaia;2023-01-09;Higiene Plus;cleaning products;160,0;higiene
500;98;2023-05-31;4714,93;Mercado Central;2022-04-18;Peixe Fresco Iberico;seafood;;bebidas
452;832;2023-12-24;1105,51;Mercado Central;2022-07-29;Frutaria Atlantica;produce;193,0;padaria
452;832;2023-12-24;2845,2;Mercado Central;2022-07-29;Frutaria Atlantica;produce;195,0;bebidas
415;606;2027-07-04;968,59;FreshMart Gaia;2024-03-20;Padaria Industrial;bakery supplies;;higiene
496;760;2027-04-03;1211,02;Atlantico Market;2025-03-17;Casa Verde Horticolas;produce;;congelados
39;651;2023-07-17;2713,63;SuperNorte;2022-08-08;Lacteos do Vale;dairy;;peixaria
428;250;2025-02-12;1851,25;Mercado Central;2023-08-26;Casa Verde Horticolas;produce;;bebidas
486;180;2023-12-31;2968,07;BomPreco;2022-02-26;Casa Verde Horticolas;produce;;fruta e legumes
341;201;2025-01-14;2282,95;Nova Compra;2022-09-13;Lacteos do Vale;dairy;;congelados
176;717;2026-01-29;2828,27;Mercado Central;2023-03-01;Carnes Selectas;meat;;talho
135;178;2032-07-10;5197,97;SuperNorte;2022-07-27;Peixe Fresco Iberico;seafood;;peixaria
424;330;2031-05-08;1099,05;Atlantico Market;2025-08-18;Casa Verde Horticolas;produce;;padaria
201;957;2025-03-06;6957,03;SuperNorte;2024-04-10;Carnes Selectas;meat;;higiene
350;260;2028-09-26;3013,77;Mercado Central;2025-07-14;Casa Verde Horticolas;produce;;higiene
482;387;2024-03-03;2695,56;Mercado Central;2023-10-18;Carnes Selectas;meat;156,0;mercearia
149;835;2025-11-26;1300,09;Nova Compra;2025-09-19;Higiene Plus;cleaning products;41,0;congelados
469;620;2027-10-17;3107,83;FreshMart Gaia;2023-05-24;Casa Verde Horticolas;produce;126,0;laticinios
270;773;2026-01-04;1859,22;BomPreco;2022-05-19;Bebidas Lusas;beverages;190,0;talho
375;729;2032-01-21;1356,65;SuperNorte;2024-05-11;SnackHouse Distribuicao;snacks;123,0;bebidas
183;185;2023-08-19;1374,86;SuperNorte;2022-11-01;Higiene Plus;cleaning products;178,0;higiene
78;939;2023-03-16;2667,46;BomPreco;2022-12-29;SnackHouse Distribuicao;snacks;46,0;talho
59;480;2026-01-29;2363,86;Nova Compra;2024-05-26;Casa Verde Horticolas;produce;;talho
89;635;2023-10-28;1926,14;Nova Compra;2021-05-28;Higiene Plus;cleaning products;;mercearia
321;139;2024-03-17;2163,84;SuperNorte;2022-07-21;SnackHouse Distribuicao;snacks;77,0;congelados
373;538;2022-08-06;5495,3;FreshMart Gaia;2022-06-04;Peixe Fresco Iberico;seafood;;fruta e legumes
29;953;2031-09-07;7000,0;Nova Compra;2025-01-17;Bebidas Lusas;beverages;;laticinios
254;59;2022-11-08;1220,02;Mercado Central;2022-08-29;SnackHouse Distribuicao;snacks;90,0;laticinios
496;641;2030-06-08;615,81;Atlantico Market;2025-03-17;Lacteos do Vale;dairy;;padaria
303;981;2027-06-29;956,21;SuperNorte;2025-02-15;Lacteos do Vale;dairy;;congelados
166;576;2034-10-03;948,76;Atlantico Market;2024-12-15;Padaria Industrial;bakery supplies;192,0;mercearia
118;607;2026-12-04;4651,57;Atlantico Market;2022-07-18;Carnes Selectas;meat;;talho
127;754;2024-12-30;3377,89;FreshMart Gaia;2022-10-25;Congelados Norte;frozen goods;;congelados
316;408;2025-11-05;6954,54;Atlantico Market;2022-06-02;Peixe Fresco Iberico;seafood;75,0;mercearia
445;219;2033-10-02;2831,96;FreshMart Gaia;2025-09-12;SnackHouse Distribuicao;snacks;;peixaria
38;408;2025-07-01;7973,43;Mercado Central;2022-04-17;Peixe Fresco Iberico;seafood;140,0;congelados
248;574;2033-01-14;5757,27;Mercado Central;2025-02-23;Congelados Norte;frozen goods;8,0;fruta e legumes
455;33;2027-01-04;2306,78;Nova Compra;2024-05-14;Bebidas Lusas;beverages;;bebidas
392;15;2032-02-01;1088,39;Mercado Central;2023-08-21;Higiene Plus;cleaning products;;laticinios
28;995;2025-05-19;1884,41;Atlantico Market;2023-02-26;Higiene Plus;cleaning products;;talho
413;679;2033-07-12;1732,18;Nova Compra;2025-04-04;SnackHouse Distribuicao;snacks;79,0;higiene
413;679;2025-05-21;2045,11;Nova Compra;2025-04-04;SnackHouse Distribuicao;snacks;81,0;laticinios
63;113;2027-12-15;4942,8;SuperNorte;2023-01-21;Bebidas Lusas;beverages;50,0;congelados
63;113;2031-11-23;4041,2;SuperNorte;2023-01-21;Bebidas Lusas;beverages;132,0;bebidas
333;957;2030-11-21;10000,0;SuperNorte;2021-06-28;Carnes Selectas;meat;;congelados
191;532;2025-11-28;1456,44;Nova Compra;2024-01-10;Frutaria Atlantica;produce;;congelados
179;62;2027-02-10;1279,66;Nova Compra;2024-10-24;Frutaria Atlantica;produce;;mercearia
107;68;2028-06-03;2937,52;Nova Compra;2025-07-14;Peixe Fresco Iberico;seafood;141,0;bebidas
107;68;2034-03-03;9103,63;Nova Compra;2025-07-14;Peixe Fresco Iberico;seafood;158,0;congelados
143;455;2030-11-07;1063,89;Nova Compra;2025-12-20;Higiene Plus;cleaning products;128,0;peixaria
7;921;2026-04-21;3800,64;FreshMart Gaia;2023-07-14;Lacteos do Vale;dairy;;peixaria
130;185;2022-10-30;1537,31;Atlantico Market;2021-12-14;Higiene Plus;cleaning products;;congelados
139;129;2026-02-02;1416,66;FreshMart Gaia;2023-09-26;SnackHouse Distribuicao;snacks;148,0;padaria
38;704;2022-10-17;2675,21;Mercado Central;2022-04-17;Congelados Norte;frozen goods;140,0;congelados
203;806;2024-10-29;1463,65;Nova Compra;2024-03-02;Padaria Industrial;bakery supplies;45,0;laticinios
422;128;2024-05-27;6344,28;Mercado Central;2021-05-10;Peixe Fresco Iberico;seafood;;fruta e legumes
480;531;2024-09-26;2425,36;BomPreco;2022-01-15;Lacteos do Vale;dairy;;talho
194;73;2035-10-02;4922,19;Mercado Central;2025-10-06;Bebidas Lusas;beverages;;mercearia
96;31;2025-09-25;2423,12;BomPreco;2023-11-03;Lacteos do Vale;dairy;;mercearia
211;766;2026-10-30;682,21;FreshMart Gaia;2024-02-14;Padaria Industrial;bakery supplies;103,0;padaria
134;759;2033-11-07;2086,2;Mercado Central;2024-07-19;SnackHouse Distribuicao;snacks;;fruta e legumes
418;188;2028-07-25;9401,72;Atlantico Market;2023-10-04;Peixe Fresco Iberico;seafood;24,0;bebidas
429;762;2024-07-24;2175,57;SuperNorte;2021-08-21;Frutaria Atlantica;produce;;talho
389;168;2025-06-15;8639,62;Nova Compra;2023-02-14;Peixe Fresco Iberico;seafood;;padaria
274;695;2023-10-13;1905,89;Atlantico Market;2021-09-17;Higiene Plus;cleaning products;;congelados
70;373;2030-01-06;3137,82;Atlantico Market;2021-12-25;Bebidas Lusas;beverages;;talho
336;770;2025-10-24;1522,09;BomPreco;2021-05-18;Casa Verde Horticolas;produce;10,0;talho
432;347;2033-07-12;10000,0;BomPreco;2025-09-23;Carnes Selectas;meat;;bebidas
127;974;2025-04-04;7808,45;FreshMart Gaia;2022-10-25;Congelados Norte;frozen goods;;peixaria
375;352;2033-08-10;1810,3;SuperNorte;2024-05-11;Frutaria Atlantica;produce;123,0;bebidas
27;495;2023-10-19;1869,6;SuperNorte;2022-08-07;Higiene Plus;cleaning products;42,0;bebidas
151;839;2026-02-04;1082,01;FreshMart Gaia;2024-04-02;SnackHouse Distribuicao;snacks;;padaria
274;882;2025-08-30;1412,96;Atlantico Market;2021-09-17;Frutaria Atlantica;produce;;peixaria
21;550;2034-01-16;1055,57;SuperNorte;2024-04-14;Casa Verde Horticolas;produce;;talho
472;447;2023-09-19;6140,75;Atlantico Market;2022-12-04;Carnes Selectas;meat;154,0;talho
48;1000;2026-01-03;2114,88;BomPreco;2022-10-06;Casa Verde Horticolas;produce;;peixaria
270;1;2022-10-13;3501,49;BomPreco;2022-05-19;Lacteos do Vale;dairy;190,0;talho
176;952;2032-04-19;1681,64;Mercado Central;2023-03-01;Frutaria Atlantica;produce;;congelados
144;845;2025-04-05;2222,02;BomPreco;2022-09-23;Higiene Plus;cleaning products;;bebidas
162;7;2030-09-23;7244,26;BomPreco;2024-11-21;Carnes Selectas;meat;;fruta e legumes
217;552;2022-01-13;3500,0;FreshMart Gaia;2021-10-15;Frutaria Atlantica;produce;171,0;laticinios
344;665;2022-04-01;2500,0;Mercado Central;2021-06-15;Higiene Plus;cleaning products;;bebidas
73;206;2028-02-15;1800,0;FreshMart Gaia;2025-01-05;Padaria Industrial;bakery supplies;61,0;higiene
70;684;2023-06-17;6263,08;Atlantico Market;2021-12-25;Congelados Norte;frozen goods;;talho
249;553;2033-01-07;2507,67;SuperNorte;2023-09-28;Bebidas Lusas;beverages;27,0;laticinios
108;842;2024-02-29;2110,54;BomPreco;2021-06-26;Frutaria Atlantica;produce;;bebidas
394;809;2024-02-24;3000,0;Atlantico Market;2023-07-15;SnackHouse Distribuicao;snacks;;padaria
37;253;2025-11-06;4710,93;FreshMart Gaia;2022-12-13;Bebidas Lusas;beverages;15,0;bebidas
251;784;2027-02-21;2970,75;Nova Compra;2023-03-21;Congelados Norte;frozen goods;;talho
378;793;2022-02-09;4362,05;BomPreco;2021-04-27;Bebidas Lusas;beverages;137,0;peixaria
465;147;2034-04-27;3459,34;SuperNorte;2024-12-20;Carnes Selectas;meat;;peixaria
398;660;2027-06-15;1258,47;Mercado Central;2026-02-14;Casa Verde Horticolas;produce;;higiene
420;549;2026-01-01;1986,91;BomPreco;2021-05-15;SnackHouse Distribuicao;snacks;;peixaria
394;902;2024-10-07;2580,5;Atlantico Market;2023-07-15;Frutaria Atlantica;produce;;talho
202;764;2022-06-27;3002,81;Atlantico Market;2022-03-22;Congelados Norte;frozen goods;;mercearia
449;711;2029-08-31;1671,41;Nova Compra;2024-02-23;Lacteos do Vale;dairy;;congelados
420;866;2021-07-29;526,31;BomPreco;2021-05-15;Padaria Industrial;bakery supplies;;fruta e legumes
159;30;2033-04-14;1745,43;SuperNorte;2025-01-19;Casa Verde Horticolas;produce;;mercearia
385;807;2023-11-22;2249,45;FreshMart Gaia;2023-02-10;Carnes Selectas;meat;;mercearia
30;592;2026-01-02;1617,0;BomPreco;2025-01-06;Frutaria Atlantica;produce;29,0;peixaria
30;592;2026-01-02;1917,45;BomPreco;2025-01-06;Frutaria Atlantica;produce;199,0;talho
322;124;2029-06-01;1951,33;Atlantico Market;2026-01-04;Congelados Norte;frozen goods;34,0;higiene
37;682;2029-03-25;1175,77;FreshMart Gaia;2022-12-13;Frutaria Atlantica;produce;15,0;bebidas
133;551;2024-05-18;2092,64;FreshMart Gaia;2023-08-18;Lacteos do Vale;dairy;26,0;fruta e legumes
451;156;2024-06-24;915,34;FreshMart Gaia;2022-01-11;Padaria Industrial;bakery supplies;63,0;laticinios
452;46;2022-08-30;934,58;Mercado Central;2022-07-29;Padaria Industrial;bakery supplies;193,0;padaria
452;46;2022-08-30;1138,38;Mercado Central;2022-07-29;Padaria Industrial;bakery supplies;195,0;bebidas
355;895;2026-02-11;648,04;FreshMart Gaia;2025-09-12;Higiene Plus;cleaning products;60,0;bebidas
444;215;2028-02-12;1891,46;BomPreco;2025-11-27;Higiene Plus;cleaning products;164,0;peixaria
334;218;2025-06-22;5631,49;Atlantico Market;2024-10-12;Peixe Fresco Iberico;seafood;127,0;talho
268;344;2034-01-12;3288,15;Atlantico Market;2025-06-15;Congelados Norte;frozen goods;;peixaria
175;919;2024-11-03;712,9;FreshMart Gaia;2024-01-18;SnackHouse Distribuicao;snacks;;padaria
332;953;2025-05-25;3324,59;Mercado Central;2024-11-20;Bebidas Lusas;beverages;;peixaria
438;678;2024-09-29;8184,28;BomPreco;2022-04-17;Peixe Fresco Iberico;seafood;116,0;fruta e legumes
462;538;2025-01-16;6927,57;BomPreco;2022-01-14;Peixe Fresco Iberico;seafood;38,0;peixaria
126;349;2023-04-14;1781,83;BomPreco;2022-12-13;SnackHouse Distribuicao;snacks;;padaria
430;609;2034-01-12;1416,52;Atlantico Market;2025-03-04;SnackHouse Distribuicao;snacks;53,0;fruta e legumes
430;609;2030-07-20;1605,65;Atlantico Market;2025-03-04;SnackHouse Distribuicao;snacks;183,0;mercearia
175;851;2029-01-14;1306,18;FreshMart Gaia;2024-01-18;Lacteos do Vale;dairy;;mercearia
416;64;2024-04-22;4290,79;Mercado Central;2021-10-24;Congelados Norte;frozen goods;;padaria
193;14;2025-01-05;3447,4;FreshMart Gaia;2022-02-11;Congelados Norte;frozen goods;;mercearia
241;524;2022-10-05;2592,07;FreshMart Gaia;2022-04-14;Congelados Norte;frozen goods;51,0;bebidas
162;245;2025-01-18;1931,08;BomPreco;2024-11-21;Higiene Plus;cleaning products;;bebidas
406;45;2022-12-22;676,86;Atlantico Market;2022-12-02;Higiene Plus;cleaning products;93,0;mercearia
218;602;2029-02-21;2342,26;Mercado Central;2025-07-13;Frutaria Atlantica;produce;;peixaria
13;673;2025-11-09;4884,04;FreshMart Gaia;2022-10-16;Bebidas Lusas;beverages;;padaria
95;751;2023-12-07;1695,89;Nova Compra;2021-11-19;Lacteos do Vale;dairy;;bebidas
196;415;2027-02-14;2186,14;Atlantico Market;2025-12-17;Higiene Plus;cleaning products;4,0;padaria
196;415;2034-08-06;1074,33;Atlantico Market;2025-12-17;Higiene Plus;cleaning products;159,0;bebidas
309;333;2026-02-17;2848,34;SuperNorte;2024-03-19;Bebidas Lusas;beverages;;padaria
275;207;2026-11-28;3146,34;Nova Compra;2025-12-22;Carnes Selectas;meat;35,0;fruta e legumes
152;72;2029-09-16;1842,98;Mercado Central;2023-11-30;Frutaria Atlantica;produce;;padaria
46;353;2032-02-06;2436,01;Atlantico Market;2023-02-06;Bebidas Lusas;beverages;;talho
57;846;2030-06-19;700,3;SuperNorte;2024-02-07;Padaria Industrial;bakery supplies;;higiene
409;232;2033-08-14;1796,37;FreshMart Gaia;2025-03-31;Frutaria Atlantica;produce;;padaria
279;2;2024-06-15;1830,53;SuperNorte;2022-10-07;Frutaria Atlantica;produce;;congelados
330;763;2027-11-08;6599,05;BomPreco;2025-02-18;Bebidas Lusas;beverages;;padaria
341;157;2025-06-12;8210,09;Nova Compra;2022-09-13;Carnes Selectas;meat;;padaria
358;393;2026-03-08;4805,22;Atlantico Market;2024-06-13;Bebidas Lusas;beverages;;talho
17;428;2022-11-19;6085,17;Nova Compra;2021-06-10;Peixe Fresco Iberico;seafood;;mercearia
392;865;2024-05-29;1146,42;Mercado Central;2023-08-21;Higiene Plus;cleaning products;;fruta e legumes
498;886;2025-09-24;988,1;BomPreco;2023-08-24;Padaria Industrial;bakery supplies;;mercearia
377;984;2028-05-03;3347,75;Nova Compra;2023-06-29;Congelados Norte;frozen goods;;talho
408;703;2025-01-19;2735,56;BomPreco;2022-04-15;Bebidas Lusas;beverages;;padaria
220;657;2032-04-04;5211,89;Atlantico Market;2024-11-09;Carnes Selectas;meat;;laticinios
219;151;2029-01-15;1448,02;SuperNorte;2025-01-12;Lacteos do Vale;dairy;175,0;padaria
52;348;2028-12-18;4500,49;Atlantico Market;2025-01-08;Peixe Fresco Iberico;seafood;;bebidas
165;599;2027-12-23;2535,7;SuperNorte;2024-06-21;SnackHouse Distribuicao;snacks;;higiene
344;774;2024-08-07;2311,18;Mercado Central;2021-06-15;Congelados Norte;frozen goods;;fruta e legumes
299;248;2034-10-01;4071,06;Nova Compra;2025-02-06;Peixe Fresco Iberico;seafood;;mercearia
183;786;2025-12-01;1773,53;SuperNorte;2022-11-01;Padaria Industrial;bakery supplies;178,0;higiene
424;919;2025-11-23;1383,08;Atlantico Market;2025-08-18;SnackHouse Distribuicao;snacks;;congelados
236;42;2028-11-06;3436,31;Mercado Central;2024-07-03;Frutaria Atlantica;produce;;mercearia
348;443;2024-09-26;2217,64;BomPreco;2024-01-26;Bebidas Lusas;beverages;;fruta e legumes
291;440;2033-10-15;1912,45;SuperNorte;2024-09-22;Casa Verde Horticolas;produce;;congelados
458;321;2028-06-13;3042,84;Mercado Central;2024-04-06;Lacteos do Vale;dairy;169,0;higiene
81;387;2028-05-29;3592,01;SuperNorte;2024-04-22;Carnes Selectas;meat;130,0;padaria
99;873;2025-10-21;7000,0;SuperNorte;2025-09-02;Bebidas Lusas;beverages;;talho
49;785;2024-09-11;1153,49;FreshMart Gaia;2023-09-03;Higiene Plus;cleaning products;;laticinios
297;439;2032-06-24;2074,8;SuperNorte;2022-11-01;SnackHouse Distribuicao;snacks;;higiene
64;368;2033-06-22;4790,71;Atlantico Market;2025-08-22;Peixe Fresco Iberico;seafood;;mercearia
461;897;2030-07-15;10000,0;Nova Compra;2025-03-18;Carnes Selectas;meat;;congelados
2;217;2032-01-27;6189,85;Mercado Central;2022-09-10;Carnes Selectas;meat;167,0;congelados
18;81;2026-12-12;4000,0;BomPreco;2025-02-11;Lacteos do Vale;dairy;;congelados
375;5;2028-03-06;2337,39;SuperNorte;2024-05-11;Higiene Plus;cleaning products;123,0;bebidas
196;557;2033-09-23;7870,04;Atlantico Market;2025-12-17;Carnes Selectas;meat;4,0;padaria
196;557;2026-10-15;3513,44;Atlantico Market;2025-12-17;Carnes Selectas;meat;159,0;bebidas
284;898;2029-12-02;6749,96;Mercado Central;2023-04-30;Peixe Fresco Iberico;seafood;153,0;laticinios
97;278;2030-10-22;5636,69;FreshMart Gaia;2023-11-01;Peixe Fresco Iberico;seafood;;laticinios
85;171;2032-08-03;2175,53;FreshMart Gaia;2025-09-24;Lacteos do Vale;dairy;;mercearia
299;212;2025-03-16;1977,16;Nova Compra;2025-02-06;Frutaria Atlantica;produce;;padaria
394;193;2030-01-16;2500,38;Atlantico Market;2023-07-15;Bebidas Lusas;beverages;;bebidas
20;587;2033-03-27;5032,65;Mercado Central;2025-07-10;Carnes Selectas;meat;;fruta e legumes
353;932;2023-12-12;1771,47;Nova Compra;2021-02-20;Frutaria Atlantica;produce;;congelados
393;203;2028-01-21;2380,13;SuperNorte;2025-10-05;Bebidas Lusas;beverages;;talho
21;314;2024-06-17;6164,47;SuperNorte;2024-04-14;Congelados Norte;frozen goods;;congelados
321;669;2029-08-04;1823,75;SuperNorte;2022-07-21;SnackHouse Distribuicao;snacks;77,0;congelados
494;62;2025-08-12;2667,52;Mercado Central;2024-11-22;Frutaria Atlantica;produce;;padaria
352;167;2030-05-14;6723,76;Atlantico Market;2022-04-17;Carnes Selectas;meat;;higiene
316;467;2025-10-20;2497,44;Atlantico Market;2022-06-02;Carnes Selectas;meat;75,0;mercearia
117;743;2033-06-04;2577,37;SuperNorte;2025-08-17;Bebidas Lusas;beverages;;padaria
483;518;2025-05-22;12000,0;SuperNorte;2025-01-22;Peixe Fresco Iberico;seafood;;fruta e legumes
451;370;2025-03-18;2633,93;FreshMart Gaia;2022-01-11;Casa Verde Horticolas;produce;63,0;laticinios
233;834;2026-02-01;2072,75;Nova Compra;2023-12-13;Congelados Norte;frozen goods;;congelados
193;306;2023-10-31;1235,54;FreshMart Gaia;2022-02-11;Padaria Industrial;bakery supplies;;padaria
287;787;2026-04-06;3713,73;Nova Compra;2024-10-19;Carnes Selectas;meat;83,0;peixaria
134;261;2033-01-27;836,98;Mercado Central;2024-07-19;Lacteos do Vale;dairy;;congelados
483;442;2026-02-09;3500,0;SuperNorte;2025-01-22;Frutaria Atlantica;produce;;fruta e legumes
197;73;2025-09-23;3879,29;Nova Compra;2023-07-18;Bebidas Lusas;beverages;;bebidas
277;853;2030-03-28;4134,62;FreshMart Gaia;2026-02-03;Bebidas Lusas;beverages;;laticinios
193;907;2024-02-23;3067,47;FreshMart Gaia;2022-02-11;Carnes Selectas;meat;;talho
57;272;2024-07-18;1101,06;SuperNorte;2024-02-07;Frutaria Atlantica;produce;;talho
25;543;2024-07-28;1832,2;FreshMart Gaia;2024-05-31;Bebidas Lusas;beverages;;laticinios
101;702;2023-11-20;3500,0;Nova Compra;2023-02-01;Frutaria Atlantica;produce;;higiene
428;268;2025-08-24;3102,8;Mercado Central;2023-08-26;Peixe Fresco Iberico;seafood;;peixaria
82;163;2023-08-15;7000,0;Atlantico Market;2023-01-31;Bebidas Lusas;beverages;54,0;laticinios
2;646;2024-05-23;641,44;Mercado Central;2022-09-10;Padaria Industrial;bakery supplies;167,0;congelados
84;963;2022-12-23;2158,06;BomPreco;2022-05-29;Bebidas Lusas;beverages;;talho
145;756;2030-01-08;975,39;FreshMart Gaia;2023-11-02;Padaria Industrial;bakery supplies;131,0;congelados
145;756;2028-01-11;734,99;FreshMart Gaia;2023-11-02;Padaria Industrial;bakery supplies;177,0;bebidas
176;956;2030-08-26;1044,76;Mercado Central;2023-03-01;Padaria Industrial;bakery supplies;;talho
355;923;2027-12-28;2527,01;FreshMart Gaia;2025-09-12;Bebidas Lusas;beverages;60,0;bebidas
13;848;2028-09-28;5644,8;FreshMart Gaia;2022-10-16;Peixe Fresco Iberico;seafood;;talho
207;316;2023-04-11;710,86;SuperNorte;2022-08-16;Padaria Industrial;bakery supplies;;talho
134;459;2032-12-22;2431,06;Mercado Central;2024-07-19;SnackHouse Distribuicao;snacks;;bebidas
165;177;2028-07-08;6801,07;SuperNorte;2024-06-21;Carnes Selectas;meat;;congelados
198;695;2026-02-02;1537,15;BomPreco;2025-11-21;Higiene Plus;cleaning products;;peixaria
164;340;2031-12-12;2972,14;Mercado Central;2022-03-01;Casa Verde Horticolas;produce;165,0;mercearia
164;340;2024-04-14;2082,6;Mercado Central;2022-03-01;Casa Verde Horticolas;produce;181,0;talho
264;611;2028-10-13;2330,14;BomPreco;2024-03-30;Lacteos do Vale;dairy;;padaria
98;137;2025-11-18;5116,24;Mercado Central;2022-12-11;Carnes Selectas;meat;;congelados
161;508;2025-01-18;4709,07;Nova Compra;2021-02-26;Peixe Fresco Iberico;seafood;;higiene
150;580;2031-02-28;1341,6;BomPreco;2025-02-06;Casa Verde Horticolas;produce;;laticinios
429;977;2029-03-05;5769,6;SuperNorte;2021-08-21;Carnes Selectas;meat;;peixaria
111;319;2022-07-24;2608,65;SuperNorte;2021-08-21;SnackHouse Distribuicao;snacks;;fruta e legumes
234;759;2024-09-12;2132,81;BomPreco;2022-02-27;SnackHouse Distribuicao;snacks;;talho
21;137;2024-05-07;6962,07;SuperNorte;2024-04-14;Carnes Selectas;meat;;bebidas
220;36;2030-05-07;607,88;Atlantico Market;2024-11-09;Padaria Industrial;bakery supplies;;mercearia
79;220;2028-02-28;2340,72;FreshMart Gaia;2023-10-18;Casa Verde Horticolas;produce;2,0;peixaria
79;220;2026-06-11;1545,8;FreshMart Gaia;2023-10-18;Casa Verde Horticolas;produce;67,0;padaria
163;1;2022-01-25;2326,93;FreshMart Gaia;2021-05-29;Lacteos do Vale;dairy;;higiene
55;25;2032-08-04;1762,72;FreshMart Gaia;2025-06-03;Higiene Plus;cleaning products;;talho
207;498;2031-10-17;3863,25;SuperNorte;2022-08-16;Peixe Fresco Iberico;seafood;;congelados
217;135;2025-07-11;1475,93;FreshMart Gaia;2021-10-15;Higiene Plus;cleaning products;171,0;laticinios
470;282;2024-10-13;2057,52;Mercado Central;2022-09-27;Frutaria Atlantica;produce;84,0;mercearia
353;965;2021-10-27;2155,1;Nova Compra;2021-02-20;Higiene Plus;cleaning products;;talho
223;678;2031-01-09;5151,09;FreshMart Gaia;2022-09-06;Peixe Fresco Iberico;seafood;;higiene
438;469;2024-05-19;1605,17;BomPreco;2022-04-17;SnackHouse Distribuicao;snacks;116,0;fruta e legumes
263;944;2026-01-10;4641,78;Nova Compra;2022-05-13;Congelados Norte;frozen goods;47,0;peixaria
288;726;2028-09-01;792,51;BomPreco;2025-10-31;Padaria Industrial;bakery supplies;;higiene
205;999;2033-03-22;1296,94;FreshMart Gaia;2026-01-02;SnackHouse Distribuicao;snacks;;peixaria
411;606;2028-09-24;772,49;SuperNorte;2023-06-02;Padaria Industrial;bakery supplies;;talho
295;603;2028-03-21;3540,54;FreshMart Gaia;2024-02-12;Bebidas Lusas;beverages;;padaria
196;454;2029-03-28;8000,0;Atlantico Market;2025-12-17;Congelados Norte;frozen goods;4,0;padaria
196;454;2033-09-23;4125,47;Atlantico Market;2025-12-17;Congelados Norte;frozen goods;159,0;bebidas
411;137;2032-02-10;6724,73;SuperNorte;2023-06-02;Carnes Selectas;meat;;fruta e legumes
433;843;2024-09-19;3803,69;FreshMart Gaia;2024-07-23;Bebidas Lusas;beverages;28,0;talho
105;998;2024-03-12;5659,95;SuperNorte;2022-01-11;Peixe Fresco Iberico;seafood;;laticinios
405;708;2023-06-06;6429,61;SuperNorte;2023-01-07;Peixe Fresco Iberico;seafood;22,0;padaria
294;178;2024-05-18;9189,01;BomPreco;2022-04-03;Peixe Fresco Iberico;seafood;;padaria
23;489;2023-12-28;1610,77;Nova Compra;2023-11-14;SnackHouse Distribuicao;snacks;;congelados
344;886;2023-03-28;930,14;Mercado Central;2021-06-15;Padaria Industrial;bakery supplies;;mercearia
324;276;2030-03-25;899,74;BomPreco;2023-12-10;Padaria Industrial;bakery supplies;;mercearia
60;826;2022-02-02;639,5;BomPreco;2021-08-03;Padaria Industrial;bakery supplies;;congelados
8;222;2025-06-08;2954,2;Mercado Central;2024-02-04;Frutaria Atlantica;produce;172,0;talho
63;325;2023-11-25;1124,49;SuperNorte;2023-01-21;Higiene Plus;cleaning products;50,0;congelados
63;325;2023-11-25;2500,0;SuperNorte;2023-01-21;Higiene Plus;cleaning products;132,0;bebidas
300;44;2025-06-22;4800,56;BomPreco;2022-06-18;Congelados Norte;frozen goods;;fruta e legumes
391;20;2025-02-06;3482,79;FreshMart Gaia;2024-03-07;Casa Verde Horticolas;produce;;mercearia
56;464;2026-01-26;3930,01;Mercado Central;2023-09-26;Congelados Norte;frozen goods;78,0;bebidas
56;464;2025-02-08;3091,59;Mercado Central;2023-09-26;Congelados Norte;frozen goods;134,0;fruta e legumes
92;309;2029-08-31;2638,55;Mercado Central;2024-11-30;SnackHouse Distribuicao;snacks;37,0;talho
105;782;2029-08-06;1437,25;SuperNorte;2022-01-11;Frutaria Atlantica;produce;;congelados
73;392;2031-08-28;3299,19;FreshMart Gaia;2025-01-05;Frutaria Atlantica;produce;61,0;higiene
77;166;2024-10-05;1297,48;Nova Compra;2023-01-26;Padaria Industrial;bakery supplies;;higiene
204;928;2021-05-03;12000,0;BomPreco;2021-04-02;Peixe Fresco Iberico;seafood;;padaria
99;851;2033-10-05;1385,49;SuperNorte;2025-09-02;Lacteos do Vale;dairy;;congelados
15;978;2027-07-20;9996,47;SuperNorte;2024-07-30;Peixe Fresco Iberico;seafood;;bebidas
71;476;2026-09-17;715,88;Nova Compra;2024-03-23;Padaria Industrial;bakery supplies;136,0;talho
426;672;2028-12-06;629,26;BomPreco;2025-03-14;Frutaria Atlantica;produce;11,0;peixaria
226;664;2027-02-22;6435,17;Atlantico Market;2022-06-05;Congelados Norte;frozen goods;;congelados
194;745;2025-12-15;1371,04;Mercado Central;2025-10-06;Higiene Plus;cleaning products;;peixaria
332;334;2034-02-07;6630,64;Mercado Central;2024-11-20;Congelados Norte;frozen goods;;congelados
283;246;2025-04-30;1042,28;FreshMart Gaia;2022-11-06;Padaria Industrial;bakery supplies;43,0;higiene
313;275;2029-09-06;1388,35;FreshMart Gaia;2023-03-30;Higiene Plus;cleaning products;109,0;talho
143;898;2027-10-26;12000,0;Nova Compra;2025-12-20;Peixe Fresco Iberico;seafood;128,0;peixaria
102;724;2023-07-12;4535,1;BomPreco;2022-07-06;Congelados Norte;frozen goods;;padaria
146;231;2023-12-22;1735,84;Mercado Central;2022-01-30;Lacteos do Vale;dairy;;higiene
392;996;2030-04-17;961,01;Mercado Central;2023-08-21;Padaria Industrial;bakery supplies;;laticinios
377;784;2025-02-07;4616,11;Nova Compra;2023-06-29;Congelados Norte;frozen goods;;higiene
114;320;2026-06-25;514,32;BomPreco;2025-03-11;Casa Verde Horticolas;produce;;higiene
304;669;2024-04-16;2058,08;Atlantico Market;2022-07-01;SnackHouse Distribuicao;snacks;59,0;congelados
7;382;2031-04-29;3409,93;FreshMart Gaia;2023-07-14;Frutaria Atlantica;produce;;fruta e legumes
495;994;2024-04-13;4206,24;SuperNorte;2022-10-02;Congelados Norte;frozen goods;110,0;peixaria
112;685;2023-06-04;1137,82;Atlantico Market;2022-05-22;Higiene Plus;cleaning products;40,0;padaria
163;421;2030-12-26;2559,89;FreshMart Gaia;2021-05-29;Lacteos do Vale;dairy;;talho
18;895;2032-12-02;2500,0;BomPreco;2025-02-11;Higiene Plus;cleaning products;;bebidas
229;207;2025-09-07;6669,44;FreshMart Gaia;2022-07-08;Carnes Selectas;meat;;bebidas
298;397;2024-12-04;5946,88;Atlantico Market;2023-03-05;Carnes Selectas;meat;;laticinios
151;780;2027-07-26;1551,81;FreshMart Gaia;2024-04-02;Casa Verde Horticolas;produce;;peixaria
2;103;2023-03-05;2317,48;Mercado Central;2022-09-10;Bebidas Lusas;beverages;167,0;congelados
13;583;2023-05-27;3789,71;FreshMart Gaia;2022-10-16;Bebidas Lusas;beverages;;laticinios
401;863;2035-06-09;3820,82;Nova Compra;2025-07-23;Bebidas Lusas;beverages;;laticinios
89;170;2030-02-05;775,49;Nova Compra;2021-05-28;Casa Verde Horticolas;produce;;higiene
346;416;2021-07-21;721,05;Atlantico Market;2021-02-27;Padaria Industrial;bakery supplies;;peixaria
133;920;2032-11-26;3116,38;FreshMart Gaia;2023-08-18;Casa Verde Horticolas;produce;26,0;fruta e legumes
479;196;2026-06-21;890,36;Nova Compra;2025-03-24;Padaria Industrial;bakery supplies;18,0;laticinios
106;735;2025-03-02;455,36;Atlantico Market;2024-07-22;Higiene Plus;cleaning products;;talho
321;523;2024-10-05;7000,0;SuperNorte;2022-07-21;Bebidas Lusas;beverages;77,0;congelados
231;874;2032-02-01;2878,98;SuperNorte;2025-05-07;Congelados Norte;frozen goods;;talho
460;735;2029-05-27;1112,75;Atlantico Market;2024-04-23;Higiene Plus;cleaning products;;padaria
78;109;2025-05-01;2661,23;BomPreco;2022-12-29;SnackHouse Distribuicao;snacks;46,0;talho
378;346;2022-07-20;716,1;BomPreco;2021-04-27;Padaria Industrial;bakery supplies;137,0;peixaria
297;526;2024-08-28;412,1;SuperNorte;2022-11-01;Padaria Industrial;bakery supplies;;peixaria
382;478;2025-08-01;7168,57;Atlantico Market;2023-09-03;Peixe Fresco Iberico;seafood;;talho
62;286;2031-02-04;1431,29;Mercado Central;2023-12-03;Padaria Industrial;bakery supplies;186,0;bebidas
3;354;2023-08-19;3481,68;SuperNorte;2022-12-19;Congelados Norte;frozen goods;;congelados
103;756;2025-02-09;946,22;FreshMart Gaia;2022-12-24;Padaria Industrial;bakery supplies;;talho
499;420;2024-03-24;1087,93;FreshMart Gaia;2023-08-29;Casa Verde Horticolas;produce;;laticinios
275;23;2026-02-02;2395,99;Nova Compra;2025-12-22;Bebidas Lusas;beverages;35,0;fruta e legumes
395;936;2029-09-10;865,23;Nova Compra;2023-10-24;Padaria Industrial;bakery supplies;;peixaria
92;70;2033-07-18;2477,03;Mercado Central;2024-11-30;Casa Verde Horticolas;produce;37,0;talho
143;121;2027-08-18;2246,71;Nova Compra;2025-12-20;Lacteos do Vale;dairy;128,0;peixaria
158;773;2026-09-18;5934,47;Mercado Central;2025-02-09;Bebidas Lusas;beverages;;higiene
52;266;2026-10-24;1800,0;Atlantico Market;2025-01-08;Padaria Industrial;bakery supplies;;fruta e legumes
252;866;2028-07-08;1490,27;BomPreco;2022-11-20;Padaria Industrial;bakery supplies;;peixaria
11;406;2025-12-26;488,96;Nova Compra;2022-01-12;Padaria Industrial;bakery supplies;;padaria
303;343;2026-10-02;3300,44;SuperNorte;2025-02-15;Bebidas Lusas;beverages;;peixaria
262;977;2024-07-06;8012,85;Atlantico Market;2023-03-24;Carnes Selectas;meat;;laticinios
75;721;2027-12-30;2037,4;SuperNorte;2024-05-04;Lacteos do Vale;dairy;65,0;peixaria
75;721;2024-10-24;1037,45;SuperNorte;2024-05-04;Lacteos do Vale;dairy;170,0;fruta e legumes
331;650;2022-10-28;1443,1;FreshMart Gaia;2021-12-05;Casa Verde Horticolas;produce;;laticinios
29;436;2025-04-10;359,66;Nova Compra;2025-01-17;Padaria Industrial;bakery supplies;;bebidas
90;719;2031-07-18;1456,3;BomPreco;2023-09-21;SnackHouse Distribuicao;snacks;9,0;laticinios
439;321;2026-11-05;1579,73;FreshMart Gaia;2026-01-08;Lacteos do Vale;dairy;;congelados
443;479;2035-03-12;1402,82;Nova Compra;2025-05-20;SnackHouse Distribuicao;snacks;;bebidas
158;611;2029-03-11;3658,79;Mercado Central;2025-02-09;Lacteos do Vale;dairy;;laticinios
364;251;2026-01-28;1180,97;Atlantico Market;2021-12-06;Lacteos do Vale;dairy;;bebidas
205;950;2029-11-02;1339,09;FreshMart Gaia;2026-01-02;Casa Verde Horticolas;produce;;talho
282;516;2031-05-20;598,22;BomPreco;2022-10-01;Padaria Industrial;bakery supplies;31,0;padaria
282;516;2028-06-02;1619,47;BomPreco;2022-10-01;Padaria Industrial;bakery supplies;142,0;higiene
177;315;2025-12-19;2287,62;SuperNorte;2023-05-04;Higiene Plus;cleaning products;;padaria
320;644;2024-12-11;5056,37;Mercado Central;2024-03-23;Congelados Norte;frozen goods;;talho
477;170;2026-01-18;2125,31;SuperNorte;2022-01-25;Casa Verde Horticolas;produce;;padaria
453;518;2033-02-09;3787,29;SuperNorte;2025-10-17;Peixe Fresco Iberico;seafood;;higiene
297;878;2025-11-08;7109,54;SuperNorte;2022-11-01;Peixe Fresco Iberico;seafood;;peixaria
475;863;2029-04-05;2263,46;FreshMart Gaia;2025-02-17;Bebidas Lusas;beverages;124,0;higiene
473;905;2024-05-20;1400,73;Nova Compra;2021-08-09;Higiene Plus;cleaning products;69,0;bebidas
110;91;2028-08-17;1842,2;Mercado Central;2024-05-11;Lacteos do Vale;dairy;;talho
253;764;2030-08-21;3291,16;FreshMart Gaia;2023-05-05;Congelados Norte;frozen goods;89,0;fruta e legumes
17;719;2024-09-12;1671,15;Nova Compra;2021-06-10;SnackHouse Distribuicao;snacks;;fruta e legumes
215;963;2024-02-26;5086,16;Nova Compra;2022-05-12;Bebidas Lusas;beverages;;laticinios
108;653;2028-03-04;7000,0;BomPreco;2021-06-26;Bebidas Lusas;beverages;;congelados
411;887;2025-04-25;6919,49;SuperNorte;2023-06-02;Carnes Selectas;meat;;laticinios
446;350;2025-12-09;3500,0;Mercado Central;2022-09-29;Casa Verde Horticolas;produce;187,0;higiene
213;39;2029-11-12;1806,14;SuperNorte;2022-08-14;SnackHouse Distribuicao;snacks;19,0;talho
251;523;2024-04-13;7000,0;Nova Compra;2023-03-21;Bebidas Lusas;beverages;;mercearia
170;723;2026-03-20;4562,03;Mercado Central;2024-11-23;Bebidas Lusas;beverages;149,0;congelados
31;810;2031-06-11;2060,79;FreshMart Gaia;2023-08-26;Casa Verde Horticolas;produce;;padaria
114;588;2032-02-15;6026,1;BomPreco;2025-03-11;Peixe Fresco Iberico;seafood;;peixaria
28;740;2030-03-14;2116,54;Atlantico Market;2023-02-26;Casa Verde Horticolas;produce;;laticinios
178;883;2033-06-02;4553,82;Atlantico Market;2023-12-25;Bebidas Lusas;beverages;;padaria
326;587;2026-05-29;2853,5;Mercado Central;2024-09-07;Carnes Selectas;meat;;padaria
460;323;2024-11-27;5138,6;Atlantico Market;2024-04-23;Bebidas Lusas;beverages;;mercearia
240;483;2026-02-17;1923,14;BomPreco;2023-03-19;Bebidas Lusas;beverages;106,0;higiene
453;396;2030-04-01;1370,98;SuperNorte;2025-10-17;Padaria Industrial;bakery supplies;;fruta e legumes
339;15;2024-11-19;1800,35;SuperNorte;2022-10-13;Higiene Plus;cleaning products;155,0;peixaria
98;612;2024-10-14;3500,0;Mercado Central;2022-12-11;Frutaria Atlantica;produce;;talho
155;858;2023-05-20;4409,92;Nova Compra;2021-06-09;Peixe Fresco Iberico;seafood;121,0;padaria
465;655;2028-06-03;881,84;SuperNorte;2024-12-20;Higiene Plus;cleaning products;;fruta e legumes
89;483;2022-10-23;6172,0;Nova Compra;2021-05-28;Bebidas Lusas;beverages;;peixaria
146;640;2030-10-05;1140,55;Mercado Central;2022-01-30;Casa Verde Horticolas;produce;;bebidas
430;248;2026-02-09;3833,76;Atlantico Market;2025-03-04;Peixe Fresco Iberico;seafood;53,0;fruta e legumes
430;248;2026-02-09;7139,77;Atlantico Market;2025-03-04;Peixe Fresco Iberico;seafood;183,0;mercearia
451;534;2030-09-16;4210,59;FreshMart Gaia;2022-01-11;Congelados Norte;frozen goods;63,0;laticinios
248;544;2033-10-12;4611,37;Mercado Central;2025-02-23;Congelados Norte;frozen goods;8,0;fruta e legumes
134;854;2031-12-06;5477,19;Mercado Central;2024-07-19;Congelados Norte;frozen goods;;talho
269;170;2025-02-18;2362,39;Nova Compra;2023-10-19;Casa Verde Horticolas;produce;;mercearia
99;553;2032-11-19;3620,87;SuperNorte;2025-09-02;Bebidas Lusas;beverages;;laticinios
16;975;2030-02-07;1405,12;Atlantico Market;2024-01-08;Higiene Plus;cleaning products;5,0;congelados
31;668;2024-09-24;6306,99;FreshMart Gaia;2023-08-26;Peixe Fresco Iberico;seafood;;padaria
91;684;2032-05-15;4368,8;FreshMart Gaia;2025-05-06;Congelados Norte;frozen goods;92,0;peixaria
487;615;2031-12-05;736,46;FreshMart Gaia;2024-08-09;Higiene Plus;cleaning products;;laticinios
336;762;2024-05-05;2600,13;BomPreco;2021-05-18;Frutaria Atlantica;produce;10,0;talho
187;440;2028-04-10;2966,11;FreshMart Gaia;2023-07-04;Casa Verde Horticolas;produce;;talho
41;65;2024-08-28;1831,8;Nova Compra;2024-05-01;Higiene Plus;cleaning products;;mercearia
364;767;2023-06-13;6949,19;Atlantico Market;2021-12-06;Carnes Selectas;meat;;talho
102;442;2032-03-11;1184,61;BomPreco;2022-07-06;Frutaria Atlantica;produce;;fruta e legumes
450;524;2024-11-17;2274,47;BomPreco;2021-02-18;Congelados Norte;frozen goods;;mercearia
226;637;2024-03-27;7848,33;Atlantico Market;2022-06-05;Carnes Selectas;meat;;fruta e legumes
415;126;2024-03-31;1012,94;FreshMart Gaia;2024-03-20;Padaria Industrial;bakery supplies;;mercearia
391;752;2034-03-01;1996,66;FreshMart Gaia;2024-03-07;Frutaria Atlantica;produce;;mercearia
317;171;2023-11-18;2367,87;Nova Compra;2022-01-06;Lacteos do Vale;dairy;16,0;higiene
379;180;2024-05-29;2076,86;FreshMart Gaia;2024-02-27;Casa Verde Horticolas;produce;;fruta e legumes
289;400;2029-04-27;2474,72;FreshMart Gaia;2024-01-14;Casa Verde Horticolas;produce;70,0;higiene
289;400;2029-03-07;1772,24;FreshMart Gaia;2024-01-14;Casa Verde Horticolas;produce;138,0;mercearia
355;984;2026-10-08;1824,53;FreshMart Gaia;2025-09-12;Congelados Norte;frozen goods;60,0;bebidas
130;665;2022-07-31;1874,3;Atlantico Market;2021-12-14;Higiene Plus;cleaning products;;mercearia
355;752;2033-09-28;2399,07;FreshMart Gaia;2025-09-12;Frutaria Atlantica;produce;60,0;bebidas
36;873;2022-04-12;2094,19;BomPreco;2021-03-31;Bebidas Lusas;beverages;;padaria
174;226;2022-09-08;591,72;BomPreco;2021-10-25;Padaria Industrial;bakery supplies;52,0;higiene
174;226;2022-09-08;1487,87;BomPreco;2021-10-25;Padaria Industrial;bakery supplies;163,0;talho
351;210;2026-02-15;3061,08;SuperNorte;2021-03-14;Casa Verde Horticolas;produce;;padaria
135;352;2030-02-11;557,97;SuperNorte;2022-07-27;Frutaria Atlantica;produce;;peixaria
195;896;2026-01-19;1219,42;SuperNorte;2022-02-10;Padaria Industrial;bakery supplies;162,0;laticinios
450;308;2024-07-09;5885,62;BomPreco;2021-02-18;Peixe Fresco Iberico;seafood;;higiene
404;211;2025-12-12;2222,96;Mercado Central;2024-09-04;Lacteos do Vale;dairy;;talho
165;562;2029-05-21;1962,58;SuperNorte;2024-06-21;Frutaria Atlantica;produce;;higiene
444;198;2026-09-01;4612,81;BomPreco;2025-11-27;Peixe Fresco Iberico;seafood;164,0;peixaria
325;575;2026-04-06;1844,4;FreshMart Gaia;2024-03-27;Higiene Plus;cleaning products;;mercearia
362;352;2022-04-28;1357,33;Mercado Central;2021-04-28;Frutaria Atlantica;produce;144,0;laticinios
145;803;2024-06-24;5248,34;FreshMart Gaia;2023-11-02;Bebidas Lusas;beverages;131,0;congelados
145;803;2024-06-24;5799,77;FreshMart Gaia;2023-11-02;Bebidas Lusas;beverages;177,0;bebidas
40;185;2025-08-03;928,66;Atlantico Market;2022-08-09;Higiene Plus;cleaning products;111,0;mercearia
352;502;2025-01-07;1263,28;Atlantico Market;2022-04-17;Frutaria Atlantica;produce;;mercearia
216;449;2031-06-16;1736,58;BomPreco;2025-09-23;SnackHouse Distribuicao;snacks;;fruta e legumes
343;597;2028-10-29;10000,0;FreshMart Gaia;2021-12-03;Carnes Selectas;meat;146,0;peixaria
231;598;2034-02-03;4978,27;SuperNorte;2025-05-07;Peixe Fresco Iberico;seafood;;fruta e legumes
443;511;2033-03-14;1793,25;Nova Compra;2025-05-20;Lacteos do Vale;dairy;;fruta e legumes
243;659;2033-02-26;1906,48;SuperNorte;2025-04-24;SnackHouse Distribuicao;snacks;;talho
432;413;2033-02-24;5039,5;BomPreco;2025-09-23;Bebidas Lusas;beverages;;talho
120;243;2025-06-17;4753,55;BomPreco;2025-05-31;Bebidas Lusas;beverages;6,0;bebidas
335;866;2025-09-17;1014,64;Nova Compra;2024-12-25;Padaria Industrial;bakery supplies;139,0;padaria
69;111;2024-08-15;1873,83;SuperNorte;2021-06-05;Lacteos do Vale;dairy;;congelados
244;564;2030-09-08;4992,49;Atlantico Market;2023-01-21;Congelados Norte;frozen goods;133,0;higiene
244;564;2028-02-05;1018,53;Atlantico Market;2023-01-21;Congelados Norte;frozen goods;168,0;bebidas
482;55;2025-01-08;2500,0;Mercado Central;2023-10-18;Higiene Plus;cleaning products;156,0;mercearia
85;467;2030-03-11;4966,85;FreshMart Gaia;2025-09-24;Carnes Selectas;meat;;peixaria
94;463;2026-04-03;4070,6;Atlantico Market;2024-06-11;Bebidas Lusas;beverages;1,0;talho
94;463;2033-02-09;7000,0;Atlantico Market;2024-06-11;Bebidas Lusas;beverages;49,0;padaria
366;3;2022-02-18;2686,3;BomPreco;2021-10-13;Bebidas Lusas;beverages;;talho
434;132;2025-11-06;3500,0;Mercado Central;2025-07-06;Frutaria Atlantica;produce;95,0;congelados
479;966;2031-09-30;1394,93;Nova Compra;2025-03-24;Padaria Industrial;bakery supplies;18,0;laticinios
344;154;2024-01-19;5256,99;Mercado Central;2021-06-15;Congelados Norte;frozen goods;;talho
66;278;2024-10-07;8684,65;BomPreco;2022-09-19;Peixe Fresco Iberico;seafood;;padaria
158;507;2031-06-01;3697,77;Mercado Central;2025-02-09;Carnes Selectas;meat;;mercearia
420;792;2024-07-07;880,87;BomPreco;2021-05-15;Frutaria Atlantica;produce;;bebidas
167;692;2031-03-02;1087,6;Nova Compra;2024-08-25;Frutaria Atlantica;produce;;padaria
426;805;2025-10-21;2242,95;BomPreco;2025-03-14;Higiene Plus;cleaning products;11,0;peixaria
312;95;2035-05-10;902,53;BomPreco;2025-12-24;Higiene Plus;cleaning products;;higiene
7;144;2025-09-19;2042,7;FreshMart Gaia;2023-07-14;Congelados Norte;frozen goods;;higiene
128;331;2023-01-27;2074,61;Mercado Central;2021-12-26;Lacteos do Vale;dairy;;laticinios
273;821;2026-08-20;2784,54;SuperNorte;2021-11-16;Lacteos do Vale;dairy;25,0;higiene
273;821;2025-07-04;2187,72;SuperNorte;2021-11-16;Lacteos do Vale;dairy;101,0;peixaria
229;178;2023-10-15;8539,28;FreshMart Gaia;2022-07-08;Peixe Fresco Iberico;seafood;;mercearia
466;795;2023-01-03;2312,22;Atlantico Market;2022-02-26;Higiene Plus;cleaning products;99,0;laticinios
483;568;2025-10-04;8405,43;SuperNorte;2025-01-22;Peixe Fresco Iberico;seafood;;fruta e legumes
261;774;2027-11-16;4012,01;SuperNorte;2023-10-28;Congelados Norte;frozen goods;;padaria
367;872;2029-10-10;1448,09;FreshMart Gaia;2022-02-26;Frutaria Atlantica;produce;;peixaria
96;605;2029-02-11;1945,1;BomPreco;2023-11-03;Higiene Plus;cleaning products;;mercearia
452;101;2025-10-07;2433,57;Mercado Central;2022-07-29;Lacteos do Vale;dairy;193,0;padaria
452;101;2025-10-07;1459,54;Mercado Central;2022-07-29;Lacteos do Vale;dairy;195,0;bebidas
201;454;2033-02-09;7726,04;SuperNorte;2024-04-10;Congelados Norte;frozen goods;;peixaria
188;734;2025-12-24;4838,42;Mercado Central;2025-01-21;Congelados Norte;frozen goods;;padaria
430;194;2031-06-02;5768,58;Atlantico Market;2025-03-04;Congelados Norte;frozen goods;53,0;fruta e legumes
430;194;2029-05-19;3604,59;Atlantico Market;2025-03-04;Congelados Norte;frozen goods;183,0;mercearia
251;224;2031-03-20;7152,32;Nova Compra;2023-03-21;Congelados Norte;frozen goods;;padaria
188;924;2032-03-21;2106,87;Mercado Central;2025-01-21;Congelados Norte;frozen goods;;fruta e legumes
383;130;2024-02-14;3500,0;Nova Compra;2023-04-24;Casa Verde Horticolas;produce;;higiene
341;603;2031-06-09;1567,18;Nova Compra;2022-09-13;Bebidas Lusas;beverages;;laticinios
58;645;2024-12-12;740,06;Atlantico Market;2023-08-09;Higiene Plus;cleaning products;;laticinios
369;835;2024-09-24;1539,99;SuperNorte;2024-02-08;Higiene Plus;cleaning products;;talho
179;206;2026-01-24;787,54;Nova Compra;2024-10-24;Padaria Industrial;bakery supplies;;fruta e legumes
3;101;2024-10-05;1854,69;SuperNorte;2022-12-19;Lacteos do Vale;dairy;;mercearia
333;407;2021-12-08;4252,08;SuperNorte;2021-06-28;Carnes Selectas;meat;;mercearia
429;597;2024-03-27;3796,25;SuperNorte;2021-08-21;Carnes Selectas;meat;;talho
289;201;2029-10-31;2479,63;FreshMart Gaia;2024-01-14;Lacteos do Vale;dairy;70,0;higiene
289;201;2024-07-21;2103,53;FreshMart Gaia;2024-01-14;Lacteos do Vale;dairy;138,0;mercearia
294;429;2025-05-30;2457,02;BomPreco;2022-04-03;SnackHouse Distribuicao;snacks;;peixaria
348;610;2028-05-05;1917,96;BomPreco;2024-01-26;Casa Verde Horticolas;produce;;padaria
452;835;2023-01-22;1139,84;Mercado Central;2022-07-29;Higiene Plus;cleaning products;193,0;padaria
452;835;2023-01-22;1948,31;Mercado Central;2022-07-29;Higiene Plus;cleaning products;195,0;bebidas
364;694;2031-03-31;1885,34;Atlantico Market;2021-12-06;Congelados Norte;frozen goods;;congelados
345;104;2033-11-03;1345,59;SuperNorte;2025-10-09;Congelados Norte;frozen goods;;peixaria
500;42;2025-11-05;905,44;Mercado Central;2022-04-18;Frutaria Atlantica;produce;;talho
91;678;2026-05-06;5569,01;FreshMart Gaia;2025-05-06;Peixe Fresco Iberico;seafood;92,0;peixaria
22;810;2031-04-22;2206,36;Atlantico Market;2026-02-12;Casa Verde Horticolas;produce;;fruta e legumes
25;95;2034-04-16;413,3;FreshMart Gaia;2024-05-31;Higiene Plus;cleaning products;;fruta e legumes
29;113;2028-12-20;3730,46;Nova Compra;2025-01-17;Bebidas Lusas;beverages;;bebidas
263;357;2023-12-12;4603,6;Nova Compra;2022-05-13;Carnes Selectas;meat;47,0;peixaria
188;179;2025-09-27;1754,89;Mercado Central;2025-01-21;SnackHouse Distribuicao;snacks;;higiene
473;389;2027-09-07;699,33;Nova Compra;2021-08-09;SnackHouse Distribuicao;snacks;69,0;bebidas
292;848;2032-12-07;12000,0;Atlantico Market;2023-07-16;Peixe Fresco Iberico;seafood;17,0;fruta e legumes
285;963;2024-10-31;3805,26;SuperNorte;2023-05-21;Bebidas Lusas;beverages;;fruta e legumes
37;949;2029-05-12;954,13;FreshMart Gaia;2022-12-13;SnackHouse Distribuicao;snacks;15,0;bebidas
35;468;2026-01-11;6889,86;Nova Compra;2021-05-08;Peixe Fresco Iberico;seafood;;congelados
233;731;2032-08-30;4000,0;Nova Compra;2023-12-13;Lacteos do Vale;dairy;;padaria
198;346;2033-08-05;560,46;BomPreco;2025-11-21;Padaria Industrial;bakery supplies;;laticinios
271;768;2030-11-30;3317,27;FreshMart Gaia;2025-10-11;Peixe Fresco Iberico;seafood;;laticinios
116;66;2031-08-31;948,27;Mercado Central;2022-10-19;Padaria Industrial;bakery supplies;;higiene
119;494;2032-10-18;4237,18;Nova Compra;2024-10-31;Congelados Norte;frozen goods;;talho
105;256;2022-12-27;1376,07;SuperNorte;2022-01-11;Padaria Industrial;bakery supplies;;fruta e legumes
480;126;2025-01-13;1800,0;BomPreco;2022-01-15;Padaria Industrial;bakery supplies;;peixaria
87;268;2027-12-19;9233,17;SuperNorte;2022-03-07;Peixe Fresco Iberico;seafood;;fruta e legumes
299;53;2027-09-25;2008,32;Nova Compra;2025-02-06;Bebidas Lusas;beverages;;bebidas
166;392;2032-03-22;1142,5;Atlantico Market;2024-12-15;Frutaria Atlantica;produce;192,0;mercearia
299;992;2030-07-07;1291,69;Nova Compra;2025-02-06;Frutaria Atlantica;produce;;congelados
213;875;2023-10-25;1951,13;SuperNorte;2022-08-14;Higiene Plus;cleaning products;19,0;talho
7;62;2023-09-14;2430,76;FreshMart Gaia;2023-07-14;Frutaria Atlantica;produce;;mercearia
81;374;2033-12-30;7586,02;SuperNorte;2024-04-22;Congelados Norte;frozen goods;130,0;padaria
232;882;2024-07-31;2378,18;Atlantico Market;2021-05-12;Frutaria Atlantica;produce;;laticinios
352;840;2030-06-13;1394,9;Atlantico Market;2022-04-17;Casa Verde Horticolas;produce;;congelados
376;190;2035-02-04;1693,21;Atlantico Market;2025-07-22;Casa Verde Horticolas;produce;;mercearia
372;434;2034-09-18;2227,71;BomPreco;2025-04-26;Congelados Norte;frozen goods;;laticinios
345;822;2034-09-29;2454,32;SuperNorte;2025-10-09;Frutaria Atlantica;produce;;peixaria
214;896;2026-02-21;754,48;Atlantico Market;2023-09-17;Padaria Industrial;bakery supplies;87,0;bebidas
462;964;2024-11-21;7459,95;BomPreco;2022-01-14;Congelados Norte;frozen goods;38,0;peixaria
149;694;2032-08-23;5633,6;Nova Compra;2025-09-19;Congelados Norte;frozen goods;41,0;congelados
440;716;2023-11-28;1800,0;Mercado Central;2021-09-09;Padaria Industrial;bakery supplies;;talho
184;637;2030-10-11;6522,82;Atlantico Market;2024-11-20;Carnes Selectas;meat;118,0;talho
397;798;2027-02-21;7785,67;FreshMart Gaia;2023-10-31;Peixe Fresco Iberico;seafood;32,0;congelados
398;472;2036-01-22;1704,13;Mercado Central;2026-02-14;Frutaria Atlantica;produce;;laticinios
66;631;2030-10-19;1808,34;BomPreco;2022-09-19;Lacteos do Vale;dairy;;talho
8;13;2024-08-06;3337,97;Mercado Central;2024-02-04;Bebidas Lusas;beverages;172,0;talho
34;510;2025-09-25;2900,27;Atlantico Market;2021-09-25;Casa Verde Horticolas;produce;;congelados
176;995;2026-02-12;749,45;Mercado Central;2023-03-01;Higiene Plus;cleaning products;;peixaria
26;714;2024-05-17;4424,3;Mercado Central;2022-05-29;Congelados Norte;frozen goods;;talho
372;677;2025-08-27;2551,16;BomPreco;2025-04-26;Carnes Selectas;meat;;padaria
343;833;2025-03-21;4435,3;FreshMart Gaia;2021-12-03;Bebidas Lusas;beverages;146,0;peixaria
294;709;2030-11-22;1342,37;BomPreco;2022-04-03;SnackHouse Distribuicao;snacks;;padaria
444;281;2026-07-20;2696,89;BomPreco;2025-11-27;Lacteos do Vale;dairy;164,0;peixaria
46;7;2025-08-04;3866,21;Atlantico Market;2023-02-06;Carnes Selectas;meat;;higiene
330;807;2034-02-25;4810,3;BomPreco;2025-02-18;Carnes Selectas;meat;;mercearia
301;863;2022-11-07;4984,42;FreshMart Gaia;2021-11-05;Bebidas Lusas;beverages;20,0;peixaria
301;863;2022-11-07;3968,56;FreshMart Gaia;2021-11-05;Bebidas Lusas;beverages;147,0;mercearia
54;647;2023-02-17;10000,0;BomPreco;2021-08-12;Carnes Selectas;meat;;fruta e legumes
155;558;2021-12-02;5233,64;Nova Compra;2021-06-09;Peixe Fresco Iberico;seafood;121,0;padaria
117;95;2030-09-16;1064,88;SuperNorte;2025-08-17;Higiene Plus;cleaning products;;laticinios
379;596;2032-09-22;1744,65;FreshMart Gaia;2024-02-27;Padaria Industrial;bakery supplies;;fruta e legumes
65;502;2025-05-14;1568,24;Nova Compra;2024-07-21;Frutaria Atlantica;produce;;fruta e legumes
229;233;2025-08-03;3113,69;FreshMart Gaia;2022-07-08;Bebidas Lusas;beverages;;peixaria
17;286;2021-08-09;1188,15;Nova Compra;2021-06-10;Padaria Industrial;bakery supplies;;mercearia
83;676;2030-10-25;928,92;Nova Compra;2025-01-15;Padaria Industrial;bakery supplies;157,0;padaria
83;676;2034-04-05;869,19;Nova Compra;2025-01-15;Padaria Industrial;bakery supplies;182,0;peixaria
374;243;2023-08-05;2745,35;Mercado Central;2023-02-24;Bebidas Lusas;beverages;;padaria
236;34;2025-05-11;7938,0;Mercado Central;2024-07-03;Congelados Norte;frozen goods;;congelados
327;991;2025-10-17;2009,08;SuperNorte;2023-06-01;Lacteos do Vale;dairy;94,0;padaria
59;739;2030-07-18;1281,21;Nova Compra;2024-05-26;SnackHouse Distribuicao;snacks;;higiene
282;818;2027-10-17;5687,12;BomPreco;2022-10-01;Peixe Fresco Iberico;seafood;31,0;padaria
282;818;2022-11-15;7625,64;BomPreco;2022-10-01;Peixe Fresco Iberico;seafood;142,0;higiene
261;730;2027-05-23;3500,0;SuperNorte;2023-10-28;Casa Verde Horticolas;produce;;congelados
425;766;2026-03-19;926,72;Nova Compra;2022-01-23;Padaria Industrial;bakery supplies;;peixaria
161;853;2024-02-27;2543,39;Nova Compra;2021-02-26;Bebidas Lusas;beverages;;peixaria
367;456;2022-10-17;1800,0;FreshMart Gaia;2022-02-26;Padaria Industrial;bakery supplies;;padaria
279;501;2030-02-18;2285,23;SuperNorte;2022-10-07;Lacteos do Vale;dairy;;padaria
432;137;2026-01-09;5148,63;BomPreco;2025-09-23;Carnes Selectas;meat;;mercearia
426;404;2032-08-18;4441,27;BomPreco;2025-03-14;Congelados Norte;frozen goods;11,0;peixaria
118;780;2025-08-24;1056,25;Atlantico Market;2022-07-18;Casa Verde Horticolas;produce;;talho
67;842;2028-05-11;1812,58;FreshMart Gaia;2023-11-18;Frutaria Atlantica;produce;;mercearia
35;402;2024-08-13;2603,9;Nova Compra;2021-05-08;Frutaria Atlantica;produce;;peixaria
291;993;2024-11-30;6493,55;SuperNorte;2024-09-22;Bebidas Lusas;beverages;;bebidas
136;462;2023-04-28;1574,58;Atlantico Market;2021-09-27;Frutaria Atlantica;produce;;bebidas
412;14;2025-04-02;4679,51;Atlantico Market;2024-08-06;Congelados Norte;frozen goods;36,0;laticinios
37;940;2023-03-24;3229,33;FreshMart Gaia;2022-12-13;Casa Verde Horticolas;produce;15,0;bebidas
199;658;2032-04-30;6610,7;FreshMart Gaia;2022-06-22;Peixe Fresco Iberico;seafood;;higiene
278;316;2025-03-17;1382,32;Mercado Central;2021-03-28;Padaria Industrial;bakery supplies;;talho
222;995;2024-07-26;1664,28;BomPreco;2021-07-06;Higiene Plus;cleaning products;;talho
409;265;2032-07-24;1019,72;FreshMart Gaia;2025-03-31;Higiene Plus;cleaning products;;mercearia
403;203;2027-07-13;2483,07;FreshMart Gaia;2021-04-09;Bebidas Lusas;beverages;;congelados
158;553;2026-08-18;6040,28;Mercado Central;2025-02-09;Bebidas Lusas;beverages;;fruta e legumes
234;272;2022-08-21;555,22;BomPreco;2022-02-27;Frutaria Atlantica;produce;;talho
92;144;2025-10-22;3182,72;Mercado Central;2024-11-30;Congelados Norte;frozen goods;37,0;talho
439;189;2027-09-15;880,64;FreshMart Gaia;2026-01-08;SnackHouse Distribuicao;snacks;;laticinios
467;177;2025-10-14;8703,77;Nova Compra;2023-05-01;Carnes Selectas;meat;71,0;fruta e legumes
457;133;2023-07-26;6930,33;FreshMart Gaia;2022-06-06;Bebidas Lusas;beverages;107,0;fruta e legumes
391;694;2025-07-22;3103,92;FreshMart Gaia;2024-03-07;Congelados Norte;frozen goods;;fruta e legumes
291;232;2029-06-22;3500,0;SuperNorte;2024-09-22;Frutaria Atlantica;produce;;peixaria
20;189;2026-02-05;3000,0;Mercado Central;2025-07-10;SnackHouse Distribuicao;snacks;;higiene
312;770;2032-02-20;2021,63;BomPreco;2025-12-24;Casa Verde Horticolas;produce;;mercearia
70;917;2025-12-28;10000,0;Atlantico Market;2021-12-25;Carnes Selectas;meat;;talho
482;519;2024-01-21;1236,14;Mercado Central;2023-10-18;SnackHouse Distribuicao;snacks;156,0;mercearia
389;233;2023-12-15;3311,13;Nova Compra;2023-02-14;Bebidas Lusas;beverages;;talho
17;836;2023-10-28;1231,76;Nova Compra;2021-06-10;Padaria Industrial;bakery supplies;;fruta e legumes
499;434;2032-11-22;3149,34;FreshMart Gaia;2023-08-29;Congelados Norte;frozen goods;;talho
218;376;2028-10-04;561,05;Mercado Central;2025-07-13;Padaria Industrial;bakery supplies;;talho
279;447;2028-01-22;3540,62;SuperNorte;2022-10-07;Carnes Selectas;meat;;peixaria
124;699;2022-07-22;1510,24;Atlantico Market;2022-03-28;SnackHouse Distribuicao;snacks;;congelados
263;611;2023-06-29;2655,57;Nova Compra;2022-05-13;Lacteos do Vale;dairy;47,0;peixaria
365;197;2030-08-25;4638,3;Nova Compra;2023-06-30;Carnes Selectas;meat;;laticinios
392;709;2030-01-30;788,87;Mercado Central;2023-08-21;SnackHouse Distribuicao;snacks;;peixaria
359;362;2025-07-10;2286,06;Nova Compra;2021-05-09;Frutaria Atlantica;produce;;peixaria
79;553;2025-04-04;6651,05;FreshMart Gaia;2023-10-18;Bebidas Lusas;beverages;2,0;peixaria
79;553;2025-03-12;2786,48;FreshMart Gaia;2023-10-18;Bebidas Lusas;beverages;67,0;padaria
127;286;2025-03-09;1800,0;FreshMart Gaia;2022-10-25;Padaria Industrial;bakery supplies;;higiene
393;966;2028-05-26;1478,45;SuperNorte;2025-10-05;Padaria Industrial;bakery supplies;;laticinios
129;362;2022-07-08;1151,21;SuperNorte;2021-08-18;Frutaria Atlantica;produce;;padaria
184;792;2034-07-04;1382,13;Atlantico Market;2024-11-20;Frutaria Atlantica;produce;118,0;talho
424;191;2029-09-14;1867,55;Atlantico Market;2025-08-18;Lacteos do Vale;dairy;;peixaria
189;330;2033-04-04;1702,01;SuperNorte;2024-04-27;Casa Verde Horticolas;produce;;padaria
300;525;2024-04-26;458,95;BomPreco;2022-06-18;Higiene Plus;cleaning products;;fruta e legumes
221;644;2022-10-14;3063,91;Nova Compra;2022-05-20;Congelados Norte;frozen goods;;mercearia
103;32;2025-05-07;1442,03;FreshMart Gaia;2022-12-24;Frutaria Atlantica;produce;;higiene
44;850;2033-01-20;3500,0;Mercado Central;2024-10-03;Casa Verde Horticolas;produce;56,0;peixaria
361;378;2023-07-24;7198,83;FreshMart Gaia;2023-03-12;Peixe Fresco Iberico;seafood;;higiene
260;852;2031-12-06;1291,85;Mercado Central;2025-07-07;Frutaria Atlantica;produce;;higiene
464;151;2027-09-21;1764,96;Mercado Central;2022-08-25;Lacteos do Vale;dairy;;peixaria
439;154;2032-07-30;5206,48;FreshMart Gaia;2026-01-08;Congelados Norte;frozen goods;;bebidas
413;353;2034-01-06;3163,49;Nova Compra;2025-04-04;Bebidas Lusas;beverages;79,0;higiene
413;353;2033-01-13;2881,61;Nova Compra;2025-04-04;Bebidas Lusas;beverages;81,0;laticinios
107;222;2027-04-04;1442,3;Nova Compra;2025-07-14;Frutaria Atlantica;produce;141,0;bebidas
107;222;2028-09-29;2295,76;Nova Compra;2025-07-14;Frutaria Atlantica;produce;158,0;congelados
277;995;2031-05-25;738,36;FreshMart Gaia;2026-02-03;Higiene Plus;cleaning products;;peixaria
263;827;2023-01-02;3311,15;Nova Compra;2022-05-13;Carnes Selectas;meat;47,0;peixaria
326;861;2024-12-13;1416,27;Mercado Central;2024-09-07;Lacteos do Vale;dairy;;padaria
213;355;2025-07-25;836,62;SuperNorte;2022-08-14;Higiene Plus;cleaning products;19,0;talho
28;35;2024-10-09;949,16;Atlantico Market;2023-02-26;Higiene Plus;cleaning products;;padaria
184;128;2027-11-19;9731,72;Atlantico Market;2024-11-20;Peixe Fresco Iberico;seafood;118,0;talho
211;138;2027-02-18;10362,18;FreshMart Gaia;2024-02-14;Peixe Fresco Iberico;seafood;103,0;padaria
110;510;2031-05-21;2090,61;Mercado Central;2024-05-11;Casa Verde Horticolas;produce;;padaria
240;255;2030-10-07;1514,55;BomPreco;2023-03-19;Higiene Plus;cleaning products;106,0;higiene
8;908;2025-05-06;4808,14;Mercado Central;2024-02-04;Peixe Fresco Iberico;seafood;172,0;talho
214;823;2025-01-21;1470,0;Atlantico Market;2023-09-17;Bebidas Lusas;beverages;87,0;bebidas
106;326;2028-11-07;1066,87;Atlantico Market;2024-07-22;Padaria Industrial;bakery supplies;;padaria
186;316;2022-02-07;1143,37;BomPreco;2021-08-09;Padaria Industrial;bakery supplies;;padaria
30;689;2034-11-29;1218,5;BomPreco;2025-01-06;SnackHouse Distribuicao;snacks;29,0;peixaria
30;689;2033-03-20;1016,68;BomPreco;2025-01-06;SnackHouse Distribuicao;snacks;199,0;talho
187;19;2024-09-15;930,29;FreshMart Gaia;2023-07-04;SnackHouse Distribuicao;snacks;;talho
492;143;2024-09-29;4043,83;BomPreco;2023-12-08;Bebidas Lusas;beverages;;laticinios
123;510;2026-05-14;1919,46;SuperNorte;2023-03-06;Casa Verde Horticolas;produce;185,0;congelados
307;423;2028-05-07;6419,28;FreshMart Gaia;2022-08-19;Bebidas Lusas;beverages;197,0;fruta e legumes
189;577;2029-08-09;3758,24;SuperNorte;2024-04-27;Carnes Selectas;meat;;talho
474;374;2025-06-13;3777,43;BomPreco;2023-04-15;Congelados Norte;frozen goods;;padaria
454;694;2022-07-26;4333,41;Atlantico Market;2022-02-05;Congelados Norte;frozen goods;;fruta e legumes
123;511;2028-11-25;1678,72;SuperNorte;2023-03-06;Lacteos do Vale;dairy;185,0;congelados
381;514;2025-11-27;6272,48;SuperNorte;2021-05-16;Congelados Norte;frozen goods;;laticinios
25;644;2025-10-23;7506,59;FreshMart Gaia;2024-05-31;Congelados Norte;frozen goods;;fruta e legumes
316;875;2025-12-28;836,06;Atlantico Market;2022-06-02;Higiene Plus;cleaning products;75,0;mercearia
300;616;2025-03-07;813,72;BomPreco;2022-06-18;Padaria Industrial;bakery supplies;;higiene
54;14;2022-12-31;7804,22;BomPreco;2021-08-12;Congelados Norte;frozen goods;;talho
323;265;2025-11-25;1590,23;Nova Compra;2021-06-14;Higiene Plus;cleaning products;82,0;talho
43;60;2027-07-15;1950,2;FreshMart Gaia;2025-06-14;Casa Verde Horticolas;produce;;peixaria
215;740;2024-09-15;2157,05;Nova Compra;2022-05-12;Casa Verde Horticolas;produce;;higiene
500;438;2024-04-24;8731,63;Mercado Central;2022-04-18;Peixe Fresco Iberico;seafood;;fruta e legumes
93;908;2024-01-09;7744,06;SuperNorte;2023-02-02;Peixe Fresco Iberico;seafood;102,0;mercearia
386;901;2025-08-18;2366,91;Mercado Central;2024-08-11;Lacteos do Vale;dairy;;laticinios
371;419;2030-06-20;1657,12;Nova Compra;2022-09-12;SnackHouse Distribuicao;snacks;;laticinios
316;49;2025-07-02;3000,0;Atlantico Market;2022-06-02;SnackHouse Distribuicao;snacks;75,0;mercearia
57;855;2024-09-05;1219,73;SuperNorte;2024-02-07;Higiene Plus;cleaning products;;peixaria
336;523;2026-01-20;3752,09;BomPreco;2021-05-18;Bebidas Lusas;beverages;10,0;talho
142;609;2029-01-09;3000,0;Atlantico Market;2023-11-17;SnackHouse Distribuicao;snacks;;mercearia
183;616;2026-02-08;1157,86;SuperNorte;2022-11-01;Padaria Industrial;bakery supplies;178,0;higiene
481;265;2024-01-27;1334,41;FreshMart Gaia;2023-11-19;Higiene Plus;cleaning products;166,0;padaria
479;851;2033-11-19;2855,66;Nova Compra;2025-03-24;Lacteos do Vale;dairy;18,0;laticinios
490;821;2026-08-10;2381,54;Atlantico Market;2023-10-13;Lacteos do Vale;dairy;;higiene
220;928;2025-09-14;4660,86;Atlantico Market;2024-11-09;Peixe Fresco Iberico;seafood;;fruta e legumes
313;681;2026-03-14;2400,71;FreshMart Gaia;2023-03-30;Lacteos do Vale;dairy;109,0;talho
25;215;2025-12-29;955,53;FreshMart Gaia;2024-05-31;Higiene Plus;cleaning products;;padaria
441;63;2025-10-22;7000,0;SuperNorte;2021-08-16;Bebidas Lusas;beverages;179,0;fruta e legumes
82;116;2025-10-27;1113,43;Atlantico Market;2023-01-31;Padaria Industrial;bakery supplies;54,0;laticinios
479;619;2026-02-07;1081,75;Nova Compra;2025-03-24;SnackHouse Distribuicao;snacks;18,0;laticinios
435;572;2025-03-02;1550,38;SuperNorte;2024-08-06;Frutaria Atlantica;produce;;bebidas
131;718;2025-04-03;9148,71;Nova Compra;2022-05-27;Peixe Fresco Iberico;seafood;152,0;fruta e legumes
486;66;2024-11-15;612,01;BomPreco;2022-02-26;Padaria Industrial;bakery supplies;;congelados
418;548;2029-07-03;12000,0;Atlantico Market;2023-10-04;Peixe Fresco Iberico;seafood;24,0;bebidas
336;900;2023-02-26;961,1;BomPreco;2021-05-18;Casa Verde Horticolas;produce;10,0;talho
340;549;2029-06-24;2502,57;Atlantico Market;2022-05-12;SnackHouse Distribuicao;snacks;68,0;congelados
340;549;2026-12-26;1325,52;Atlantico Market;2022-05-12;SnackHouse Distribuicao;snacks;151,0;higiene
16;995;2025-05-07;955,49;Atlantico Market;2024-01-08;Higiene Plus;cleaning products;5,0;congelados
116;609;2024-08-14;2101,72;Mercado Central;2022-10-19;SnackHouse Distribuicao;snacks;;laticinios
83;766;2026-05-14;815,23;Nova Compra;2025-01-15;Padaria Industrial;bakery supplies;157,0;padaria
83;766;2027-07-06;1800,0;Nova Compra;2025-01-15;Padaria Industrial;bakery supplies;182,0;peixaria
16;35;2033-01-07;731,89;Atlantico Market;2024-01-08;Higiene Plus;cleaning products;5,0;congelados
451;268;2025-05-15;8371,45;FreshMart Gaia;2022-01-11;Peixe Fresco Iberico;seafood;63,0;laticinios
35;414;2024-05-19;3799,1;Nova Compra;2021-05-08;Congelados Norte;frozen goods;;congelados
441;219;2025-09-05;1885,33;SuperNorte;2021-08-16;SnackHouse Distribuicao;snacks;179,0;fruta e legumes
220;163;2031-11-15;4726,09;Atlantico Market;2024-11-09;Bebidas Lusas;beverages;;fruta e legumes
342;813;2025-12-12;1720,35;BomPreco;2021-05-14;Bebidas Lusas;beverages;196,0;higiene
357;473;2022-03-20;4166,43;SuperNorte;2021-05-17;Bebidas Lusas;beverages;;congelados
39;257;2024-05-08;8815,16;SuperNorte;2022-08-08;Carnes Selectas;meat;;bebidas
393;440;2031-08-28;2282,02;SuperNorte;2025-10-05;Casa Verde Horticolas;produce;;talho
299;111;2031-02-24;1821,25;Nova Compra;2025-02-06;Lacteos do Vale;dairy;;talho
64;665;2035-06-25;727,78;Atlantico Market;2025-08-22;Higiene Plus;cleaning products;;mercearia
404;490;2030-11-23;2325,1;Mercado Central;2024-09-04;Casa Verde Horticolas;produce;;talho
282;196;2026-08-21;1800,0;BomPreco;2022-10-01;Padaria Industrial;bakery supplies;31,0;padaria
282;196;2032-02-13;1346,95;BomPreco;2022-10-01;Padaria Industrial;bakery supplies;142,0;higiene
124;173;2031-02-16;6313,75;Atlantico Market;2022-03-28;Bebidas Lusas;beverages;;peixaria
114;222;2030-03-29;2815,23;BomPreco;2025-03-11;Frutaria Atlantica;produce;;laticinios
456;585;2032-02-02;1152,08;BomPreco;2025-06-07;Higiene Plus;cleaning products;;peixaria
342;227;2021-10-07;5624,42;BomPreco;2021-05-14;Carnes Selectas;meat;196,0;higiene
483;218;2029-04-23;9608,4;SuperNorte;2025-01-22;Peixe Fresco Iberico;seafood;;congelados
274;275;2022-08-13;675,42;Atlantico Market;2021-09-17;Higiene Plus;cleaning products;;bebidas
402;4;2024-01-09;5765,54;BomPreco;2023-09-28;Congelados Norte;frozen goods;;mercearia
124;738;2029-12-29;11453,73;Atlantico Market;2022-03-28;Peixe Fresco Iberico;seafood;;mercearia
69;504;2024-08-25;4201,76;SuperNorte;2021-06-05;Congelados Norte;frozen goods;;laticinios
198;510;2032-07-29;2668,44;BomPreco;2025-11-21;Casa Verde Horticolas;produce;;bebidas
302;637;2025-08-22;4207,77;Mercado Central;2023-08-01;Carnes Selectas;meat;;bebidas
303;315;2034-06-05;1398,86;SuperNorte;2025-02-15;Higiene Plus;cleaning products;;padaria
280;612;2025-11-27;1636,05;Atlantico Market;2025-05-05;Frutaria Atlantica;produce;115,0;higiene
123;899;2024-11-06;2029,3;SuperNorte;2023-03-06;SnackHouse Distribuicao;snacks;185,0;congelados
38;414;2025-04-22;4102,43;Mercado Central;2022-04-17;Congelados Norte;frozen goods;140,0;congelados
342;660;2023-04-06;870,15;BomPreco;2021-05-14;Casa Verde Horticolas;produce;196,0;higiene
179;492;2025-05-09;1339,14;Nova Compra;2024-10-24;Frutaria Atlantica;produce;;higiene
46;769;2029-04-11;3000,0;Atlantico Market;2023-02-06;SnackHouse Distribuicao;snacks;;peixaria
428;611;2024-10-16;2775,58;Mercado Central;2023-08-26;Lacteos do Vale;dairy;;fruta e legumes
360;779;2024-04-19;641,92;BomPreco;2023-03-19;SnackHouse Distribuicao;snacks;200,0;peixaria
288;292;2034-12-17;3185,8;BomPreco;2025-10-31;Frutaria Atlantica;produce;;laticinios
12;959;2031-04-20;982,17;BomPreco;2024-07-15;SnackHouse Distribuicao;snacks;;higiene
67;708;2026-02-05;9716,46;FreshMart Gaia;2023-11-18;Peixe Fresco Iberico;seafood;;peixaria
93;381;2024-12-15;3845,77;SuperNorte;2023-02-02;Lacteos do Vale;dairy;102,0;mercearia
479;259;2031-08-14;1727,26;Nova Compra;2025-03-24;SnackHouse Distribuicao;snacks;18,0;laticinios
245;946;2031-02-11;638,52;Nova Compra;2024-07-08;Padaria Industrial;bakery supplies;;peixaria
477;529;2028-02-18;1195,96;SuperNorte;2022-01-25;SnackHouse Distribuicao;snacks;;fruta e legumes
468;280;2025-04-20;2455,55;BomPreco;2021-07-29;Casa Verde Horticolas;produce;;padaria
133;816;2027-08-21;599,91;FreshMart Gaia;2023-08-18;Padaria Industrial;bakery supplies;26,0;fruta e legumes
201;150;2033-11-13;1423,81;SuperNorte;2024-04-10;Casa Verde Horticolas;produce;;congelados
71;841;2025-03-13;2708,16;Nova Compra;2024-03-23;Lacteos do Vale;dairy;136,0;talho
368;722;2024-03-24;1380,1;Mercado Central;2022-05-09;Frutaria Atlantica;produce;;congelados
204;676;2023-08-09;1800,0;BomPreco;2021-04-02;Padaria Industrial;bakery supplies;;higiene
479;914;2025-09-21;2695,22;Nova Compra;2025-03-24;Congelados Norte;frozen goods;18,0;laticinios
267;109;2031-04-04;375,73;SuperNorte;2025-12-26;SnackHouse Distribuicao;snacks;;talho
36;487;2021-08-12;3804,56;BomPreco;2021-03-31;Carnes Selectas;meat;;peixaria
361;41;2026-09-09;2471,99;FreshMart Gaia;2023-03-12;Lacteos do Vale;dairy;;fruta e legumes
223;319;2022-11-11;2433,36;FreshMart Gaia;2022-09-06;SnackHouse Distribuicao;snacks;;mercearia
171;647;2025-12-04;4493,46;SuperNorte;2025-12-02;Carnes Selectas;meat;13,0;padaria
334;560;2033-05-01;1633,02;Atlantico Market;2024-10-12;Casa Verde Horticolas;produce;127,0;talho
92;107;2029-06-11;5325,47;Mercado Central;2024-11-30;Carnes Selectas;meat;37,0;talho
165;76;2025-07-03;1800,0;SuperNorte;2024-06-21;Padaria Industrial;bakery supplies;;fruta e legumes
259;118;2026-03-25;7707,88;FreshMart Gaia;2025-05-28;Peixe Fresco Iberico;seafood;39,0;mercearia
259;118;2032-12-03;5207,26;FreshMart Gaia;2025-05-28;Peixe Fresco Iberico;seafood;96,0;bebidas
48;626;2025-02-02;1800,0;BomPreco;2022-10-06;Padaria Industrial;bakery supplies;;laticinios
303;427;2026-01-09;5427,3;SuperNorte;2025-02-15;Carnes Selectas;meat;;higiene
308;951;2023-04-24;844,99;Mercado Central;2022-07-13;Lacteos do Vale;dairy;;higiene
191;915;2032-12-12;736,67;Nova Compra;2024-01-10;Higiene Plus;cleaning products;;laticinios
42;283;2026-01-06;4820,91;BomPreco;2022-11-03;Bebidas Lusas;beverages;;bebidas
434;831;2035-01-31;966,3;Mercado Central;2025-07-06;Lacteos do Vale;dairy;95,0;congelados
259;138;2027-09-29;8132,96;FreshMart Gaia;2025-05-28;Peixe Fresco Iberico;seafood;39,0;mercearia
259;138;2028-06-19;4575,96;FreshMart Gaia;2025-05-28;Peixe Fresco Iberico;seafood;96,0;bebidas
239;552;2030-10-07;3142,94;Nova Compra;2022-04-05;Frutaria Atlantica;produce;120,0;mercearia
83;992;2025-05-15;1994,85;Nova Compra;2025-01-15;Frutaria Atlantica;produce;157,0;padaria
83;992;2034-11-16;885,61;Nova Compra;2025-01-15;Frutaria Atlantica;produce;182,0;peixaria
119;105;2025-07-13;2074,78;Nova Compra;2024-10-31;Higiene Plus;cleaning products;;bebidas
35;931;2027-11-01;3971,27;Nova Compra;2021-05-08;Lacteos do Vale;dairy;;talho
296;599;2033-05-15;928,86;Mercado Central;2024-07-23;SnackHouse Distribuicao;snacks;;bebidas
421;120;2025-08-26;1289,08;FreshMart Gaia;2023-11-12;Casa Verde Horticolas;produce;;higiene
253;503;2026-11-03;4701,25;FreshMart Gaia;2023-05-05;Bebidas Lusas;beverages;89,0;fruta e legumes
469;175;2024-05-02;1868,67;FreshMart Gaia;2023-05-24;Higiene Plus;cleaning products;126,0;laticinios
107;823;2032-04-09;7000,0;Nova Compra;2025-07-14;Bebidas Lusas;beverages;141,0;bebidas
107;823;2027-01-20;5599,43;Nova Compra;2025-07-14;Bebidas Lusas;beverages;158,0;congelados
291;482;2027-05-18;3500,0;SuperNorte;2024-09-22;Frutaria Atlantica;produce;;peixaria
391;28;2025-01-14;6557,03;FreshMart Gaia;2024-03-07;Peixe Fresco Iberico;seafood;;bebidas
423;515;2027-02-11;1634,09;SuperNorte;2022-05-09;Higiene Plus;cleaning products;14,0;congelados
423;515;2030-06-20;1064,81;SuperNorte;2022-05-09;Higiene Plus;cleaning products;55,0;talho
481;98;2031-05-20;5137,83;FreshMart Gaia;2023-11-19;Peixe Fresco Iberico;seafood;166,0;padaria
183;473;2025-01-27;4006,63;SuperNorte;2022-11-01;Bebidas Lusas;beverages;178,0;higiene
433;103;2030-10-05;2885,3;FreshMart Gaia;2024-07-23;Bebidas Lusas;beverages;28,0;talho
296;637;2031-08-03;1703,29;Mercado Central;2024-07-23;Carnes Selectas;meat;;mercearia
86;476;2031-10-26;740,77;Mercado Central;2025-11-24;Padaria Industrial;bakery supplies;;congelados
341;300;2023-11-11;3003,26;Nova Compra;2022-09-13;Casa Verde Horticolas;produce;;fruta e legumes
39;955;2025-03-27;1420,8;SuperNorte;2022-08-08;Higiene Plus;cleaning products;;bebidas
370;315;2025-04-22;1424,38;Atlantico Market;2023-01-22;Higiene Plus;cleaning products;7,0;higiene
494;725;2028-10-31;975,22;Mercado Central;2024-11-22;Higiene Plus;cleaning products;;peixaria
197;103;2024-12-15;4356,13;Nova Compra;2023-07-18;Bebidas Lusas;beverages;;mercearia
384;417;2025-04-14;10000,0;BomPreco;2024-10-07;Carnes Selectas;meat;;bebidas
449;282;2030-02-28;3474,68;Nova Compra;2024-02-23;Frutaria Atlantica;produce;;fruta e legumes
128;528;2025-11-01;7663,3;Mercado Central;2021-12-26;Peixe Fresco Iberico;seafood;;padaria
18;65;2031-09-10;936,39;BomPreco;2025-02-11;Higiene Plus;cleaning products;;bebidas
276;391;2024-02-23;4000,0;BomPreco;2021-06-07;Lacteos do Vale;dairy;;laticinios
68;572;2032-10-01;2979,77;Mercado Central;2023-11-14;Frutaria Atlantica;produce;;congelados
204;609;2022-05-22;847,38;BomPreco;2021-04-02;SnackHouse Distribuicao;snacks;;laticinios
184;424;2025-10-16;1950,45;Atlantico Market;2024-11-20;Congelados Norte;frozen goods;118,0;talho
237;672;2029-04-07;974,08;SuperNorte;2025-07-18;Frutaria Atlantica;produce;;padaria
195;486;2029-11-09;800,79;SuperNorte;2022-02-10;Padaria Industrial;bakery supplies;162,0;laticinios
145;252;2028-09-13;2775,94;FreshMart Gaia;2023-11-02;Frutaria Atlantica;produce;131,0;congelados
145;252;2030-10-27;2746,33;FreshMart Gaia;2023-11-02;Frutaria Atlantica;produce;177,0;bebidas
392;626;2025-08-22;1165,7;Mercado Central;2023-08-21;Padaria Industrial;bakery supplies;;talho
66;598;2028-04-17;6101,89;BomPreco;2022-09-19;Peixe Fresco Iberico;seafood;;bebidas
242;50;2025-05-07;3500,0;Mercado Central;2022-10-19;Casa Verde Horticolas;produce;;fruta e legumes
200;586;2027-10-20;1015,41;Mercado Central;2025-03-04;Padaria Industrial;bakery supplies;;peixaria
62;261;2024-01-06;2067,47;Mercado Central;2023-12-03;Lacteos do Vale;dairy;186,0;bebidas
321;439;2025-06-02;1313,07;SuperNorte;2022-07-21;SnackHouse Distribuicao;snacks;77,0;congelados
244;647;2023-01-25;10000,0;Atlantico Market;2023-01-21;Carnes Selectas;meat;133,0;higiene
244;647;2023-01-25;7469,32;Atlantico Market;2023-01-21;Carnes Selectas;meat;168,0;bebidas
202;87;2022-12-13;3390,17;Atlantico Market;2022-03-22;Carnes Selectas;meat;;talho
272;85;2026-01-23;818,42;Mercado Central;2025-06-25;Higiene Plus;cleaning products;122,0;congelados
66;503;2024-12-09;1760,75;BomPreco;2022-09-19;Bebidas Lusas;beverages;;higiene
155;790;2023-04-10;1771,17;Nova Compra;2021-06-09;Casa Verde Horticolas;produce;121,0;padaria
401;297;2027-12-25;2751,33;Nova Compra;2025-07-23;Carnes Selectas;meat;;congelados
76;402;2025-07-01;1093,92;Atlantico Market;2022-03-16;Frutaria Atlantica;produce;180,0;laticinios
285;252;2023-07-15;2991,99;SuperNorte;2023-05-21;Frutaria Atlantica;produce;;peixaria
44;191;2025-04-29;3210,47;Mercado Central;2024-10-03;Lacteos do Vale;dairy;56,0;peixaria
340;633;2023-10-17;7000,0;Atlantico Market;2022-05-12;Bebidas Lusas;beverages;68,0;congelados
340;633;2023-10-17;1935,01;Atlantico Market;2022-05-12;Bebidas Lusas;beverages;151,0;higiene
243;377;2030-08-02;3439,6;SuperNorte;2025-04-24;Carnes Selectas;meat;;talho
479;155;2032-08-28;1036,24;Nova Compra;2025-03-24;Higiene Plus;cleaning products;18,0;laticinios
330;886;2034-04-15;1800,0;BomPreco;2025-02-18;Padaria Industrial;bakery supplies;;mercearia
122;701;2032-04-13;2211,71;Mercado Central;2022-11-09;Lacteos do Vale;dairy;30,0;mercearia
13;497;2025-09-28;10000,0;FreshMart Gaia;2022-10-16;Carnes Selectas;meat;;peixaria
4;328;2029-07-15;8620,58;Atlantico Market;2024-06-23;Peixe Fresco Iberico;seafood;;higiene
420;561;2022-03-15;2043,94;BomPreco;2021-05-15;Lacteos do Vale;dairy;;peixaria
281;702;2034-07-17;2395,07;Nova Compra;2024-07-19;Frutaria Atlantica;produce;;higiene
320;218;2033-04-27;2984,94;Mercado Central;2024-03-23;Peixe Fresco Iberico;seafood;;talho
336;168;2024-01-08;2578,98;BomPreco;2021-05-18;Peixe Fresco Iberico;seafood;10,0;talho
385;255;2031-01-27;1545,15;FreshMart Gaia;2023-02-10;Higiene Plus;cleaning products;;talho
177;502;2031-03-27;1862,03;SuperNorte;2023-05-04;Frutaria Atlantica;produce;;higiene
62;107;2032-10-05;10000,0;Mercado Central;2023-12-03;Carnes Selectas;meat;186,0;bebidas
7;693;2026-02-05;2016,23;FreshMart Gaia;2023-07-14;Bebidas Lusas;beverages;;fruta e legumes
178;381;2031-05-13;2542,31;Atlantico Market;2023-12-25;Lacteos do Vale;dairy;;laticinios
136;891;2024-04-21;2939,8;Atlantico Market;2021-09-27;Lacteos do Vale;dairy;;congelados
19;560;2024-06-21;2158,58;FreshMart Gaia;2023-01-09;Casa Verde Horticolas;produce;160,0;higiene
481;711;2024-12-13;3525,4;FreshMart Gaia;2023-11-19;Lacteos do Vale;dairy;166,0;padaria
132;14;2023-02-20;3235,06;BomPreco;2022-11-23;Congelados Norte;frozen goods;76,0;padaria
360;810;2031-06-22;2690,4;BomPreco;2023-03-19;Casa Verde Horticolas;produce;200,0;peixaria
454;308;2024-12-02;8368,62;Atlantico Market;2022-02-05;Peixe Fresco Iberico;seafood;;talho
274;944;2025-08-16;7266,32;Atlantico Market;2021-09-17;Congelados Norte;frozen goods;;congelados
123;640;2025-07-30;1469,85;SuperNorte;2023-03-06;Casa Verde Horticolas;produce;185,0;congelados
382;144;2024-12-07;2521,42;Atlantico Market;2023-09-03;Congelados Norte;frozen goods;;padaria
315;356;2030-12-15;753,63;SuperNorte;2025-10-02;Padaria Industrial;bakery supplies;;peixaria
426;304;2032-09-23;2665,09;BomPreco;2025-03-14;Congelados Norte;frozen goods;11,0;peixaria
187;857;2030-06-17;4187,73;FreshMart Gaia;2023-07-04;Carnes Selectas;meat;;talho
481;229;2024-07-21;1419,56;FreshMart Gaia;2023-11-19;SnackHouse Distribuicao;snacks;166,0;padaria
186;813;2022-08-20;2488,37;BomPreco;2021-08-09;Bebidas Lusas;beverages;;talho
88;85;2025-11-01;1379,82;Atlantico Market;2021-03-26;Higiene Plus;cleaning products;62,0;fruta e legumes
388;797;2028-01-24;3176,69;Atlantico Market;2022-12-28;Carnes Selectas;meat;;laticinios
65;880;2029-12-13;1790,05;Nova Compra;2024-07-21;Casa Verde Horticolas;produce;;fruta e legumes
194;249;2026-07-18;1320,39;Mercado Central;2025-10-06;SnackHouse Distribuicao;snacks;;bebidas
269;682;2024-11-22;1751,78;Nova Compra;2023-10-19;Frutaria Atlantica;produce;;peixaria
33;25;2028-01-01;1641,26;SuperNorte;2024-06-15;Higiene Plus;cleaning products;;laticinios
257;345;2025-02-17;1139,11;Nova Compra;2021-04-16;Higiene Plus;cleaning products;21,0;mercearia
257;345;2025-02-17;968,87;Nova Compra;2021-04-16;Higiene Plus;cleaning products;91,0;talho
457;906;2024-11-23;744,88;FreshMart Gaia;2022-06-06;Padaria Industrial;bakery supplies;107,0;fruta e legumes
193;877;2030-12-07;8557,47;FreshMart Gaia;2022-02-11;Carnes Selectas;meat;;laticinios
380;944;2031-03-29;7636,63;Mercado Central;2022-09-25;Congelados Norte;frozen goods;;laticinios
471;72;2030-02-26;1467,38;SuperNorte;2024-09-26;Frutaria Atlantica;produce;119,0;peixaria
55;284;2033-07-01;4011,14;FreshMart Gaia;2025-06-03;Congelados Norte;frozen goods;;fruta e legumes
416;288;2024-03-12;3018,69;Mercado Central;2021-10-24;Peixe Fresco Iberico;seafood;;fruta e legumes
147;540;2026-08-15;1704,57;SuperNorte;2022-01-01;Casa Verde Horticolas;produce;;higiene
197;572;2025-06-03;962,7;Nova Compra;2023-07-18;Frutaria Atlantica;produce;;mercearia
400;973;2024-02-13;3010,19;Atlantico Market;2021-10-07;Bebidas Lusas;beverages;;laticinios
328;55;2031-06-22;2232,83;Atlantico Market;2024-05-28;Higiene Plus;cleaning products;;peixaria
77;802;2023-08-08;941,13;Nova Compra;2023-01-26;Frutaria Atlantica;produce;;bebidas
330;777;2029-05-13;3598,42;BomPreco;2025-02-18;Carnes Selectas;meat;;higiene
220;381;2032-08-26;1435,87;Atlantico Market;2024-11-09;Lacteos do Vale;dairy;;fruta e legumes
55;755;2032-09-23;648,87;FreshMart Gaia;2025-06-03;Higiene Plus;cleaning products;;talho
360;703;2026-02-04;5528,81;BomPreco;2023-03-19;Bebidas Lusas;beverages;200,0;peixaria
216;698;2026-02-10;7363,68;BomPreco;2025-09-23;Peixe Fresco Iberico;seafood;;talho
351;509;2021-05-30;3000,0;SuperNorte;2021-03-14;SnackHouse Distribuicao;snacks;;talho
163;884;2021-12-01;2747,58;FreshMart Gaia;2021-05-29;Congelados Norte;frozen goods;;higiene
182;410;2029-05-17;833,37;Mercado Central;2021-08-07;Casa Verde Horticolas;produce;85,0;padaria
307;734;2024-12-21;6567,99;FreshMart Gaia;2022-08-19;Congelados Norte;frozen goods;197,0;fruta e legumes
444;915;2029-07-10;1168,92;BomPreco;2025-11-27;Higiene Plus;cleaning products;164,0;peixaria
360;580;2028-11-07;1499,61;BomPreco;2023-03-19;Casa Verde Horticolas;produce;200,0;peixaria
380;57;2023-09-06;10000,0;Mercado Central;2022-09-25;Carnes Selectas;meat;;higiene
410;746;2033-11-08;1079,39;Mercado Central;2025-10-07;Padaria Industrial;bakery supplies;;congelados
188;426;2034-08-19;1502,14;Mercado Central;2025-01-21;Padaria Industrial;bakery supplies;;higiene
137;896;2022-08-13;755,64;Nova Compra;2021-03-16;Padaria Industrial;bakery supplies;150,0;bebidas
110;71;2024-07-27;1551,39;Mercado Central;2024-05-11;Lacteos do Vale;dairy;;talho
12;358;2032-03-13;5514,52;BomPreco;2024-07-15;Peixe Fresco Iberico;seafood;;laticinios
492;119;2028-02-28;2230,98;BomPreco;2023-12-08;SnackHouse Distribuicao;snacks;;mercearia
218;759;2028-09-13;1688,23;Mercado Central;2025-07-13;SnackHouse Distribuicao;snacks;;higiene
458;131;2024-07-14;2653,95;Mercado Central;2024-04-06;Lacteos do Vale;dairy;169,0;higiene
423;62;2022-11-16;573,34;SuperNorte;2022-05-09;Frutaria Atlantica;produce;14,0;congelados
423;62;2022-11-16;793,18;SuperNorte;2022-05-09;Frutaria Atlantica;produce;55,0;talho
448;981;2031-10-23;815,72;Atlantico Market;2025-02-18;Lacteos do Vale;dairy;;fruta e legumes
34;908;2023-09-26;5480,08;Atlantico Market;2021-09-25;Peixe Fresco Iberico;seafood;;bebidas
373;368;2024-10-17;3465,49;FreshMart Gaia;2022-06-04;Peixe Fresco Iberico;seafood;;mercearia
201;272;2024-12-05;3500,0;SuperNorte;2024-04-10;Frutaria Atlantica;produce;;padaria
457;516;2024-11-09;990,42;FreshMart Gaia;2022-06-06;Padaria Industrial;bakery supplies;107,0;fruta e legumes
278;329;2021-04-27;1819,0;Mercado Central;2021-03-28;SnackHouse Distribuicao;snacks;;laticinios
30;55;2032-12-06;842,02;BomPreco;2025-01-06;Higiene Plus;cleaning products;29,0;peixaria
30;55;2029-06-22;830,28;BomPreco;2025-01-06;Higiene Plus;cleaning products;199,0;talho
460;897;2027-02-16;10000,0;Atlantico Market;2024-04-23;Carnes Selectas;meat;;padaria
92;987;2033-07-26;10000,0;Mercado Central;2024-11-30;Carnes Selectas;meat;37,0;talho
379;441;2025-12-05;2592,41;FreshMart Gaia;2024-02-27;Lacteos do Vale;dairy;;higiene
373;112;2026-01-18;741,48;FreshMart Gaia;2022-06-04;Frutaria Atlantica;produce;;bebidas
445;192;2026-01-08;1527,63;FreshMart Gaia;2025-09-12;Frutaria Atlantica;produce;;bebidas
206;653;2027-08-11;4317,71;Mercado Central;2025-04-19;Bebidas Lusas;beverages;;laticinios
360;584;2031-01-17;3880,76;BomPreco;2023-03-19;Congelados Norte;frozen goods;200,0;peixaria
187;173;2026-07-07;1444,38;FreshMart Gaia;2023-07-04;Bebidas Lusas;beverages;;higiene
455;681;2024-08-31;4000,0;Nova Compra;2024-05-14;Lacteos do Vale;dairy;;mercearia
134;127;2031-05-24;3707,76;Mercado Central;2024-07-19;Carnes Selectas;meat;;mercearia
114;77;2026-07-30;2953,18;BomPreco;2025-03-11;Carnes Selectas;meat;;congelados
414;508;2029-10-12;6410,31;BomPreco;2025-05-11;Peixe Fresco Iberico;seafood;;laticinios
154;695;2035-02-12;2342,85;Atlantico Market;2025-10-16;Higiene Plus;cleaning products;184,0;padaria
271;350;2029-10-13;2330,41;FreshMart Gaia;2025-10-11;Casa Verde Horticolas;produce;;peixaria
246;371;2026-01-11;1189,38;BomPreco;2021-03-04;Lacteos do Vale;dairy;161,0;fruta e legumes
246;371;2026-01-11;1104,29;BomPreco;2021-03-04;Lacteos do Vale;dairy;191,0;peixaria
470;151;2028-05-01;801,92;Mercado Central;2022-09-27;Lacteos do Vale;dairy;84,0;mercearia
60;8;2022-12-06;5700,65;BomPreco;2021-08-03;Peixe Fresco Iberico;seafood;;peixaria
104;854;2027-01-16;3475,45;Mercado Central;2023-01-07;Congelados Norte;frozen goods;;higiene
348;720;2025-02-21;2331,3;BomPreco;2024-01-26;Casa Verde Horticolas;produce;;laticinios
226;618;2023-04-22;4774,66;Atlantico Market;2022-06-05;Peixe Fresco Iberico;seafood;;padaria
201;942;2027-11-30;2867,25;SuperNorte;2024-04-10;Frutaria Atlantica;produce;;padaria
424;967;2029-02-20;7250,04;Atlantico Market;2025-08-18;Carnes Selectas;meat;;laticinios
56;110;2033-04-02;1332,68;Mercado Central;2023-09-26;Casa Verde Horticolas;produce;78,0;bebidas
56;110;2024-09-22;2206,07;Mercado Central;2023-09-26;Casa Verde Horticolas;produce;134,0;fruta e legumes
486;964;2023-11-01;7819,75;BomPreco;2022-02-26;Congelados Norte;frozen goods;;fruta e legumes
301;251;2023-03-26;1395,36;FreshMart Gaia;2021-11-05;Lacteos do Vale;dairy;20,0;peixaria
301;251;2023-03-26;1953,2;FreshMart Gaia;2021-11-05;Lacteos do Vale;dairy;147,0;mercearia
435;475;2031-08-07;1238,25;SuperNorte;2024-08-06;Higiene Plus;cleaning products;;fruta e legumes
385;16;2032-11-16;851,32;FreshMart Gaia;2023-02-10;Padaria Industrial;bakery supplies;;mercearia
363;346;2034-04-08;1434,55;SuperNorte;2025-10-30;Padaria Industrial;bakery supplies;;fruta e legumes
233;990;2025-01-26;2750,2;Nova Compra;2023-12-13;Casa Verde Horticolas;produce;;peixaria
134;797;2026-02-02;6484,42;Mercado Central;2024-07-19;Carnes Selectas;meat;;peixaria
65;241;2026-07-01;2526,89;Nova Compra;2024-07-21;Lacteos do Vale;dairy;;laticinios
456;604;2029-05-12;3338,83;BomPreco;2025-06-07;Congelados Norte;frozen goods;;laticinios
76;405;2028-08-15;1595,51;Atlantico Market;2022-03-16;Higiene Plus;cleaning products;180,0;laticinios
313;581;2027-09-05;1205,8;FreshMart Gaia;2023-03-30;Lacteos do Vale;dairy;109,0;talho
371;188;2025-10-07;12000,0;Nova Compra;2022-09-12;Peixe Fresco Iberico;seafood;;talho
232;885;2026-02-16;2500,0;Atlantico Market;2021-05-12;Higiene Plus;cleaning products;;higiene
357;206;2030-06-30;1537,94;SuperNorte;2021-05-17;Padaria Industrial;bakery supplies;;fruta e legumes
88;896;2024-02-20;1201,72;Atlantico Market;2021-03-26;Padaria Industrial;bakery supplies;62,0;fruta e legumes
111;509;2021-12-13;1983,59;SuperNorte;2021-08-21;SnackHouse Distribuicao;snacks;;bebidas
128;603;2022-03-25;1752,78;Mercado Central;2021-12-26;Bebidas Lusas;beverages;;higiene
59;694;2027-03-24;2440,59;Nova Compra;2024-05-26;Congelados Norte;frozen goods;;laticinios
89;182;2023-11-02;1110,6;Nova Compra;2021-05-28;Frutaria Atlantica;produce;;padaria
174;311;2025-05-14;2207,2;BomPreco;2021-10-25;Lacteos do Vale;dairy;52,0;higiene
174;311;2025-05-14;1894,18;BomPreco;2021-10-25;Lacteos do Vale;dairy;163,0;talho
401;760;2027-03-03;2665,21;Nova Compra;2025-07-23;Casa Verde Horticolas;produce;;higiene
396;232;2033-12-10;1198,04;BomPreco;2025-10-21;Frutaria Atlantica;produce;57,0;mercearia
82;641;2023-02-18;3412,5;Atlantico Market;2023-01-31;Lacteos do Vale;dairy;54,0;laticinios
66;486;2023-01-04;691,31;BomPreco;2022-09-19;Padaria Industrial;bakery supplies;;fruta e legumes
76;751;2024-12-30;1781,37;Atlantico Market;2022-03-16;Lacteos do Vale;dairy;180,0;laticinios
110;550;2032-06-07;2768,03;Mercado Central;2024-05-11;Casa Verde Horticolas;produce;;bebidas
100;16;2027-07-18;1254,95;Atlantico Market;2025-03-23;Padaria Industrial;bakery supplies;;padaria
409;613;2027-09-11;2135,29;FreshMart Gaia;2025-03-31;Bebidas Lusas;beverages;;mercearia
273;612;2027-03-08;2986,23;SuperNorte;2021-11-16;Frutaria Atlantica;produce;25,0;higiene
273;612;2022-12-11;1925,58;SuperNorte;2021-11-16;Frutaria Atlantica;produce;101,0;peixaria
47;662;2030-02-22;705,53;Nova Compra;2025-02-04;Frutaria Atlantica;produce;86,0;congelados
29;202;2025-08-02;1266,15;Nova Compra;2025-01-17;Frutaria Atlantica;produce;;talho
222;43;2021-07-23;3118,72;BomPreco;2021-07-06;Bebidas Lusas;beverages;;congelados
215;540;2026-02-09;1093,06;Nova Compra;2022-05-12;Casa Verde Horticolas;produce;;congelados
97;283;2025-03-23;6861,85;FreshMart Gaia;2023-11-01;Bebidas Lusas;beverages;;bebidas
276;409;2025-08-11;1393,94;BomPreco;2021-06-07;SnackHouse Distribuicao;snacks;;laticinios
264;429;2024-06-28;2029,64;BomPreco;2024-03-30;SnackHouse Distribuicao;snacks;;talho
176;274;2023-04-06;4718,92;Mercado Central;2023-03-01;Congelados Norte;frozen goods;;mercearia
8;418;2027-09-20;8929,74;Mercado Central;2024-02-04;Peixe Fresco Iberico;seafood;172,0;talho
264;298;2032-04-01;12000,0;BomPreco;2024-03-30;Peixe Fresco Iberico;seafood;;higiene
100;930;2026-09-24;2507,41;Atlantico Market;2025-03-23;Casa Verde Horticolas;produce;;higiene
331;131;2024-05-28;4000,0;FreshMart Gaia;2021-12-05;Lacteos do Vale;dairy;;bebidas
336;90;2025-03-31;2537,55;BomPreco;2021-05-18;Casa Verde Horticolas;produce;10,0;talho
31;419;2024-04-24;1750,61;FreshMart Gaia;2023-08-26;SnackHouse Distribuicao;snacks;;talho
50;245;2028-06-29;1589,01;Mercado Central;2025-02-27;Higiene Plus;cleaning products;;bebidas
101;793;2023-10-19;1150,66;Nova Compra;2023-02-01;Bebidas Lusas;beverages;;talho
201;658;2032-03-23;5296,16;SuperNorte;2024-04-10;Peixe Fresco Iberico;seafood;;padaria
437;210;2025-10-15;1734,25;Nova Compra;2023-11-18;Casa Verde Horticolas;produce;;mercearia
14;841;2029-08-26;2618,48;Mercado Central;2022-12-20;Lacteos do Vale;dairy;12,0;mercearia
333;274;2025-05-12;4250,92;SuperNorte;2021-06-28;Congelados Norte;frozen goods;;talho
346;502;2022-12-11;2149,92;Atlantico Market;2021-02-27;Frutaria Atlantica;produce;;mercearia
105;976;2027-05-20;551,32;SuperNorte;2022-01-11;Padaria Industrial;bakery supplies;;mercearia
89;497;2025-05-11;2650,62;Nova Compra;2021-05-28;Carnes Selectas;meat;;congelados
487;94;2030-05-02;2524,91;FreshMart Gaia;2024-08-09;Congelados Norte;frozen goods;;talho
192;838;2032-03-12;12000,0;BomPreco;2023-05-20;Peixe Fresco Iberico;seafood;80,0;fruta e legumes
25;89;2024-09-25;932,6;FreshMart Gaia;2024-05-31;SnackHouse Distribuicao;snacks;;higiene
38;461;2023-12-26;1507,72;Mercado Central;2022-04-17;Lacteos do Vale;dairy;140,0;congelados
299;82;2029-05-25;1939,64;Nova Compra;2025-02-06;Frutaria Atlantica;produce;;bebidas
91;962;2025-07-30;903,89;FreshMart Gaia;2025-05-06;Frutaria Atlantica;produce;92,0;peixaria
176;107;2025-04-19;3646,78;Mercado Central;2023-03-01;Carnes Selectas;meat;;higiene
409;449;2034-01-18;2237,43;FreshMart Gaia;2025-03-31;SnackHouse Distribuicao;snacks;;bebidas
191;966;2030-05-02;821,09;Nova Compra;2024-01-10;Padaria Industrial;bakery supplies;;fruta e legumes
80;852;2025-03-10;3500,0;Mercado Central;2021-08-21;Frutaria Atlantica;produce;;laticinios
122;364;2024-02-02;2002,24;Mercado Central;2022-11-09;Congelados Norte;frozen goods;30,0;mercearia
9;629;2024-03-08;1412,35;SuperNorte;2022-10-26;SnackHouse Distribuicao;snacks;23,0;congelados
425;860;2022-02-23;1519,2;Nova Compra;2022-01-23;Casa Verde Horticolas;produce;;talho
351;969;2026-01-25;1643,38;SuperNorte;2021-03-14;SnackHouse Distribuicao;snacks;;mercearia
226;971;2024-11-01;1237,91;Atlantico Market;2022-06-05;Lacteos do Vale;dairy;;mercearia
51;688;2024-09-17;5005,75;SuperNorte;2021-10-07;Peixe Fresco Iberico;seafood;112,0;padaria
18;830;2026-05-17;2638,71;BomPreco;2025-02-11;Casa Verde Horticolas;produce;;peixaria
291;720;2028-08-05;1638,78;SuperNorte;2024-09-22;Casa Verde Horticolas;produce;;peixaria
17;717;2022-07-22;3336,83;Nova Compra;2021-06-10;Carnes Selectas;meat;;bebidas
420;463;2024-08-03;7000,0;BomPreco;2021-05-15;Bebidas Lusas;beverages;;congelados
421;631;2025-09-07;2198,03;FreshMart Gaia;2023-11-12;Lacteos do Vale;dairy;;peixaria
242;544;2025-10-03;5666,77;Mercado Central;2022-10-19;Congelados Norte;frozen goods;;congelados
115;115;2027-09-06;1939,28;FreshMart Gaia;2025-01-26;Higiene Plus;cleaning products;;fruta e legumes
252;399;2027-01-22;1598,29;BomPreco;2022-11-20;SnackHouse Distribuicao;snacks;;higiene
233;667;2024-10-02;3784,88;Nova Compra;2023-12-13;Carnes Selectas;meat;;peixaria
422;832;2023-10-21;2023,49;Mercado Central;2021-05-10;Frutaria Atlantica;produce;;mercearia
135;797;2027-05-28;3940,66;SuperNorte;2022-07-27;Carnes Selectas;meat;;mercearia
186;312;2025-10-14;2186,7;BomPreco;2021-08-09;Frutaria Atlantica;produce;;padaria
357;243;2021-06-01;3482,84;SuperNorte;2021-05-17;Bebidas Lusas;beverages;;mercearia
196;183;2027-08-18;5959,54;Atlantico Market;2025-12-17;Bebidas Lusas;beverages;4,0;padaria
196;183;2026-06-11;2243,6;Atlantico Market;2025-12-17;Bebidas Lusas;beverages;159,0;bebidas
264;513;2026-01-20;5181,47;BomPreco;2024-03-30;Bebidas Lusas;beverages;;padaria
254;601;2026-04-07;2833,94;Mercado Central;2022-08-29;Lacteos do Vale;dairy;90,0;laticinios
370;997;2023-11-22;4849,32;Atlantico Market;2023-01-22;Carnes Selectas;meat;7,0;higiene
219;411;2032-11-27;2986,36;SuperNorte;2025-01-12;Lacteos do Vale;dairy;175,0;padaria
205;560;2034-07-29;2233,76;FreshMart Gaia;2026-01-02;Casa Verde Horticolas;produce;;bebidas
254;115;2025-03-17;1856,46;Mercado Central;2022-08-29;Higiene Plus;cleaning products;90,0;laticinios
68;920;2024-05-05;2427,27;Mercado Central;2023-11-14;Casa Verde Horticolas;produce;;laticinios
92;218;2026-01-18;6648,27;Mercado Central;2024-11-30;Peixe Fresco Iberico;seafood;37,0;talho
84;397;2022-07-26;4129,3;BomPreco;2022-05-29;Carnes Selectas;meat;;congelados
425;862;2022-06-10;1407,33;Nova Compra;2022-01-23;Frutaria Atlantica;produce;;congelados
43;928;2034-04-26;5901,53;FreshMart Gaia;2025-06-14;Peixe Fresco Iberico;seafood;;laticinios
252;322;2024-07-03;2703,64;BomPreco;2022-11-20;Frutaria Atlantica;produce;;bebidas
237;811;2033-07-11;2857,59;SuperNorte;2025-07-18;Lacteos do Vale;dairy;;bebidas
320;398;2025-09-04;10221,51;Mercado Central;2024-03-23;Peixe Fresco Iberico;seafood;;bebidas
142;110;2025-06-16;3043,51;Atlantico Market;2023-11-17;Casa Verde Horticolas;produce;;bebidas
164;437;2025-06-02;4897,63;Mercado Central;2022-03-01;Carnes Selectas;meat;165,0;mercearia
164;437;2025-06-02;10000,0;Mercado Central;2022-03-01;Carnes Selectas;meat;181,0;talho
365;914;2025-08-13;4103,43;Nova Compra;2023-06-30;Congelados Norte;frozen goods;;talho
231;630;2035-01-20;1481,32;SuperNorte;2025-05-07;Casa Verde Horticolas;produce;;higiene
259;290;2034-11-06;2149,39;FreshMart Gaia;2025-05-28;Casa Verde Horticolas;produce;39,0;mercearia
259;290;2029-03-11;2299,88;FreshMart Gaia;2025-05-28;Casa Verde Horticolas;produce;96,0;bebidas
301;338;2022-07-13;4655,74;FreshMart Gaia;2021-11-05;Peixe Fresco Iberico;seafood;20,0;peixaria
301;338;2022-07-13;6052,12;FreshMart Gaia;2021-11-05;Peixe Fresco Iberico;seafood;147,0;mercearia
225;478;2028-06-29;5315,7;SuperNorte;2025-06-18;Peixe Fresco Iberico;seafood;97,0;higiene
455;774;2025-10-02;4582,8;Nova Compra;2024-05-14;Congelados Norte;frozen goods;;mercearia
209;668;2025-03-02;9299,3;Nova Compra;2022-12-23;Peixe Fresco Iberico;seafood;125,0;fruta e legumes
123;548;2025-11-30;5766,95;SuperNorte;2023-03-06;Peixe Fresco Iberico;seafood;185,0;congelados
473;212;2027-07-02;2393,86;Nova Compra;2021-08-09;Frutaria Atlantica;produce;69,0;bebidas
484;204;2030-09-16;2301,67;Atlantico Market;2024-03-22;Congelados Norte;frozen goods;;mercearia
339;75;2025-04-12;2052,09;SuperNorte;2022-10-13;Higiene Plus;cleaning products;155,0;peixaria
362;833;2026-01-26;3057,85;Mercado Central;2021-04-28;Bebidas Lusas;beverages;144,0;laticinios
122;601;2025-01-27;1739,16;Mercado Central;2022-11-09;Lacteos do Vale;dairy;30,0;mercearia
21;72;2028-12-13;2215,19;SuperNorte;2024-04-14;Frutaria Atlantica;produce;;laticinios
169;839;2035-04-07;2023,0;FreshMart Gaia;2025-07-10;SnackHouse Distribuicao;snacks;;peixaria
107;891;2026-01-24;2044,04;Nova Compra;2025-07-14;Lacteos do Vale;dairy;141,0;bebidas
107;891;2026-01-24;1441,25;Nova Compra;2025-07-14;Lacteos do Vale;dairy;158,0;congelados
268;665;2035-01-05;1108,1;Atlantico Market;2025-06-15;Higiene Plus;cleaning products;;padaria
217;756;2025-01-21;1043,79;FreshMart Gaia;2021-10-15;Padaria Industrial;bakery supplies;171,0;laticinios
264;175;2026-12-26;1714,09;BomPreco;2024-03-30;Higiene Plus;cleaning products;;mercearia
117;629;2030-07-25;1139,34;SuperNorte;2025-08-17;SnackHouse Distribuicao;snacks;;talho
54;900;2029-01-08;1386,97;BomPreco;2021-08-12;Casa Verde Horticolas;produce;;padaria
221;127;2025-11-05;6078,29;Nova Compra;2022-05-20;Carnes Selectas;meat;;bebidas
309;980;2024-05-28;1781,99;SuperNorte;2024-03-19;Casa Verde Horticolas;produce;;mercearia
325;217;2029-06-02;5767,99;FreshMart Gaia;2024-03-27;Carnes Selectas;meat;;congelados
175;664;2028-11-22;1325,93;FreshMart Gaia;2024-01-18;Congelados Norte;frozen goods;;talho
476;796;2023-05-25;875,72;Mercado Central;2023-03-11;Padaria Industrial;bakery supplies;;laticinios
41;872;2025-10-29;2715,99;Nova Compra;2024-05-01;Frutaria Atlantica;produce;;laticinios
302;510;2023-11-02;1402,2;Mercado Central;2023-08-01;Casa Verde Horticolas;produce;;padaria
307;499;2023-12-07;2053,84;FreshMart Gaia;2022-08-19;SnackHouse Distribuicao;snacks;197,0;fruta e legumes
370;501;2025-01-20;1247,99;Atlantico Market;2023-01-22;Lacteos do Vale;dairy;7,0;higiene
386;683;2030-08-04;1856,15;Mercado Central;2024-08-11;Bebidas Lusas;beverages;;padaria
193;148;2023-04-09;7844,56;FreshMart Gaia;2022-02-11;Peixe Fresco Iberico;seafood;;peixaria
299;922;2028-11-30;1805,21;Nova Compra;2025-02-06;Frutaria Atlantica;produce;;mercearia
174;17;2024-08-09;4642,49;BomPreco;2021-10-25;Carnes Selectas;meat;52,0;higiene
174;17;2024-08-09;7903,52;BomPreco;2021-10-25;Carnes Selectas;meat;163,0;talho
43;357;2034-03-24;4692,99;FreshMart Gaia;2025-06-14;Carnes Selectas;meat;;bebidas
195;323;2026-10-10;2820,96;SuperNorte;2022-02-10;Bebidas Lusas;beverages;162,0;laticinios
398;894;2026-04-25;3080,97;Mercado Central;2026-02-14;Congelados Norte;frozen goods;;laticinios
290;184;2031-03-11;2801,23;Mercado Central;2022-12-23;Congelados Norte;frozen goods;;higiene
124;734;2025-02-17;5304,77;Atlantico Market;2022-03-28;Congelados Norte;frozen goods;;fruta e legumes
415;597;2029-12-06;4692,45;FreshMart Gaia;2024-03-20;Carnes Selectas;meat;;laticinios
478;824;2027-07-04;7190,42;Atlantico Market;2025-11-21;Congelados Norte;frozen goods;;mercearia
112;783;2024-12-15;993,23;Atlantico Market;2022-05-22;Bebidas Lusas;beverages;40,0;padaria
391;192;2026-10-07;2802,37;FreshMart Gaia;2024-03-07;Frutaria Atlantica;produce;;peixaria
92;766;2026-01-03;1175,66;Mercado Central;2024-11-30;Padaria Industrial;bakery supplies;37,0;talho
77;153;2026-02-26;3599,82;Nova Compra;2023-01-26;Bebidas Lusas;beverages;;peixaria
470;623;2023-12-17;2097,24;Mercado Central;2022-09-27;Bebidas Lusas;beverages;84,0;mercearia
319;957;2031-08-28;2558,58;FreshMart Gaia;2025-11-02;Carnes Selectas;meat;;padaria
62;692;2032-10-01;2593,94;Mercado Central;2023-12-03;Frutaria Atlantica;produce;186,0;bebidas
76;898;2023-07-25;7248,31;Atlantico Market;2022-03-16;Peixe Fresco Iberico;seafood;180,0;laticinios
465;451;2028-04-07;2377,18;SuperNorte;2024-12-20;Lacteos do Vale;dairy;;congelados
469;822;2025-05-31;1766,63;FreshMart Gaia;2023-05-24;Frutaria Atlantica;produce;126,0;laticinios
293;299;2029-02-11;2418,6;Nova Compra;2024-07-22;SnackHouse Distribuicao;snacks;;higiene
339;648;2024-09-14;4993,61;SuperNorte;2022-10-13;Peixe Fresco Iberico;seafood;155,0;peixaria
272;937;2032-07-04;4641,4;Mercado Central;2025-06-25;Carnes Selectas;meat;122,0;congelados
478;199;2035-06-16;1523,95;Atlantico Market;2025-11-21;SnackHouse Distribuicao;snacks;;bebidas
127;767;2024-02-16;4904,98;FreshMart Gaia;2022-10-25;Carnes Selectas;meat;;higiene
272;365;2027-09-19;2500,0;Mercado Central;2025-06-25;Higiene Plus;cleaning products;122,0;congelados
33;396;2025-08-28;568,65;SuperNorte;2024-06-15;Padaria Industrial;bakery supplies;;bebidas
360;833;2030-11-06;1556,13;BomPreco;2023-03-19;Bebidas Lusas;beverages;200,0;peixaria
184;307;2032-07-28;2806,92;Atlantico Market;2024-11-20;Carnes Selectas;meat;118,0;talho
321;427;2022-10-18;7345,16;SuperNorte;2022-07-21;Carnes Selectas;meat;77,0;congelados
187;631;2025-11-21;2054,68;FreshMart Gaia;2023-07-04;Lacteos do Vale;dairy;;talho
64;482;2033-01-27;901,01;Atlantico Market;2025-08-22;Frutaria Atlantica;produce;;laticinios
206;641;2031-08-11;2248,62;Mercado Central;2025-04-19;Lacteos do Vale;dairy;;talho
10;178;2030-12-05;5618,19;Atlantico Market;2024-07-05;Peixe Fresco Iberico;seafood;;higiene
16;692;2025-08-13;2379,66;Atlantico Market;2024-01-08;Frutaria Atlantica;produce;5,0;congelados
411;59;2024-09-29;2358,9;SuperNorte;2023-06-02;SnackHouse Distribuicao;snacks;;peixaria
432;400;2034-12-05;3500,0;BomPreco;2025-09-23;Casa Verde Horticolas;produce;;peixaria
86;367;2032-10-20;3172,22;Mercado Central;2025-11-24;Carnes Selectas;meat;;fruta e legumes
417;865;2024-12-07;594,65;SuperNorte;2023-07-19;Higiene Plus;cleaning products;;higiene
290;665;2024-12-15;1792,4;Mercado Central;2022-12-23;Higiene Plus;cleaning products;;mercearia
155;878;2022-06-28;10133,26;Nova Compra;2021-06-09;Peixe Fresco Iberico;seafood;121,0;padaria
428;348;2025-06-17;3661,01;Mercado Central;2023-08-26;Peixe Fresco Iberico;seafood;;bebidas
313;486;2023-05-26;563,48;FreshMart Gaia;2023-03-30;Padaria Industrial;bakery supplies;109,0;talho
379;619;2029-01-06;1926,57;FreshMart Gaia;2024-02-27;SnackHouse Distribuicao;snacks;;laticinios
73;223;2028-04-17;7000,0;FreshMart Gaia;2025-01-05;Bebidas Lusas;beverages;61,0;higiene
246;420;2025-10-30;1246,96;BomPreco;2021-03-04;Casa Verde Horticolas;produce;161,0;fruta e legumes
246;420;2025-10-30;1923,92;BomPreco;2021-03-04;Casa Verde Horticolas;produce;191,0;peixaria
456;804;2025-10-26;1829,42;BomPreco;2025-06-07;Congelados Norte;frozen goods;;congelados
311;290;2025-01-17;1691,85;Nova Compra;2023-04-01;Casa Verde Horticolas;produce;;laticinios
113;263;2025-07-25;3563,04;Nova Compra;2021-11-05;Bebidas Lusas;beverages;188,0;fruta e legumes
75;566;2029-08-22;1800,0;SuperNorte;2024-05-04;Padaria Industrial;bakery supplies;65,0;peixaria
75;566;2031-08-18;727,6;SuperNorte;2024-05-04;Padaria Industrial;bakery supplies;170,0;fruta e legumes
262;854;2025-09-21;5856,19;Atlantico Market;2023-03-24;Congelados Norte;frozen goods;;peixaria
71;856;2029-12-29;706,6;Nova Compra;2024-03-23;Padaria Industrial;bakery supplies;136,0;talho
207;689;2027-02-16;1718,45;SuperNorte;2022-08-16;SnackHouse Distribuicao;snacks;;talho
267;559;2028-11-21;3000,0;SuperNorte;2025-12-26;SnackHouse Distribuicao;snacks;;talho
26;786;2025-10-02;1800,0;Mercado Central;2022-05-29;Padaria Industrial;bakery supplies;;higiene
225;506;2028-01-25;1800,0;SuperNorte;2025-06-18;Padaria Industrial;bakery supplies;97,0;higiene
453;79;2031-06-30;1973,25;SuperNorte;2025-10-17;SnackHouse Distribuicao;snacks;;higiene
166;18;2025-09-16;5913,18;Atlantico Market;2024-12-15;Peixe Fresco Iberico;seafood;192,0;mercearia
398;35;2032-09-12;1563,1;Mercado Central;2026-02-14;Higiene Plus;cleaning products;;talho
186;170;2022-10-05;2281,67;BomPreco;2021-08-09;Casa Verde Horticolas;produce;;talho
259;257;2027-07-16;6433,96;FreshMart Gaia;2025-05-28;Carnes Selectas;meat;39,0;mercearia
259;257;2031-07-05;3920,72;FreshMart Gaia;2025-05-28;Carnes Selectas;meat;96,0;bebidas
297;747;2025-05-11;3850,48;SuperNorte;2022-11-01;Carnes Selectas;meat;;fruta e legumes
34;231;2025-07-13;1644,03;Atlantico Market;2021-09-25;Lacteos do Vale;dairy;;fruta e legumes
215;478;2024-04-26;10521,75;Nova Compra;2022-05-12;Peixe Fresco Iberico;seafood;;congelados
248;786;2026-04-09;1699,9;Mercado Central;2025-02-23;Padaria Industrial;bakery supplies;8,0;fruta e legumes
285;384;2023-06-01;8000,0;SuperNorte;2023-05-21;Congelados Norte;frozen goods;;mercearia
390;221;2021-07-20;2603,9;BomPreco;2021-05-05;Lacteos do Vale;dairy;;higiene
260;506;2035-02-26;701,32;Mercado Central;2025-07-07;Padaria Industrial;bakery supplies;;fruta e legumes
285;729;2031-10-08;1330,13;SuperNorte;2023-05-21;SnackHouse Distribuicao;snacks;;peixaria
72;384;2022-09-02;4005,78;BomPreco;2021-04-11;Congelados Norte;frozen goods;;talho
37;493;2024-12-02;7000,0;FreshMart Gaia;2022-12-13;Bebidas Lusas;beverages;15,0;bebidas
126;8;2024-09-08;9039,69;BomPreco;2022-12-13;Peixe Fresco Iberico;seafood;;peixaria
198;508;2034-01-28;3545,71;BomPreco;2025-11-21;Peixe Fresco Iberico;seafood;;bebidas
401;349;2025-08-17;1608,33;Nova Compra;2025-07-23;SnackHouse Distribuicao;snacks;;talho
231;255;2029-06-22;709,13;SuperNorte;2025-05-07;Higiene Plus;cleaning products;;higiene
166;345;2028-09-25;1795,11;Atlantico Market;2024-12-15;Higiene Plus;cleaning products;192,0;mercearia
290;64;2024-06-28;3128,49;Mercado Central;2022-12-23;Congelados Norte;frozen goods;;bebidas
231;930;2029-05-29;1405,13;SuperNorte;2025-05-07;Casa Verde Horticolas;produce;;talho
178;779;2024-05-19;708,47;Atlantico Market;2023-12-25;SnackHouse Distribuicao;snacks;;congelados
249;453;2023-10-23;5271,55;SuperNorte;2023-09-28;Bebidas Lusas;beverages;27,0;laticinios
429;978;2023-09-20;11197,63;SuperNorte;2021-08-21;Peixe Fresco Iberico;seafood;;laticinios
4;901;2026-03-05;1574,04;Atlantico Market;2024-06-23;Lacteos do Vale;dairy;;peixaria
90;115;2031-01-01;1278,32;BomPreco;2023-09-21;Higiene Plus;cleaning products;9,0;laticinios
83;974;2025-06-03;3465,74;Nova Compra;2025-01-15;Congelados Norte;frozen goods;157,0;padaria
83;974;2025-06-03;3897,74;Nova Compra;2025-01-15;Congelados Norte;frozen goods;182,0;peixaria
42;777;2032-02-13;3734,28;BomPreco;2022-11-03;Carnes Selectas;meat;;talho
243;11;2033-12-19;1310,43;SuperNorte;2025-04-24;Lacteos do Vale;dairy;;fruta e legumes
82;135;2026-04-26;2500,0;Atlantico Market;2023-01-31;Higiene Plus;cleaning products;54,0;laticinios
322;193;2029-12-10;1143,26;Atlantico Market;2026-01-04;Bebidas Lusas;beverages;34,0;higiene
329;929;2023-12-16;2070,16;Nova Compra;2023-01-15;SnackHouse Distribuicao;snacks;198,0;laticinios
435;621;2027-12-12;2442,37;SuperNorte;2024-08-06;Lacteos do Vale;dairy;;fruta e legumes
41;387;2025-12-03;10000,0;Nova Compra;2024-05-01;Carnes Selectas;meat;;higiene
24;788;2026-03-19;5844,08;BomPreco;2023-04-04;Peixe Fresco Iberico;seafood;;laticinios
269;616;2029-07-01;846,13;Nova Compra;2023-10-19;Padaria Industrial;bakery supplies;;fruta e legumes
299;724;2032-01-03;2988,61;Nova Compra;2025-02-06;Congelados Norte;frozen goods;;padaria
443;960;2035-04-07;2171,0;Nova Compra;2025-05-20;Casa Verde Horticolas;produce;;fruta e legumes
129;634;2025-05-07;3126,49;SuperNorte;2021-08-18;Congelados Norte;frozen goods;;peixaria
181;897;2024-05-07;3249,32;FreshMart Gaia;2021-08-25;Carnes Selectas;meat;113,0;congelados
33;666;2030-01-04;717,71;SuperNorte;2024-06-15;Padaria Industrial;bakery supplies;;padaria
145;560;2024-06-06;1208,19;FreshMart Gaia;2023-11-02;Casa Verde Horticolas;produce;131,0;congelados
145;560;2024-06-06;1176,45;FreshMart Gaia;2023-11-02;Casa Verde Horticolas;produce;177,0;bebidas
404;759;2034-01-04;1714,57;Mercado Central;2024-09-04;SnackHouse Distribuicao;snacks;;bebidas
89;483;2024-02-20;3435,68;Nova Compra;2021-05-28;Bebidas Lusas;beverages;;congelados
319;422;2034-07-14;2369,08;FreshMart Gaia;2025-11-02;Frutaria Atlantica;produce;;bebidas
420;754;2021-10-21;4594,54;BomPreco;2021-05-15;Congelados Norte;frozen goods;;bebidas
89;468;2022-03-30;3783,23;Nova Compra;2021-05-28;Peixe Fresco Iberico;seafood;;congelados
292;556;2025-05-03;384,76;Atlantico Market;2023-07-16;Padaria Industrial;bakery supplies;17,0;fruta e legumes
226;465;2022-11-22;854,86;Atlantico Market;2022-06-05;Higiene Plus;cleaning products;;bebidas
39;710;2027-07-09;2608,77;SuperNorte;2022-08-08;Casa Verde Horticolas;produce;;padaria
12;44;2024-08-13;6002,13;BomPreco;2024-07-15;Congelados Norte;frozen goods;;padaria
492;917;2033-05-15;8410,69;BomPreco;2023-12-08;Carnes Selectas;meat;;bebidas
376;228;2029-06-28;9477,07;Atlantico Market;2025-07-22;Peixe Fresco Iberico;seafood;;congelados
317;357;2024-10-15;8807,6;Nova Compra;2022-01-06;Carnes Selectas;meat;16,0;higiene
335;182;2025-08-01;2221,16;Nova Compra;2024-12-25;Frutaria Atlantica;produce;139,0;padaria
329;367;2023-10-24;10000,0;Nova Compra;2023-01-15;Carnes Selectas;meat;198,0;laticinios
422;83;2021-10-05;4279,77;Mercado Central;2021-05-10;Bebidas Lusas;beverages;;congelados
135;680;2030-07-16;3500,0;SuperNorte;2022-07-27;Casa Verde Horticolas;produce;;peixaria
339;590;2024-03-20;1395,58;SuperNorte;2022-10-13;Casa Verde Horticolas;produce;155,0;peixaria
456;644;2028-03-20;3206,7;BomPreco;2025-06-07;Congelados Norte;frozen goods;;laticinios
279;438;2030-03-23;5960,95;SuperNorte;2022-10-07;Peixe Fresco Iberico;seafood;;mercearia
327;370;2025-05-12;1819,06;SuperNorte;2023-06-01;Casa Verde Horticolas;produce;94,0;padaria
412;263;2032-11-03;3245,26;Atlantico Market;2024-08-06;Bebidas Lusas;beverages;36,0;laticinios
336;795;2024-05-14;1752,96;BomPreco;2021-05-18;Higiene Plus;cleaning products;10,0;talho
18;645;2025-09-07;1313,12;BomPreco;2025-02-11;Higiene Plus;cleaning products;;laticinios
1;637;2027-10-19;4108,96;FreshMart Gaia;2023-11-13;Carnes Selectas;meat;;mercearia
132;254;2025-08-30;3598,09;BomPreco;2022-11-23;Congelados Norte;frozen goods;76,0;padaria
481;346;2024-08-22;1729,67;FreshMart Gaia;2023-11-19;Padaria Industrial;bakery supplies;166,0;padaria
145;198;2025-10-17;7497,18;FreshMart Gaia;2023-11-02;Peixe Fresco Iberico;seafood;131,0;congelados
145;198;2025-10-17;3057,13;FreshMart Gaia;2023-11-02;Peixe Fresco Iberico;seafood;177,0;bebidas
131;859;2024-08-14;3000,0;Nova Compra;2022-05-27;SnackHouse Distribuicao;snacks;152,0;fruta e legumes
461;834;2029-10-22;5226,25;Nova Compra;2025-03-18;Congelados Norte;frozen goods;;talho
299;190;2025-11-19;2466,49;Nova Compra;2025-02-06;Casa Verde Horticolas;produce;;padaria
173;985;2026-02-06;2088,69;Nova Compra;2022-01-16;Higiene Plus;cleaning products;104,0;congelados
179;432;2028-12-21;2876,33;Nova Compra;2024-10-24;Frutaria Atlantica;produce;;mercearia
443;270;2027-07-15;1223,34;Nova Compra;2025-05-20;Casa Verde Horticolas;produce;;padaria
326;552;2032-04-04;1142,92;Mercado Central;2024-09-07;Frutaria Atlantica;produce;;congelados
27;952;2026-09-24;3500,0;SuperNorte;2022-08-07;Frutaria Atlantica;produce;42,0;bebidas
198;205;2033-01-12;1004,33;BomPreco;2025-11-21;Higiene Plus;cleaning products;;padaria
136;688;2022-10-24;7707,52;Atlantico Market;2021-09-27;Peixe Fresco Iberico;seafood;;congelados
379;626;2030-10-25;1800,0;FreshMart Gaia;2024-02-27;Padaria Industrial;bakery supplies;;mercearia
53;654;2023-03-15;3522,03;Nova Compra;2022-04-27;Congelados Norte;frozen goods;;padaria
250;521;2032-03-28;1828,35;Atlantico Market;2025-01-13;Lacteos do Vale;dairy;;bebidas
209;257;2024-05-28;8193,23;Nova Compra;2022-12-23;Carnes Selectas;meat;125,0;fruta e legumes
195;729;2023-05-26;1815,88;SuperNorte;2022-02-10;SnackHouse Distribuicao;snacks;162,0;laticinios
58;875;2026-11-18;1718,16;Atlantico Market;2023-08-09;Higiene Plus;cleaning products;;padaria
459;141;2028-05-31;2073,58;SuperNorte;2023-06-20;Lacteos do Vale;dairy;;fruta e legumes
498;955;2033-08-17;1085,01;BomPreco;2023-08-24;Higiene Plus;cleaning products;;talho
104;70;2030-05-02;1592,59;Mercado Central;2023-01-07;Casa Verde Horticolas;produce;;padaria
245;314;2028-09-21;7358,85;Nova Compra;2024-07-08;Congelados Norte;frozen goods;;bebidas
411;566;2025-11-28;875,44;SuperNorte;2023-06-02;Padaria Industrial;bakery supplies;;bebidas
45;697;2029-01-01;6549,08;SuperNorte;2021-03-03;Carnes Selectas;meat;145,0;talho
274;4;2022-05-05;2780,57;Atlantico Market;2021-09-17;Congelados Norte;frozen goods;;padaria
369;284;2031-09-04;8000,0;SuperNorte;2024-02-08;Congelados Norte;frozen goods;;bebidas
180;474;2025-04-16;4963,49;BomPreco;2023-10-07;Congelados Norte;frozen goods;;congelados
295;881;2024-12-29;2505,01;FreshMart Gaia;2024-02-12;Lacteos do Vale;dairy;;mercearia
434;268;2033-11-30;9861,39;Mercado Central;2025-07-06;Peixe Fresco Iberico;seafood;95,0;congelados
56;940;2033-01-28;1490,01;Mercado Central;2023-09-26;Casa Verde Horticolas;produce;78,0;bebidas
56;940;2025-11-11;3165,69;Mercado Central;2023-09-26;Casa Verde Horticolas;produce;134,0;fruta e legumes
62;60;2024-10-09;935,05;Mercado Central;2023-12-03;Casa Verde Horticolas;produce;186,0;bebidas
424;148;2025-09-22;4929,87;Atlantico Market;2025-08-18;Peixe Fresco Iberico;seafood;;peixaria
194;413;2033-05-27;2614,84;Mercado Central;2025-10-06;Bebidas Lusas;beverages;;peixaria
205;255;2030-11-12;589,89;FreshMart Gaia;2026-01-02;Higiene Plus;cleaning products;;padaria
92;210;2026-01-17;1458,31;Mercado Central;2024-11-30;Casa Verde Horticolas;produce;37,0;talho
92;688;2032-06-01;6349,8;Mercado Central;2024-11-30;Peixe Fresco Iberico;seafood;37,0;talho
255;390;2024-04-06;1132,83;SuperNorte;2024-01-22;Casa Verde Horticolas;produce;129,0;mercearia
476;39;2023-04-04;946,8;Mercado Central;2023-03-11;SnackHouse Distribuicao;snacks;;bebidas
117;69;2027-11-22;1680,78;SuperNorte;2025-08-17;SnackHouse Distribuicao;snacks;;laticinios
56;612;2025-01-27;1784,59;Mercado Central;2023-09-26;Frutaria Atlantica;produce;78,0;bebidas
56;612;2025-01-27;1641,48;Mercado Central;2023-09-26;Frutaria Atlantica;produce;134,0;fruta e legumes
142;217;2030-10-13;3054,57;Atlantico Market;2023-11-17;Carnes Selectas;meat;;padaria
262;54;2024-09-27;3600,5;Atlantico Market;2023-03-24;Congelados Norte;frozen goods;;fruta e legumes
315;864;2026-02-04;3186,08;SuperNorte;2025-10-02;Congelados Norte;frozen goods;;laticinios
398;607;2027-02-22;5612,77;Mercado Central;2026-02-14;Carnes Selectas;meat;;peixaria
240;17;2024-09-27;4199,33;BomPreco;2023-03-19;Carnes Selectas;meat;106,0;higiene
429;878;2023-10-30;6387,63;SuperNorte;2021-08-21;Peixe Fresco Iberico;seafood;;padaria
381;283;2025-02-11;2079,0;SuperNorte;2021-05-16;Bebidas Lusas;beverages;;padaria
162;29;2026-12-05;880,02;BomPreco;2024-11-21;SnackHouse Distribuicao;snacks;;peixaria
46;24;2023-11-06;5526,24;Atlantico Market;2023-02-06;Congelados Norte;frozen goods;;peixaria
387;144;2024-05-04;6067,97;SuperNorte;2022-10-15;Congelados Norte;frozen goods;66,0;mercearia
93;174;2023-10-07;3603,44;SuperNorte;2023-02-02;Congelados Norte;frozen goods;102,0;mercearia
484;401;2033-10-17;2176,9;Atlantico Market;2024-03-22;Lacteos do Vale;dairy;;laticinios
319;461;2026-09-03;1756,1;FreshMart Gaia;2025-11-02;Lacteos do Vale;dairy;;bebidas
329;349;2025-07-14;2703,44;Nova Compra;2023-01-15;SnackHouse Distribuicao;snacks;198,0;laticinios
240;19;2028-04-26;1505,88;BomPreco;2023-03-19;SnackHouse Distribuicao;snacks;106,0;higiene
308;355;2030-01-23;1098,52;Mercado Central;2022-07-13;Higiene Plus;cleaning products;;fruta e legumes
10;53;2033-04-10;5792,65;Atlantico Market;2024-07-05;Bebidas Lusas;beverages;;bebidas
322;188;2030-04-22;4588,1;Atlantico Market;2026-01-04;Peixe Fresco Iberico;seafood;34,0;higiene
115;283;2025-12-27;4023,83;FreshMart Gaia;2025-01-26;Bebidas Lusas;beverages;;laticinios
98;644;2024-12-26;2682,65;Mercado Central;2022-12-11;Congelados Norte;frozen goods;;bebidas
423;348;2025-06-25;8765,73;SuperNorte;2022-05-09;Peixe Fresco Iberico;seafood;14,0;congelados
423;348;2027-01-10;9381,51;SuperNorte;2022-05-09;Peixe Fresco Iberico;seafood;55,0;talho
393;152;2025-10-26;1035,9;SuperNorte;2025-10-05;Frutaria Atlantica;produce;;mercearia
223;653;2026-01-04;1957,5;FreshMart Gaia;2022-09-06;Bebidas Lusas;beverages;;padaria
297;126;2028-01-25;1138,65;SuperNorte;2022-11-01;Padaria Industrial;bakery supplies;;padaria
113;992;2023-02-24;3500,0;Nova Compra;2021-11-05;Frutaria Atlantica;produce;188,0;fruta e legumes
401;650;2032-05-01;2753,77;Nova Compra;2025-07-23;Casa Verde Horticolas;produce;;talho
6;544;2027-10-29;3908,15;BomPreco;2026-02-05;Congelados Norte;frozen goods;;bebidas
470;15;2028-07-15;936,15;Mercado Central;2022-09-27;Higiene Plus;cleaning products;84,0;mercearia
355;727;2034-01-20;3124,09;FreshMart Gaia;2025-09-12;Carnes Selectas;meat;60,0;bebidas
341;260;2030-01-14;2554,53;Nova Compra;2022-09-13;Casa Verde Horticolas;produce;;talho
299;204;2034-10-19;6513,41;Nova Compra;2025-02-06;Congelados Norte;frozen goods;;padaria
79;949;2033-07-29;1242,04;FreshMart Gaia;2023-10-18;SnackHouse Distribuicao;snacks;2,0;peixaria
79;949;2025-05-03;1476,61;FreshMart Gaia;2023-10-18;SnackHouse Distribuicao;snacks;67,0;padaria
140;880;2030-01-08;1889,51;Mercado Central;2022-07-22;Casa Verde Horticolas;produce;;laticinios
90;381;2024-11-09;4000,0;BomPreco;2023-09-21;Lacteos do Vale;dairy;9,0;laticinios
65;589;2027-07-29;1699,09;Nova Compra;2024-07-21;SnackHouse Distribuicao;snacks;;laticinios
14;191;2027-07-12;1382,7;Mercado Central;2022-12-20;Lacteos do Vale;dairy;12,0;mercearia
42;552;2024-11-04;1099,33;BomPreco;2022-11-03;Frutaria Atlantica;produce;;mercearia
126;343;2024-06-01;2488,56;BomPreco;2022-12-13;Bebidas Lusas;beverages;;congelados
257;140;2023-11-13;3267,4;Nova Compra;2021-04-16;Casa Verde Horticolas;produce;21,0;mercearia
257;140;2023-11-13;2330,54;Nova Compra;2021-04-16;Casa Verde Horticolas;produce;91,0;talho
189;744;2025-02-22;3680,85;SuperNorte;2024-04-27;Congelados Norte;frozen goods;;fruta e legumes
488;954;2022-09-11;1152,84;Mercado Central;2022-02-12;Congelados Norte;frozen goods;;talho
238;331;2028-08-27;1464,89;Atlantico Market;2023-01-21;Lacteos do Vale;dairy;;mercearia
235;12;2024-09-03;2159,71;FreshMart Gaia;2022-03-04;Frutaria Atlantica;produce;;talho
392;98;2024-04-19;7616,2;Mercado Central;2023-08-21;Peixe Fresco Iberico;seafood;;laticinios
161;148;2024-10-28;7586,41;Nova Compra;2021-02-26;Peixe Fresco Iberico;seafood;;bebidas
494;349;2029-02-05;899,86;Mercado Central;2024-11-22;SnackHouse Distribuicao;snacks;;bebidas
364;363;2025-06-13;4060,91;Atlantico Market;2021-12-06;Bebidas Lusas;beverages;;fruta e legumes
405;80;2025-03-11;1192,47;SuperNorte;2023-01-07;Casa Verde Horticolas;produce;22,0;padaria
270;993;2022-09-05;3753,19;BomPreco;2022-05-19;Bebidas Lusas;beverages;190,0;talho
314;591;2026-01-26;1521,92;Mercado Central;2024-07-14;Lacteos do Vale;dairy;;talho
230;264;2032-02-23;6960,9;Mercado Central;2025-02-06;Congelados Norte;frozen goods;;congelados
335;233;2033-04-23;4364,95;Nova Compra;2024-12-25;Bebidas Lusas;beverages;139,0;padaria
389;216;2025-09-16;937,58;Nova Compra;2023-02-14;Padaria Industrial;bakery supplies;;talho
343;693;2022-10-10;6979,14;FreshMart Gaia;2021-12-03;Bebidas Lusas;beverages;146,0;peixaria
324;926;2028-02-11;845,67;BomPreco;2023-12-10;Padaria Industrial;bakery supplies;;bebidas
140;208;2023-12-17;3438,44;Mercado Central;2022-07-22;Peixe Fresco Iberico;seafood;;congelados
328;799;2025-05-15;2653,6;Atlantico Market;2024-05-28;SnackHouse Distribuicao;snacks;;peixaria
411;660;2023-08-10;2072,34;SuperNorte;2023-06-02;Casa Verde Horticolas;produce;;fruta e legumes
323;354;2024-02-18;3725,53;Nova Compra;2021-06-14;Congelados Norte;frozen goods;82,0;talho
277;437;2031-02-18;4041,89;FreshMart Gaia;2026-02-03;Carnes Selectas;meat;;padaria
343;388;2023-05-13;8179,69;FreshMart Gaia;2021-12-03;Peixe Fresco Iberico;seafood;146,0;peixaria
79;456;2024-05-27;1442,15;FreshMart Gaia;2023-10-18;Padaria Industrial;bakery supplies;2,0;peixaria
79;456;2025-04-07;708,2;FreshMart Gaia;2023-10-18;Padaria Industrial;bakery supplies;67,0;padaria
25;857;2026-02-04;6964,33;FreshMart Gaia;2024-05-31;Carnes Selectas;meat;;higiene
492;316;2033-03-20;1119,38;BomPreco;2023-12-08;Padaria Industrial;bakery supplies;;congelados
400;905;2025-01-10;946,69;Atlantico Market;2021-10-07;Higiene Plus;cleaning products;;talho
359;802;2022-05-03;1853,21;Nova Compra;2021-05-09;Frutaria Atlantica;produce;;congelados
109;475;2021-11-06;1075,15;FreshMart Gaia;2021-02-19;Higiene Plus;cleaning products;;congelados
490;635;2026-08-11;2402,73;Atlantico Market;2023-10-13;Higiene Plus;cleaning products;;higiene
402;707;2025-09-04;4032,5;BomPreco;2023-09-28;Carnes Selectas;meat;;bebidas
480;386;2024-01-28;1800,0;BomPreco;2022-01-15;Padaria Industrial;bakery supplies;;padaria
351;835;2030-12-04;1458,76;SuperNorte;2021-03-14;Higiene Plus;cleaning products;;bebidas
421;224;2025-07-28;1960,37;FreshMart Gaia;2023-11-12;Congelados Norte;frozen goods;;fruta e legumes
145;966;2033-03-06;376,1;FreshMart Gaia;2023-11-02;Padaria Industrial;bakery supplies;131,0;congelados
145;966;2030-01-13;910,4;FreshMart Gaia;2023-11-02;Padaria Industrial;bakery supplies;177,0;bebidas
53;948;2025-05-27;11845,33;Nova Compra;2022-04-27;Peixe Fresco Iberico;seafood;;padaria
384;213;2032-11-01;6524,31;BomPreco;2024-10-07;Bebidas Lusas;beverages;;fruta e legumes
478;628;2032-05-12;7005,13;Atlantico Market;2025-11-21;Peixe Fresco Iberico;seafood;;peixaria
44;138;2034-07-13;4665,16;Mercado Central;2024-10-03;Peixe Fresco Iberico;seafood;56,0;peixaria
254;871;2024-01-12;1781,91;Mercado Central;2022-08-29;Lacteos do Vale;dairy;90,0;laticinios
338;601;2027-10-01;2360,27;Mercado Central;2023-02-16;Lacteos do Vale;dairy;;mercearia
483;820;2030-12-27;3017,64;SuperNorte;2025-01-22;Casa Verde Horticolas;produce;;talho
97;921;2024-10-25;2777,66;FreshMart Gaia;2023-11-01;Lacteos do Vale;dairy;;mercearia
417;39;2025-04-08;2551,05;SuperNorte;2023-07-19;SnackHouse Distribuicao;snacks;;talho
116;160;2022-11-13;2471,53;Mercado Central;2022-10-19;Casa Verde Horticolas;produce;;higiene
368;372;2023-08-17;2822,67;Mercado Central;2022-05-09;Frutaria Atlantica;produce;;higiene
462;78;2024-08-16;2349,64;BomPreco;2022-01-14;Peixe Fresco Iberico;seafood;38,0;peixaria
366;823;2022-08-29;2509,55;BomPreco;2021-10-13;Bebidas Lusas;beverages;;padaria
138;325;2023-07-17;836,35;BomPreco;2023-01-31;Higiene Plus;cleaning products;58,0;padaria
255;578;2029-01-22;3788,11;SuperNorte;2024-01-22;Peixe Fresco Iberico;seafood;129,0;mercearia
163;166;2026-02-06;1002,51;FreshMart Gaia;2021-05-29;Padaria Industrial;bakery supplies;;peixaria
467;204;2023-12-05;2241,93;Nova Compra;2023-05-01;Congelados Norte;frozen goods;71,0;fruta e legumes
349;621;2031-12-04;1406,03;FreshMart Gaia;2023-10-31;Lacteos do Vale;dairy;;peixaria
332;592;2030-05-08;1769,63;Mercado Central;2024-11-20;Frutaria Atlantica;produce;;padaria
410;526;2029-08-24;485,96;Mercado Central;2025-10-07;Padaria Industrial;bakery supplies;;peixaria
1;131;2029-01-20;1727,53;FreshMart Gaia;2023-11-13;Lacteos do Vale;dairy;;peixaria
190;564;2033-08-15;5732,17;Atlantico Market;2025-05-26;Congelados Norte;frozen goods;;congelados
388;362;2024-11-11;1065,82;Atlantico Market;2022-12-28;Frutaria Atlantica;produce;;fruta e legumes
211;580;2025-02-15;2647,25;FreshMart Gaia;2024-02-14;Casa Verde Horticolas;produce;103,0;padaria
177;452;2024-09-22;1287,12;SuperNorte;2023-05-04;Frutaria Atlantica;produce;;congelados
139;755;2024-02-19;1553,79;FreshMart Gaia;2023-09-26;Higiene Plus;cleaning products;148,0;padaria
105;915;2022-04-11;835,82;SuperNorte;2022-01-11;Higiene Plus;cleaning products;;laticinios
417;547;2024-04-19;6622,09;SuperNorte;2023-07-19;Carnes Selectas;meat;;congelados
339;210;2024-12-30;1613,77;SuperNorte;2022-10-13;Casa Verde Horticolas;produce;155,0;peixaria
83;130;2027-06-10;2281,82;Nova Compra;2025-01-15;Casa Verde Horticolas;produce;157,0;padaria
83;130;2029-03-10;1447,51;Nova Compra;2025-01-15;Casa Verde Horticolas;produce;182,0;peixaria
172;517;2028-03-12;6935,32;Atlantico Market;2025-06-28;Carnes Selectas;meat;;peixaria
317;804;2023-07-08;6294,77;Nova Compra;2022-01-06;Congelados Norte;frozen goods;16,0;higiene
111;827;2024-12-29;5698,91;SuperNorte;2021-08-21;Carnes Selectas;meat;;peixaria
496;115;2033-03-28;1108,11;Atlantico Market;2025-03-17;Higiene Plus;cleaning products;;bebidas
186;982;2024-07-18;1665,33;BomPreco;2021-08-09;Frutaria Atlantica;produce;;laticinios
414;139;2028-05-31;934,13;BomPreco;2025-05-11;SnackHouse Distribuicao;snacks;;peixaria
57;512;2027-03-10;2026,88;SuperNorte;2024-02-07;Frutaria Atlantica;produce;;talho
2;664;2026-11-15;5691,36;Mercado Central;2022-09-10;Congelados Norte;frozen goods;167,0;congelados
303;854;2025-10-11;8000,0;SuperNorte;2025-02-15;Congelados Norte;frozen goods;;congelados
491;701;2031-04-13;3873,69;Nova Compra;2024-07-19;Lacteos do Vale;dairy;;peixaria
17;907;2022-05-16;3478,51;Nova Compra;2021-06-10;Carnes Selectas;meat;;bebidas
461;781;2025-09-01;2365,33;Nova Compra;2025-03-18;Lacteos do Vale;dairy;;laticinios
378;327;2025-08-22;5086,32;BomPreco;2021-04-27;Carnes Selectas;meat;137,0;peixaria
391;842;2026-01-25;3200,43;FreshMart Gaia;2024-03-07;Frutaria Atlantica;produce;;fruta e legumes
431;549;2025-07-22;1199,19;Nova Compra;2024-03-23;SnackHouse Distribuicao;snacks;194,0;congelados
466;513;2023-04-06;5567,2;Atlantico Market;2022-02-26;Bebidas Lusas;beverages;99,0;laticinios
225;80;2034-01-03;1186,52;SuperNorte;2025-06-18;Casa Verde Horticolas;produce;97,0;higiene
281;614;2027-07-06;4099,74;Nova Compra;2024-07-19;Congelados Norte;frozen goods;;peixaria
34;250;2025-01-22;1242,54;Atlantico Market;2021-09-25;Casa Verde Horticolas;produce;;laticinios
33;911;2032-01-28;887,98;SuperNorte;2024-06-15;Lacteos do Vale;dairy;;talho
477;812;2024-06-22;1231,46;SuperNorte;2022-01-25;Frutaria Atlantica;produce;;higiene
77;193;2023-11-24;3339,68;Nova Compra;2023-01-26;Bebidas Lusas;beverages;;talho
263;285;2023-02-23;2500,0;Nova Compra;2022-05-13;Higiene Plus;cleaning products;47,0;peixaria
377;13;2025-12-16;2298,94;Nova Compra;2023-06-29;Bebidas Lusas;beverages;;fruta e legumes
397;700;2028-08-24;1408,62;FreshMart Gaia;2023-10-31;Casa Verde Horticolas;produce;32,0;congelados
395;841;2025-07-07;1124,47;Nova Compra;2023-10-24;Lacteos do Vale;dairy;;fruta e legumes
471;640;2029-05-18;3111,36;SuperNorte;2024-09-26;Casa Verde Horticolas;produce;119,0;peixaria
269;970;2029-05-01;1503,77;Nova Compra;2023-10-19;Casa Verde Horticolas;produce;;bebidas
292;322;2025-11-13;1588,71;Atlantico Market;2023-07-16;Frutaria Atlantica;produce;17,0;fruta e legumes
279;418;2026-05-26;5558,46;SuperNorte;2022-10-07;Peixe Fresco Iberico;seafood;;padaria
174;727;2025-05-17;2244,86;BomPreco;2021-10-25;Carnes Selectas;meat;52,0;higiene
174;727;2025-05-17;2791,07;BomPreco;2021-10-25;Carnes Selectas;meat;163,0;talho
166;353;2029-11-21;2443,55;Atlantico Market;2024-12-15;Bebidas Lusas;beverages;192,0;mercearia
282;122;2024-04-17;2440,96;BomPreco;2022-10-01;Frutaria Atlantica;produce;31,0;padaria
282;122;2024-04-17;600,81;BomPreco;2022-10-01;Frutaria Atlantica;produce;142,0;higiene
18;758;2029-12-21;8292,82;BomPreco;2025-02-11;Peixe Fresco Iberico;seafood;;fruta e legumes
136;764;2023-09-29;5017,89;Atlantico Market;2021-09-27;Congelados Norte;frozen goods;;laticinios
96;805;2025-08-13;607,6;BomPreco;2023-11-03;Higiene Plus;cleaning products;;congelados
305;227;2024-10-24;4682,17;Nova Compra;2023-08-27;Carnes Selectas;meat;;talho
168;283;2024-12-05;6331,22;BomPreco;2024-01-25;Bebidas Lusas;beverages;;padaria
277;190;2029-09-12;1142,77;FreshMart Gaia;2026-02-03;Casa Verde Horticolas;produce;;padaria
228;686;2033-01-28;780,06;BomPreco;2025-05-03;Padaria Industrial;bakery supplies;44,0;fruta e legumes
78;837;2024-06-30;10000,0;BomPreco;2022-12-29;Carnes Selectas;meat;46,0;talho
329;3;2031-09-02;4342,32;Nova Compra;2023-01-15;Bebidas Lusas;beverages;198,0;laticinios
225;121;2030-09-04;1914,34;SuperNorte;2025-06-18;Lacteos do Vale;dairy;97,0;higiene
445;346;2034-07-08;806,8;FreshMart Gaia;2025-09-12;Padaria Industrial;bakery supplies;;padaria
324;646;2024-04-13;1182,79;BomPreco;2023-12-10;Padaria Industrial;bakery supplies;;congelados
168;459;2032-02-18;2245,63;BomPreco;2024-01-25;SnackHouse Distribuicao;snacks;;laticinios
299;252;2029-02-06;701,24;Nova Compra;2025-02-06;Frutaria Atlantica;produce;;bebidas
184;849;2034-08-27;603,81;Atlantico Market;2024-11-20;SnackHouse Distribuicao;snacks;118,0;talho
402;405;2025-01-31;877,51;BomPreco;2023-09-28;Higiene Plus;cleaning products;;higiene
16;496;2031-06-27;933,11;Atlantico Market;2024-01-08;Padaria Industrial;bakery supplies;5,0;congelados
371;9;2027-05-18;1707,08;Nova Compra;2022-09-12;SnackHouse Distribuicao;snacks;;talho
146;961;2024-11-12;998,91;Mercado Central;2022-01-30;Lacteos do Vale;dairy;;talho
119;745;2026-08-24;1253,95;Nova Compra;2024-10-31;Higiene Plus;cleaning products;;mercearia
469;926;2025-09-28;968,19;FreshMart Gaia;2023-05-24;Padaria Industrial;bakery supplies;126,0;laticinios
320;926;2025-11-08;682,2;Mercado Central;2024-03-23;Padaria Industrial;bakery supplies;;congelados
100;277;2030-05-01;4245,58;Atlantico Market;2025-03-23;Carnes Selectas;meat;;congelados
376;677;2034-11-29;3894,14;Atlantico Market;2025-07-22;Carnes Selectas;meat;;higiene
198;762;2026-11-10;2279,88;BomPreco;2025-11-21;Frutaria Atlantica;produce;;padaria
1;966;2031-11-15;1003,1;FreshMart Gaia;2023-11-13;Padaria Industrial;bakery supplies;;laticinios
455;452;2024-07-05;1106,45;Nova Compra;2024-05-14;Frutaria Atlantica;produce;;congelados
187;41;2024-03-12;3304,35;FreshMart Gaia;2023-07-04;Lacteos do Vale;dairy;;peixaria
167;729;2029-03-11;891,81;Nova Compra;2024-08-25;SnackHouse Distribuicao;snacks;;higiene
318;734;2023-08-01;1989,35;BomPreco;2021-03-16;Congelados Norte;frozen goods;88,0;higiene
100;988;2027-06-18;5821,07;Atlantico Market;2025-03-23;Peixe Fresco Iberico;seafood;;laticinios
469;821;2024-05-29;1921,04;FreshMart Gaia;2023-05-24;Lacteos do Vale;dairy;126,0;laticinios
214;19;2023-11-24;1704,94;Atlantico Market;2023-09-17;SnackHouse Distribuicao;snacks;87,0;bebidas
92;503;2029-11-28;2203,75;Mercado Central;2024-11-30;Bebidas Lusas;beverages;37,0;talho
122;730;2024-12-06;2765,09;Mercado Central;2022-11-09;Casa Verde Horticolas;produce;30,0;mercearia
188;545;2027-04-01;2500,0;Mercado Central;2025-01-21;Higiene Plus;cleaning products;;laticinios
145;223;2032-01-23;3713,65;FreshMart Gaia;2023-11-02;Bebidas Lusas;beverages;131,0;congelados
145;223;2033-01-17;4323,05;FreshMart Gaia;2023-11-02;Bebidas Lusas;beverages;177,0;bebidas
277;556;2032-10-31;386,04;FreshMart Gaia;2026-02-03;Padaria Industrial;bakery supplies;;padaria
402;130;2027-10-01;1521,18;BomPreco;2023-09-28;Casa Verde Horticolas;produce;;talho
477;879;2022-08-11;1206,32;SuperNorte;2022-01-25;SnackHouse Distribuicao;snacks;;laticinios
22;250;2028-12-17;1257,39;Atlantico Market;2026-02-12;Casa Verde Horticolas;produce;;mercearia
245;287;2025-04-30;4016,95;Nova Compra;2024-07-08;Carnes Selectas;meat;;laticinios
31;266;2024-02-15;778,04;FreshMart Gaia;2023-08-26;Padaria Industrial;bakery supplies;;fruta e legumes
371;117;2022-12-22;2805,77;Nova Compra;2022-09-12;Carnes Selectas;meat;;fruta e legumes
386;140;2026-08-15;1485,74;Mercado Central;2024-08-11;Casa Verde Horticolas;produce;;peixaria
171;726;2027-08-05;625,78;SuperNorte;2025-12-02;Padaria Industrial;bakery supplies;13,0;padaria
368;882;2023-08-08;2637,77;Mercado Central;2022-05-09;Frutaria Atlantica;produce;;congelados
106;858;2025-02-02;7541,72;Atlantico Market;2024-07-22;Peixe Fresco Iberico;seafood;;bebidas
179;676;2028-12-23;1160,98;Nova Compra;2024-10-24;Padaria Industrial;bakery supplies;;padaria
55;137;2025-10-18;8380,88;FreshMart Gaia;2025-06-03;Carnes Selectas;meat;;congelados
448;631;2027-04-29;1482,37;Atlantico Market;2025-02-18;Lacteos do Vale;dairy;;padaria
23;37;2024-07-29;6097,04;Nova Compra;2023-11-14;Carnes Selectas;meat;;congelados
119;625;2028-03-24;2225,66;Nova Compra;2024-10-31;Higiene Plus;cleaning products;;padaria
307;275;2025-01-07;918,68;FreshMart Gaia;2022-08-19;Higiene Plus;cleaning products;197,0;fruta e legumes
18;183;2031-07-05;1504,75;BomPreco;2025-02-11;Bebidas Lusas;beverages;;bebidas
182;270;2021-11-24;1355,78;Mercado Central;2021-08-07;Casa Verde Horticolas;produce;85,0;padaria
439;289;2028-03-11;2537,58;FreshMart Gaia;2026-01-08;SnackHouse Distribuicao;snacks;;laticinios
70;235;2023-01-10;895,45;Atlantico Market;2021-12-25;Higiene Plus;cleaning products;;talho
74;337;2030-02-18;4380,24;Mercado Central;2025-11-11;Carnes Selectas;meat;3,0;mercearia
358;945;2025-04-14;968,11;Atlantico Market;2024-06-13;Higiene Plus;cleaning products;;bebidas
251;51;2033-01-12;1973,5;Nova Compra;2023-03-21;Lacteos do Vale;dairy;;padaria
398;18;2026-12-23;4055,1;Mercado Central;2026-02-14;Peixe Fresco Iberico;seafood;;padaria
210;397;2025-04-03;2770,4;BomPreco;2023-03-24;Carnes Selectas;meat;;congelados
364;641;2023-06-09;1763,12;Atlantico Market;2021-12-06;Lacteos do Vale;dairy;;higiene
15;805;2032-06-02;1217,46;SuperNorte;2024-07-30;Higiene Plus;cleaning products;;talho
218;886;2026-02-11;1652,71;Mercado Central;2025-07-13;Padaria Industrial;bakery supplies;;congelados
382;542;2028-06-16;1905,99;Atlantico Market;2023-09-03;Frutaria Atlantica;produce;;mercearia
107;229;2026-06-27;973,85;Nova Compra;2025-07-14;SnackHouse Distribuicao;snacks;141,0;bebidas
107;229;2027-08-07;1187,11;Nova Compra;2025-07-14;SnackHouse Distribuicao;snacks;158,0;congelados
267;913;2027-05-07;5169,77;SuperNorte;2025-12-26;Bebidas Lusas;beverages;;peixaria
186;321;2026-04-03;1776,69;BomPreco;2021-08-09;Lacteos do Vale;dairy;;mercearia
106;160;2024-12-30;1131,21;Atlantico Market;2024-07-22;Casa Verde Horticolas;produce;;talho
165;920;2024-08-16;1919,82;SuperNorte;2024-06-21;Casa Verde Horticolas;produce;;mercearia
152;367;2025-01-07;3784,63;Mercado Central;2023-11-30;Carnes Selectas;meat;;fruta e legumes
495;625;2025-12-30;1705,09;SuperNorte;2022-10-02;Higiene Plus;cleaning products;110,0;peixaria
495;261;2023-11-17;2531,48;SuperNorte;2022-10-02;Lacteos do Vale;dairy;110,0;peixaria
345;666;2025-11-23;596,71;SuperNorte;2025-10-09;Padaria Industrial;bakery supplies;;fruta e legumes
465;559;2029-07-24;3000,0;SuperNorte;2024-12-20;SnackHouse Distribuicao;snacks;;mercearia
298;706;2032-03-07;946,18;Atlantico Market;2023-03-05;Padaria Industrial;bakery supplies;;padaria
379;995;2025-02-16;414,68;FreshMart Gaia;2024-02-27;Higiene Plus;cleaning products;;higiene
125;797;2033-01-08;6408,65;Nova Compra;2024-01-05;Carnes Selectas;meat;;fruta e legumes
286;277;2029-02-18;1677,28;Atlantico Market;2026-01-18;Carnes Selectas;meat;;talho
387;981;2022-11-30;3432,85;SuperNorte;2022-10-15;Lacteos do Vale;dairy;66,0;mercearia
296;329;2028-10-24;1692,92;Mercado Central;2024-07-23;SnackHouse Distribuicao;snacks;;bebidas
262;469;2028-01-13;1544,95;Atlantico Market;2023-03-24;SnackHouse Distribuicao;snacks;;congelados
201;946;2024-10-06;962,62;SuperNorte;2024-04-10;Padaria Industrial;bakery supplies;;talho
73;160;2030-02-07;2318,62;FreshMart Gaia;2025-01-05;Casa Verde Horticolas;produce;61,0;higiene
75;369;2025-12-26;1279,48;SuperNorte;2024-05-04;SnackHouse Distribuicao;snacks;65,0;peixaria
75;369;2025-12-26;1581,03;SuperNorte;2024-05-04;SnackHouse Distribuicao;snacks;170,0;fruta e legumes
252;185;2031-08-18;1395,81;BomPreco;2022-11-20;Higiene Plus;cleaning products;;mercearia
258;154;2032-08-02;1131,94;BomPreco;2025-02-11;Congelados Norte;frozen goods;73,0;talho
258;154;2032-06-26;5407,58;BomPreco;2025-02-11;Congelados Norte;frozen goods;100,0;talho
427;320;2025-12-03;2510,12;FreshMart Gaia;2023-12-18;Casa Verde Horticolas;produce;;padaria
12;756;2026-07-28;1179,8;BomPreco;2024-07-15;Padaria Industrial;bakery supplies;;laticinios
249;596;2024-06-23;1142,85;SuperNorte;2023-09-28;Padaria Industrial;bakery supplies;27,0;laticinios
